phi_index,phi,phi_over_pi,policy,T,T0,T1,v_fit_A,v_fit_B,v_fit_ABB,deltaP_late_mean_ABB,w_loc3_ABB,w_loc5_ABB,P0bar_ABB,stable_A,stable_B,stable_ABB,strict_raw,drift_raw,strict_stage3,drift_stage3,pp_primary,pp_sensitivity,mismatch_sign,mismatch_eligible,adv_v
0,0.0,0.0,fixed,3000,200,250,-0.04635783523087624,-0.18037715602373092,-0.012840312719249392,0.09088133226039935,0.007205630292800644,0.012620335480132056,0.0009053751431800202,1,1,1,1,0,1,0,0,0,1,1,0.033517522511626846
0,0.0,0.0,fixed,6000,200,250,-0.04635783317913311,-0.1803771533572578,-0.012840341810348785,0.09088215287733523,0.004007821509930896,0.006924332346414139,0.0005126944408197264,1,1,1,1,0,1,0,0,0,1,1,0.033517491368784326
0,0.0,0.0,scaled,3000,2000,2500,-0.04635783412496846,-0.18037717500971057,-0.012840359252289381,0.09097536544859865,0.0018046118851919508,0.002838669196361387,0.00025883957392028247,1,1,1,1,0,1,0,0,0,1,1,0.03351747487267908
0,0.0,0.0,scaled,6000,4000,5000,-0.04635783069873984,-0.1803771533384841,-0.012840249443365457,0.09086775145479599,0.0008967118069314895,0.0014091503562677547,0.00012819437934402314,1,1,1,1,0,1,0,0,0,1,1,0.03351758125537438
1,0.08726646259971647,0.027777777777777776,fixed,3000,200,250,-0.0463879223703123,-0.17641264089537842,-0.0031795679282871645,0.08047081522093513,0.21301154725490629,0.2513229171462178,0.04893337150226873,1,1,1,1,0,1,0,0,0,0,0,0.043208354442025136
1,0.08726646259971647,0.027777777777777776,fixed,6000,200,250,-0.046387601775218834,-0.1764109928499091,-0.003179583801626348,0.08062809164122692,0.21291601710833866,0.2509576258973237,0.04895114186789245,1,1,1,1,0,1,0,0,0,0,0,0.043208017973592486
1,0.08726646259971647,0.027777777777777776,scaled,3000,2000,2500,-0.0463870437628191,-0.1764095515855105,-0.0031800869434366746,0.08078843508690213,0.2129429848262335,0.2507476304922718,0.049048826664039875,1,1,1,1,0,1,0,0,0,0,0,0.04320695681938243
1,0.08726646259971647,0.027777777777777776,scaled,6000,4000,5000,-0.046387751397527224,-0.17641043399861886,-0.0031792545675955143,0.08076699811611225,0.21279330136026625,0.2505824237957337,0.04898807450967537,1,1,1,1,0,1,0,0,0,0,0,0.04320849682993171
2,0.17453292519943295,0.05555555555555555,fixed,3000,200,250,-0.046532421736055755,-0.1688904971986006,0.00648757039963881,0.0896728187762248,0.42574398530328994,0.4530434462638052,0.12067986989782208,1,1,1,1,1,1,0,0,0,0,0,0.05301999213569457
2,0.17453292519943295,0.05555555555555555,fixed,6000,200,250,-0.046532189554044937,-0.1688906600570601,0.006487902647645388,0.08968736259419649,0.4258092061253995,0.4530855523325796,0.12067390471300388,1,1,1,1,1,1,0,0,0,0,0,0.05302009220169032
2,0.17453292519943295,0.05555555555555555,scaled,3000,2000,2500,-0.046531944919670123,-0.16889083791183276,0.006488012607195666,0.08978396489225554,0.42587493629167983,0.45313425969474075,0.12079500223405183,1,1,1,1,1,1,0,0,0,0,0,0.05301995752686579
2,0.17453292519943295,0.05555555555555555,scaled,6000,4000,5000,-0.046532128788260255,-0.16889068988963418,0.006488305966236846,0.0896903309790933,0.42586827492810553,0.4531233037144288,0.12073808750532147,1,1,1,1,1,1,0,0,0,0,0,0.0530204347544971
3,0.2617993877991494,0.08333333333333333,fixed,3000,200,250,-0.04682222043622114,-0.15991861874833105,0.017158523380040445,0.1162893948411169,0.5227610796644874,0.5397198257588276,0.16179054824613076,1,1,1,1,1,1,1,0,0,0,1,0.06398074381626159
3,0.2617993877991494,0.08333333333333333,fixed,6000,200,250,-0.04682229457998494,-0.15991868408524193,0.01715901915464387,0.11621680893331293,0.5227371757350646,0.5396850078610925,0.16175484853343985,1,1,1,1,1,1,1,0,0,0,1,0.06398131373462881
3,0.2617993877991494,0.08333333333333333,scaled,3000,2000,2500,-0.046822320227545004,-0.15991877651813122,0.017159414228588042,0.11623747459138714,0.5227063099894907,0.5396503759212503,0.16188318914768057,1,1,1,1,1,1,1,0,0,0,1,0.06398173445613305
3,0.2617993877991494,0.08333333333333333,scaled,6000,4000,5000,-0.04682231761407782,-0.15991870244106082,0.017159411770084534,0.11613676842883872,0.522714003541387,0.5396512731514588,0.1618159941056166,1,1,1,1,1,1,1,0,0,0,1,0.06398172938416236
4,0.3490658503988659,0.1111111111111111,fixed,3000,200,250,-0.047254216879539256,-0.14982874805319502,0.02855685843287443,0.14430394668742794,0.5704366258172727,0.582358957498307,0.18448409026146562,1,1,1,1,1,1,1,0,0,0,1,0.07581107531241368
4,0.3490658503988659,0.1111111111111111,fixed,6000,200,250,-0.047254187572162085,-0.14982874496660317,0.028556783273044884,0.1443612635127803,0.5703644664957537,0.582262512306334,0.18443780760420264,1,1,1,1,1,1,1,0,0,0,1,0.07581097084520697
4,0.3490658503988659,0.1111111111111111,scaled,3000,2000,2500,-0.04725418819289692,-0.14982876338748963,0.028556988866817866,0.14454917415434068,0.5702852773656394,0.5821721946664685,0.1845761985899378,1,1,1,1,1,1,1,0,0,0,1,0.0758111770597148
4,0.3490658503988659,0.1111111111111111,scaled,6000,4000,5000,-0.04725417790253343,-0.14982873379056516,0.02855693677565947,0.14440780820570145,0.5702963208692043,0.5821711896275846,0.1845032555773618,1,1,1,1,1,1,1,0,0,0,1,0.0758111146781929
5,0.4363323129985824,0.1388888888888889,fixed,3000,200,250,-0.04781049324207856,-0.1386160874367601,0.04054249041337333,0.1700610310047872,0.5977497993423387,0.6076094609645745,0.19741223981720596,1,1,1,1,1,1,1,0,0,0,1,0.08835298365545188
5,0.4363323129985824,0.1388888888888889,fixed,6000,200,250,-0.04781049424923806,-0.13861606319612887,0.04054668247184209,0.1701490013290667,0.5978023394559171,0.6076586879969088,0.19738766932379073,1,1,1,1,1,1,1,0,0,0,1,0.08835717672108015
5,0.4363323129985824,0.1388888888888889,scaled,3000,2000,2500,-0.04781048463631741,-0.13861606136025142,0.040548868541063564,0.16999523990953175,0.597824375399152,0.6077487999046801,0.19752451584011693,1,1,1,1,1,1,1,0,0,0,1,0.08835935317738097
5,0.4363323129985824,0.1388888888888889,scaled,6000,4000,5000,-0.04781049367760821,-0.13861604650873402,0.0405468672470986,0.16994105740944362,0.5978143813097436,0.607674912276958,0.1974653351595926,1,1,1,1,1,1,1,0,0,0,1,0.08835736092470681
6,0.5235987755982988,0.16666666666666666,fixed,3000,200,250,-0.04847002822154658,-0.12620143820786278,0.05339503789748255,0.2042196852473555,0.6107446143203586,0.6189137254794035,0.20393120801185638,1,1,1,1,1,1,1,0,0,0,1,0.10186506611902912
6,0.5235987755982988,0.16666666666666666,fixed,6000,200,250,-0.04847001307678335,-0.12620140070482028,0.05339534014722243,0.2042191329256586,0.6107451803560223,0.6189123105222144,0.20389287749877885,1,1,1,1,1,1,1,0,0,0,1,0.10186535322400578
6,0.5235987755982988,0.16666666666666666,scaled,3000,2000,2500,-0.04847001046622554,-0.12620140279375325,0.053389536782915484,0.20432099147035512,0.6107445532767332,0.6189104834849329,0.2040643385417591,1,1,1,1,1,1,1,0,0,0,1,0.10185954724914102
6,0.5235987755982988,0.16666666666666666,scaled,6000,4000,5000,-0.04847000691189318,-0.12620137593863417,0.05339406211253289,0.20419870978662713,0.6107476520605392,0.6189112595453977,0.2039796640709535,1,1,1,1,1,1,1,0,0,0,1,0.10186406902442607
7,0.6108652381980153,0.19444444444444445,fixed,3000,200,250,-0.04921151158372459,-0.11246726339742884,0.06637299789221482,0.24022483094143954,0.6135290363059075,0.620587709046146,0.20564942431378277,1,1,1,1,1,1,1,0,0,0,1,0.1155845094759394
7,0.6108652381980153,0.19444444444444445,fixed,6000,200,250,-0.04921151052390125,-0.11246719191544653,0.06637268956747978,0.24014498111189972,0.613533415859518,0.6205862106296729,0.2056136107698075,1,1,1,1,1,1,1,0,0,0,1,0.11558420009138104
7,0.6108652381980153,0.19444444444444445,scaled,3000,2000,2500,-0.04921150821162462,-0.11246716341990022,0.06637547216741439,0.24040985622366873,0.6135298756007204,0.620584052759365,0.20578300006559852,1,1,1,1,1,1,1,0,0,0,1,0.11558698037903901
7,0.6108652381980153,0.19444444444444445,scaled,6000,4000,5000,-0.04921150909388774,-0.11246715428590427,0.0663729764071574,0.24001094372187295,0.6135353671793946,0.6205839113430052,0.20570269115212383,1,1,1,1,1,1,1,0,0,0,1,0.11558448550104514
8,0.6981317007977318,0.2222222222222222,fixed,3000,200,250,-0.05001554108381979,-0.09723005770541533,0.07897304610978759,0.27574791998434195,0.6100663641144859,0.6165359701724934,0.2038360595649788,1,1,1,1,1,1,1,0,0,0,1,0.12898858719360737
8,0.6981317007977318,0.2222222222222222,fixed,6000,200,250,-0.050015527464823,-0.09722991482811683,0.07897320194703185,0.275706116127929,0.6100696298331058,0.6165347774561944,0.20379952928068798,1,1,1,1,1,1,1,0,0,0,1,0.12898872941185485
8,0.6981317007977318,0.2222222222222222,scaled,3000,2000,2500,-0.05001552442675648,-0.09722991481661943,0.07897476657692899,0.2757091471523429,0.6100607254559866,0.6165315565583886,0.20396878677146274,1,1,1,1,1,1,1,0,0,0,1,0.12899029100368548
8,0.6981317007977318,0.2222222222222222,scaled,6000,4000,5000,-0.05001552192362982,-0.09722984108189962,0.07897330471384825,0.2757269957224403,0.6100718771741626,0.6165335059444708,0.20388825131450045,1,1,1,1,1,1,1,0,0,0,1,0.12898882663747807
9,0.7853981633974483,0.25,fixed,3000,200,250,-0.050864841623991026,-0.0801190588471762,0.09084561576370355,0.30990806922076497,0.6017622954931595,0.6079654275442549,0.19925190942399054,1,1,1,1,1,1,1,0,0,0,1,0.14171045738769458
9,0.7853981633974483,0.25,fixed,6000,200,250,-0.05086483325077909,-0.08011936212414417,0.0908455026216388,0.30985871954797206,0.6017624795964276,0.6079636963083412,0.1992160542741541,1,1,1,1,1,1,1,0,0,0,1,0.14171033587241788
9,0.7853981633974483,0.25,scaled,3000,2000,2500,-0.05086483067774384,-0.08011936135972463,0.0908469919335144,0.3100213767109429,0.6017554431457381,0.6079612610468023,0.1993783657770025,1,1,1,1,1,1,1,0,0,0,1,0.14171182261125825
9,0.7853981633974483,0.25,scaled,6000,4000,5000,-0.05086482941093401,-0.08011960198786572,0.09084562088429139,0.3097881018123541,0.6017634135074754,0.6079619893688655,0.19930747207518126,1,1,1,1,1,1,1,0,0,0,1,0.1417104502952254
10,0.8726646259971648,0.2777777777777778,fixed,3000,200,250,-0.051744457414853604,-0.06197189524007218,0.1017512510773552,0.34235604686814813,0.5893535393498047,0.5955177241976417,0.19247241541262627,1,1,1,1,1,1,1,0,0,0,1,0.1534957084922088
10,0.8726646259971648,0.2777777777777778,fixed,6000,200,250,-0.05174445089659842,-0.061972266776078366,0.10175156951875136,0.3423714753660939,0.5893533387496959,0.5955160552667457,0.19243502930910483,1,1,1,1,1,1,1,0,0,0,1,0.15349602041534977
10,0.8726646259971648,0.2777777777777778,scaled,3000,2000,2500,-0.051744448625402666,-0.061968882938093196,0.10175136723340256,0.34227252974865535,0.5893479851134281,0.5955136360822264,0.1926049757347379,1,1,1,1,1,1,1,0,0,0,1,0.15349581585880523
10,0.8726646259971648,0.2777777777777778,scaled,6000,4000,5000,-0.05174444753432546,-0.06197472204305612,0.10175214545878933,0.34230524957588915,0.589353139672466,0.5955142474700185,0.1925247441480878,1,1,1,1,1,1,1,0,0,0,1,0.1534965929931148
11,0.9599310885968813,0.3055555555555556,fixed,3000,200,250,-0.052641367710175545,-0.04773466344751756,0.11154356621920736,0.3727380545290663,0.5733153716524112,0.5796209365897839,0.18399638688353026,1,1,1,1,1,1,1,0,0,0,1,0.15927822966672492
11,0.9599310885968813,0.3055555555555556,fixed,6000,200,250,-0.05264135675326102,-0.04773630986103785,0.11154394448070569,0.37278025486670063,0.5733147530896847,0.5796190222921888,0.18395913498588923,1,1,1,1,1,1,1,0,0,0,1,0.15928025434174353
11,0.9599310885968813,0.3055555555555556,scaled,3000,2000,2500,-0.052641354992100084,-0.04772209590845211,0.11154378869499611,0.37251131856753655,0.5733148465339079,0.5796169666508406,0.18413512391732695,1,1,1,1,1,1,1,0,0,0,1,0.1592658846034482
11,0.9599310885968813,0.3055555555555556,scaled,6000,4000,5000,-0.0526413518999908,-0.04773638812622408,0.11154447504772702,0.37267078428462236,0.5733164134062247,0.5796172233376731,0.18405408236938134,1,1,1,1,1,1,1,0,0,0,1,0.1592808631739511
12,1.0471975511965976,0.3333333333333333,fixed,3000,200,250,-0.05354411798362456,-0.037606886242142534,0.12009540391465115,0.4008987492002562,0.5539753580266323,0.560592059699127,0.17427121328403963,1,1,1,1,1,1,1,0,0,0,1,0.15770229015679368
12,1.0471975511965976,0.3333333333333333,fixed,6000,200,250,-0.05354410554076858,-0.037607491481352076,0.12009572516453453,0.40102087032739897,0.5539742136880516,0.5605897221536005,0.1742285359782827,1,1,1,1,1,1,1,0,0,0,1,0.1577032166458866
12,1.0471975511965976,0.3333333333333333,scaled,3000,2000,2500,-0.05354410156455311,-0.03760236740358185,0.12009382963443967,0.40079758433087587,0.5539806389933261,0.5605879637965818,0.17439641711803594,1,1,1,1,1,1,1,0,0,0,1,0.1576961970380215
12,1.0471975511965976,0.3333333333333333,scaled,6000,4000,5000,-0.053544100152713305,-0.03760642275619665,0.12009573098308096,0.4011109881471475,0.5539703396056688,0.5605870994726228,0.1742966690255491,1,1,1,1,1,1,1,0,0,0,1,0.1577021537392776
13,1.1344640137963142,0.3611111111111111,fixed,3000,200,250,-0.05444243737530901,-0.03039771240387295,0.12720833692261374,0.4267529002185274,0.5315772292909715,0.5386928595362929,0.16369262653591335,1,1,1,1,1,1,1,0,0,0,1,0.1576060493264867
13,1.1344640137963142,0.3611111111111111,fixed,6000,200,250,-0.05444242607645654,-0.030397209482369285,0.12720855232365622,0.42689176368317766,0.531575025039352,0.538689424314272,0.16364934612555262,1,1,1,1,1,1,1,0,0,0,1,0.1576057618060255
13,1.1344640137963142,0.3611111111111111,scaled,3000,2000,2500,-0.054442422666795394,-0.030396743276218455,0.12720843675203536,0.4263996386819643,0.5315797635010358,0.5386866020105257,0.16383867355090326,1,1,1,1,1,1,1,0,0,0,1,0.1576051800282538
13,1.1344640137963142,0.3611111111111111,scaled,6000,4000,5000,-0.054442420904379354,-0.03040041439059182,0.1272089154682793,0.4267757696266158,0.5315775970240018,0.5386864642940373,0.1637479758093304,1,1,1,1,1,1,1,0,0,0,1,0.15760932985887113
14,1.2217304763960306,0.3888888888888889,fixed,3000,200,250,-0.05532681199939464,-0.025155215923142495,0.1325307119417029,0.4502658848353062,0.5062822458118772,0.5141394025372891,0.1525727427707018,1,1,1,1,1,1,1,0,0,0,1,0.1576859278648454
14,1.2217304763960306,0.3888888888888889,fixed,6000,200,250,-0.05532680109358522,-0.025155920714521458,0.1325302110642579,0.45026707758064816,0.5062814508596428,0.5141339376492278,0.15254301234940051,1,1,1,1,1,1,1,0,0,0,1,0.15768613177877938
14,1.2217304763960306,0.3888888888888889,scaled,3000,2000,2500,-0.0553267982759352,-0.0251528171463478,0.13253549329264158,0.4504314363193523,0.5062845765452932,0.514128917190291,0.15265708227626046,1,1,1,1,1,1,1,0,0,0,1,0.15768831043898937
14,1.2217304763960306,0.3888888888888889,scaled,6000,4000,5000,-0.05532679580695937,-0.0251589123808299,0.1325299872990759,0.45063652195104603,0.5062748728701634,0.5141282101966341,0.15256279473774406,1,1,1,1,1,1,1,0,0,0,1,0.1576888996799058
15,1.3089969389957472,0.4166666666666667,fixed,3000,200,250,-0.05618805445434789,-0.02125481340731425,0.13548840459481445,0.4701168583781091,0.47810301041952047,0.4870398088463101,0.14120535689147234,1,1,1,1,1,1,1,0,0,0,1,0.1567432180021287
15,1.3089969389957472,0.4166666666666667,fixed,6000,200,250,-0.05618804190564546,-0.021254289989799245,0.13548825600726058,0.4701636821076495,0.4780986714069902,0.4870298564453822,0.14117244494476494,1,1,1,1,1,1,1,0,0,0,1,0.15674254599705983
15,1.3089969389957472,0.4166666666666667,scaled,3000,2000,2500,-0.056188039603313276,-0.021254039175451052,0.13549107480093203,0.46969561066458043,0.4781065150245042,0.4870213539392853,0.14135407882344267,1,1,1,1,1,1,1,0,0,0,1,0.15674511397638308
15,1.3089969389957472,0.4166666666666667,scaled,6000,4000,5000,-0.056188035982414924,-0.02125255027119709,0.13548682411058918,0.4701157872698826,0.47810071471525145,0.48702092787301304,0.14125217965225143,1,1,1,1,1,1,1,0,0,0,1,0.15673937438178628
16,1.3962634015954636,0.4444444444444444,fixed,3000,200,250,-0.05701686321033332,-0.01828312596496394,0.135245183546548,0.4859210103415482,0.4465771046443269,0.4571676454956524,0.12945785178193017,1,1,1,1,1,1,1,0,0,0,1,0.15352830951151192
16,1.3962634015954636,0.4444444444444444,fixed,6000,200,250,-0.05701684775157874,-0.01828380332811102,0.1352441602044777,0.4857088757958599,0.4465778567132176,0.457149653275108,0.1294572720159955,1,1,1,1,1,1,1,0,0,0,1,0.1535279635325887
16,1.3962634015954636,0.4444444444444444,scaled,3000,2000,2500,-0.0570168440708043,-0.018282807719737084,0.13524581012211884,0.48667224330348846,0.44653954193901785,0.45712952319392886,0.12943699928811153,1,1,1,1,1,1,1,0,0,0,1,0.15352861784185592
16,1.3962634015954636,0.4444444444444444,scaled,6000,4000,5000,-0.057016840691037546,-0.018282630857653293,0.1352414523240198,0.4858337125730638,0.44656791083710107,0.4571317252742187,0.12948880938251758,1,1,1,1,1,1,1,0,0,0,1,0.1535240831816731
17,1.48352986419518,0.4722222222222222,fixed,3000,200,250,-0.05780334244759736,-0.015975404861400106,0.13068811145681236,0.49382192888364523,0.4100202810784897,0.42329535997442325,0.11683725339708428,1,1,1,1,1,1,1,0,0,0,1,0.14666351631821248
17,1.48352986419518,0.4722222222222222,fixed,6000,200,250,-0.057803323684704255,-0.01597557383964692,0.13068833087410375,0.4941031256904597,0.41000993360168214,0.42325359250263056,0.11676528882693867,1,1,1,1,1,1,1,0,0,0,1,0.14666390471375068
17,1.48352986419518,0.4722222222222222,scaled,3000,2000,2500,-0.057803319346428295,-0.0159592088010542,0.1306877365274098,0.4933112520263652,0.41001562709525224,0.42321768612755795,0.11702457813105821,1,1,1,1,1,1,1,0,0,0,1,0.146646945328464
17,1.48352986419518,0.4722222222222222,scaled,6000,4000,5000,-0.057803315246031786,-0.015973773742528962,0.13068786061102122,0.494620780500409,0.4099897883649712,0.4232133200409821,0.11672478388885571,1,1,1,1,1,1,1,0,0,0,1,0.14666163435355017
18,1.5707963267948966,0.5,fixed,3000,200,250,-0.058536439489124084,-0.014151986256237821,0.12070776092593674,0.48692784347376294,0.3626290602193886,0.3807248296008987,0.10113319166158449,1,1,1,1,1,1,1,0,0,0,1,0.13485974718217456
18,1.5707963267948966,0.5,fixed,6000,200,250,-0.058536417370470654,-0.014149932715281439,0.12070714064356156,0.48718993602919447,0.3625759367916131,0.3805946561536443,0.10106337886565533,1,1,1,1,1,1,1,0,0,0,1,0.134857073358843
18,1.5707963267948966,0.5,scaled,3000,2000,2500,-0.05853641253312836,-0.014149627250727754,0.12069448803105247,0.4870363139039517,0.36252971042210386,0.38048349338362425,0.10116276225589044,1,1,1,1,1,1,1,0,0,0,1,0.13484411528178022
18,1.5707963267948966,0.5,scaled,6000,4000,5000,-0.058536407450606696,-0.014145806625556426,0.12070608089090197,0.4874943775177268,0.36252422609306556,0.3804716088181539,0.10106939452753137,1,1,1,1,1,1,1,0,0,0,1,0.1348518875164584
19,1.658062789394613,0.5277777777777778,fixed,3000,200,250,-0.05920323832893327,-0.012684108464975693,0.1057388128501602,0.44137296993306774,0.2812290453464219,0.30816539721080194,0.07488758057321591,1,1,1,1,1,1,1,0,0,0,1,0.11842292131513589
19,1.658062789394613,0.5277777777777778,fixed,6000,200,250,-0.059203212560776486,-0.012684541017212189,0.10573912388828521,0.44074113523616487,0.28081650016168924,0.30751190655858274,0.0748924377410373,1,1,1,1,1,1,1,0,0,0,1,0.1184236649054974
19,1.658062789394613,0.5277777777777778,scaled,3000,2000,2500,-0.05920320677131495,-0.012668401503384608,0.1057406868014246,0.44142885395268555,0.2805212886500638,0.307135898079576,0.0747500613769055,1,1,1,1,1,1,1,0,0,0,1,0.1184090883048092
19,1.658062789394613,0.5277777777777778,scaled,6000,4000,5000,-0.059203200972387834,-0.012682644998642054,0.10573642288432783,0.4404608652302659,0.28038293579674517,0.30685592305416426,0.07486614996719095,1,1,1,1,1,1,1,0,0,0,1,0.11841906788296988
20,1.7453292519943295,0.5555555555555556,fixed,3000,200,250,-0.05978800466371084,-0.011491858314938262,0.0885991374771518,0.2999945602417388,0.08371996553367496,0.09449342000757154,0.0187614945013826,1,1,1,1,1,1,1,1,1,0,1,0.10009099579209006
20,1.7453292519943295,0.5555555555555556,fixed,6000,200,250,-0.05978797412260078,-0.011492492128588055,0.08857645196447345,0.3004079002053088,0.08152819369891794,0.09120229511587366,0.018234109335094305,1,1,1,1,1,1,1,1,1,0,1,0.1000689440930615
20,1.7453292519943295,0.5555555555555556,scaled,3000,2000,2500,-0.05978796818159714,-0.01148659419623195,0.08863814442895698,0.30155457617750897,0.08077339921794979,0.08999517851765183,0.018026456730219128,1,1,1,1,1,1,1,1,1,0,1,0.10012473862518893
20,1.7453292519943295,0.5555555555555556,scaled,6000,4000,5000,-0.059787960193993385,-0.011492230670044783,0.0885322597396684,0.3004229523621729,0.07911522634434633,0.08761181665482141,0.017693378564463392,1,1,1,1,1,1,1,1,1,0,1,0.10002449040971317
21,1.832595714594046,0.5833333333333333,fixed,3000,200,250,-0.060270786280726525,-0.010511708417048439,0.07914925544003583,0.23105880339900622,0.19353268488345016,0.222826578606388,0.034175537842412826,1,1,1,1,1,1,1,0,0,0,1,0.08966096385708427
21,1.832595714594046,0.5833333333333333,fixed,6000,200,250,-0.0602707489131908,-0.010512734062276308,0.07908830629427972,0.2326507967505917,0.1935461282966167,0.22259972356841215,0.0342247722076926,1,1,1,1,1,1,1,0,0,0,1,0.08960104035655603
21,1.832595714594046,0.5833333333333333,scaled,3000,2000,2500,-0.06027074113990781,-0.010509866212316322,0.07918607948514672,0.23397499563100602,0.19349415657812302,0.22234608785093418,0.03424999589032924,1,1,1,1,1,1,1,0,0,0,1,0.08969594569746304
21,1.832595714594046,0.5833333333333333,scaled,6000,4000,5000,-0.060270731348412473,-0.010512124238750586,0.07907843016801368,0.23425127366903828,0.19355494886090543,0.22239302029265984,0.03425611515821029,1,1,1,1,1,1,1,0,0,0,1,0.08959055440676426
22,1.9198621771937625,0.6111111111111112,fixed,3000,200,250,-0.06062515488877673,-0.009699410085044234,0.08009522885294991,0.3900323658182409,0.40945835918240386,0.4461172804860961,0.08646038472924986,1,1,1,1,1,1,1,0,0,0,1,0.08979463893799414
22,1.9198621771937625,0.6111111111111112,fixed,6000,200,250,-0.06062510608954133,-0.009700609508230516,0.08013821659611221,0.38985684364616036,0.4092972530770223,0.4459829241351331,0.08639679480732156,1,1,1,1,1,1,1,0,0,0,1,0.08983882610434273
22,1.9198621771937625,0.6111111111111112,scaled,3000,2000,2500,-0.06062509627668063,-0.009689564468444682,0.08003549236059668,0.3924802456441528,0.4089942896436052,0.44521655122167747,0.0866318124399866,1,1,1,1,1,1,1,0,0,0,1,0.08972505682904136
22,1.9198621771937625,0.6111111111111112,scaled,6000,4000,5000,-0.06062508210138196,-0.009702416411413133,0.08018160473433161,0.38796755221324813,0.4090510426641469,0.4459523166562649,0.08615902345000688,1,1,1,1,1,1,1,0,0,0,1,0.08988402114574474
23,2.007128639793479,0.6388888888888888,fixed,3000,200,250,-0.060814004401942366,-0.009022075733284122,0.08573553228149458,0.5139847839378564,0.5467874086159425,0.5762932195803386,0.13280837175557395,1,1,1,1,1,1,1,0,0,0,1,0.0947576080147787
23,2.007128639793479,0.6388888888888888,fixed,6000,200,250,-0.06081393929804183,-0.009021399851618685,0.08573158705548165,0.5139893827227333,0.5468611961120896,0.5763534530368409,0.1328224771022362,1,1,1,1,1,1,1,0,0,0,1,0.09475298690710032
23,2.007128639793479,0.6388888888888888,scaled,3000,2000,2500,-0.06081393004076964,-0.009035446485706528,0.08572421450089245,0.5160859883954655,0.5469730586419075,0.5764106216832756,0.13309554381448246,1,1,1,1,1,1,1,0,0,0,1,0.09475966098659898
23,2.007128639793479,0.6388888888888888,scaled,6000,4000,5000,-0.06081390482863325,-0.009020864662016072,0.08573606806000077,0.513788286765079,0.5468440598543711,0.5764016863571835,0.13278047656178685,1,1,1,1,1,1,1,0,0,0,1,0.09475693272201684
24,2.0943951023931953,0.6666666666666666,fixed,3000,200,250,-0.06077923636052545,-0.008450062290081066,0.08806716676391264,0.5653815138569055,0.62294101083138,0.6463131745503051,0.16429588478985852,1,1,1,1,1,0,0,0,0,0,1,0.09651722905399371
24,2.0943951023931953,0.6666666666666666,fixed,6000,200,250,-0.060779244847224266,-0.00845147780622371,0.08806859810297794,0.5654192763471363,0.6229233279240954,0.6462973479847534,0.1642050175883197,1,1,1,1,1,0,0,0,0,0,1,0.09652007590920166
24,2.0943951023931953,0.6666666666666666,scaled,3000,2000,2500,-0.06077922686865074,-0.008445404951921571,0.08805441551561778,0.5657788677172675,0.6229438226194562,0.6462996050065892,0.16433445833408963,1,1,1,1,1,0,0,0,0,0,1,0.09649982046753935
24,2.0943951023931953,0.6666666666666666,scaled,6000,4000,5000,-0.06077924302553096,-0.008452683458243711,0.08806898758334056,0.5652651302873883,0.6228620059493473,0.6462812463333891,0.16403576780291573,1,1,1,1,1,0,0,0,0,0,1,0.09652167104158427
25,2.1816615649929116,0.6944444444444444,fixed,3000,200,250,-0.060410998787188475,-0.007971132875598405,0.0843641299182456,0.5751451594208592,0.6728410659004957,0.6932655004091269,0.1861937058307267,1,1,1,1,1,0,0,0,0,0,1,0.092335262793844
25,2.1816615649929116,0.6944444444444444,fixed,6000,200,250,-0.06041179806905635,-0.00797102284826081,0.0843653738679297,0.5752116300861497,0.6728474050219891,0.6932510875409654,0.18614912549568957,1,1,1,1,1,0,0,0,0,0,1,0.09233639671619051
25,2.1816615649929116,0.6944444444444444,scaled,3000,2000,2500,-0.06041101068622611,-0.00797046432312753,0.08435824484499084,0.5747586073873127,0.6727801309312352,0.6932312263765473,0.1863573531143242,1,1,1,1,1,0,0,0,0,0,1,0.09232870916811838
25,2.1816615649929116,0.6944444444444444,scaled,6000,4000,5000,-0.0604125002202623,-0.007968850555847841,0.08436596129199185,0.5746502003381011,0.6728764624260659,0.6932398225106808,0.1863469786042111,1,1,1,1,1,0,0,0,0,0,1,0.09233481184783969
26,2.2689280275926285,0.7222222222222222,fixed,3000,200,250,-0.05970987732470164,-0.007563634744580456,0.07533048048664852,0.5643119008819316,0.7080034002920194,0.7274029821042662,0.2015964297317178,1,1,1,1,1,0,0,0,0,0,1,0.08289411523122897
26,2.2689280275926285,0.7222222222222222,fixed,6000,200,250,-0.05971010211979248,-0.0075652226010908055,0.07532963305324483,0.5641380926889755,0.7080125845334311,0.7273944188148868,0.20160304271529733,1,1,1,1,1,0,0,0,0,0,1,0.08289485565433563
26,2.2689280275926285,0.7222222222222222,scaled,3000,2000,2500,-0.059709655505865905,-0.007563751887251993,0.07534215741954865,0.5642446972642079,0.707986430923454,0.7273824765778322,0.20176862112617308,1,1,1,1,1,0,0,0,0,0,1,0.08290590930680064
26,2.2689280275926285,0.7222222222222222,scaled,6000,4000,5000,-0.05971031924188152,-0.007564346157767332,0.0753290417656511,0.5639840777390827,0.7080081922408024,0.7273852014928017,0.20166470269700468,1,1,1,1,1,0,0,0,0,0,1,0.08289338792341842
27,2.356194490192345,0.75,fixed,3000,200,250,-0.058815608111619656,-0.0072231621322642325,0.06271795671004565,0.5430150021431722,0.7327849248712077,0.7525346028533679,0.21202128724440586,1,1,1,1,1,0,0,0,0,0,1,0.06994111884230989
27,2.356194490192345,0.75,fixed,6000,200,250,-0.058815661089120536,-0.007223037661853172,0.06271899839616812,0.5431775430694324,0.7327780777283465,0.7525262365527857,0.21191627266748844,1,1,1,1,1,0,0,0,0,0,1,0.0699420360580213
27,2.356194490192345,0.75,scaled,3000,2000,2500,-0.05881542989660236,-0.007236435958993896,0.06270922538093024,0.5428150361328705,0.7327619543525135,0.7525207429887274,0.21220726981475208,1,1,1,1,1,0,0,0,0,0,1,0.06994566133992414
27,2.356194490192345,0.75,scaled,6000,4000,5000,-0.058815700335770375,-0.007222327944769204,0.0627200960739133,0.5428022479171346,0.7328214458316128,0.7525225559520641,0.21207167992789114,1,1,1,1,1,0,0,0,0,0,1,0.0699424240186825
28,2.443460952792061,0.7777777777777778,fixed,3000,200,250,-0.05784766938009362,-0.006934247769576804,0.048354829429530205,0.5189923186892337,0.7488772613313599,0.770154130768349,0.21772511168082592,1,0,1,1,1,0,0,0,0,0,1,0.05528907719910701
28,2.443460952792061,0.7777777777777778,fixed,6000,200,250,-0.057847672153966696,-0.006935102335042687,0.048355057421071025,0.5189928615559218,0.7488745659848913,0.770146734330188,0.21767802332704708,1,0,1,1,1,0,0,0,0,0,1,0.05529015975611371
28,2.443460952792061,0.7777777777777778,scaled,3000,2000,2500,-0.05784748617471835,-0.00693214063017277,0.04836136381797786,0.518635427771718,0.7488589702265406,0.7701447294995615,0.21812246300671492,1,1,1,1,1,0,0,0,0,0,1,0.05529350444815063
28,2.443460952792061,0.7777777777777778,scaled,6000,4000,5000,-0.057847959032568584,-0.006938382621399437,0.04835344341632396,0.5193093997090341,0.7488179423469631,0.7701352042736862,0.2175810366890289,1,1,1,1,1,0,0,0,0,0,1,0.055291826037723396
29,2.5307274153917776,0.8055555555555555,fixed,3000,200,250,-0.05688929136228096,-0.0066920861183895316,0.03384555402755626,0.49525514970071577,0.7560199409572328,0.7800383876011638,0.21922471045694855,1,0,1,1,1,0,0,0,0,0,1,0.0405376401459458
29,2.5307274153917776,0.8055555555555555,fixed,6000,200,250,-0.05688935707119031,-0.006693694582194345,0.033846925051289035,0.4954528958337222,0.7560162058244942,0.7800397562714486,0.21909087487971407,1,0,1,1,1,0,0,0,0,0,1,0.04054061963348338
29,2.5307274153917776,0.8055555555555555,scaled,3000,2000,2500,-0.056890253564530605,-0.0066776916839413406,0.03383503617150039,0.4950778011001429,0.7560332000829658,0.7800525117951768,0.21945463040858837,1,1,1,1,1,0,0,0,0,0,1,0.04051272785544173
29,2.5307274153917776,0.8055555555555555,scaled,6000,4000,5000,-0.05688934071206844,-0.006690355046266553,0.03384784530046959,0.4951239540784106,0.7560747811833997,0.7800450881703571,0.21923843499185436,1,1,1,1,1,0,0,0,0,0,1,0.04053820034673614
30,2.6179938779914944,0.8333333333333334,fixed,3000,200,250,-0.055996090684223385,-0.006493465913999295,0.020665719687675187,0.47549322604077937,0.7506123610429607,0.7788538987685815,0.21575615140305685,1,0,1,1,1,0,0,0,0,0,1,0.027159185601674483
30,2.6179938779914944,0.8333333333333334,fixed,6000,200,250,-0.05599618903633862,-0.006494602989324639,0.020666178435055815,0.47559168239645927,0.7505693163836498,0.7788216594898633,0.2156590048456052,1,0,1,1,1,0,0,0,0,0,1,0.027160781424380453
30,2.6179938779914944,0.8333333333333334,scaled,3000,2000,2500,-0.055996129844249155,-0.006488153643304647,0.020653644369555427,0.4754106388277656,0.7505579446133164,0.7787935226498417,0.21591099541214157,1,1,1,1,1,0,0,0,0,0,1,0.027141798012860076
30,2.6179938779914944,0.8333333333333334,scaled,6000,4000,5000,-0.05599616893496601,-0.006495988804820599,0.020661324918556417,0.4756524600463754,0.7505315633833275,0.7787906850990023,0.21561046086049326,1,1,1,1,1,0,0,0,0,0,1,0.027157313723377017
31,2.705260340591211,0.8611111111111112,fixed,3000,200,250,-0.05520419506301574,-0.0063322360242470885,0.010785060179174969,0.46291687897828543,0.7162975522195472,0.7499331605762843,0.20486363748700778,1,0,0,1,1,0,0,0,0,0,1,0.017117296203422058
31,2.705260340591211,0.8611111111111112,fixed,6000,200,250,-0.055204229037370316,-0.006332178081349969,0.010789497176736646,0.46268370212832954,0.7163777962260499,0.7499649032014531,0.20487493276635468,1,0,0,1,1,0,0,0,0,0,1,0.017121675258086617
31,2.705260340591211,0.8611111111111112,scaled,3000,2000,2500,-0.05520448869512969,-0.006340018385507527,0.010804036910901307,0.46312763524803785,0.716364048836947,0.7500791157319506,0.2049730959733096,1,1,1,1,1,0,0,0,0,0,1,0.017144055296408833
31,2.705260340591211,0.8611111111111112,scaled,6000,4000,5000,-0.05520419631837048,-0.0063348038946910885,0.01079213898111537,0.46279910494204407,0.7164092954490328,0.7499849300723676,0.20481603353408442,1,1,1,1,1,0,0,0,0,0,1,0.017126942875806458
32,2.792526803190927,0.8888888888888888,fixed,3000,200,250,-0.054536091888044085,-0.00620385426715587,0.012847117177132529,0.4673809467606499,0.5623273593881273,0.5805992051407473,0.17331810895060676,1,0,1,1,1,0,0,0,0,0,1,0.019050971444288398
32,2.792526803190927,0.8888888888888888,fixed,6000,200,250,-0.0545360610614646,-0.006203278300215408,0.01267438874383069,0.4680891752939303,0.5586114223116097,0.575790650814175,0.17274439724003152,1,0,1,1,1,0,0,0,0,0,1,0.018877667044046097
32,2.792526803190927,0.8888888888888888,scaled,3000,2000,2500,-0.05453590385425292,-0.006217304220085872,0.012689989855419118,0.4688715689225967,0.5562773241645427,0.5728408562052204,0.17238887635446024,1,1,1,1,1,0,0,0,0,0,1,0.01890729407550499
32,2.792526803190927,0.8888888888888888,scaled,6000,4000,5000,-0.05453570865779147,-0.006202527749688285,0.012530222550856345,0.46865624379462756,0.5550481705202683,0.5711629731995271,0.17231411758074097,1,1,1,1,1,0,0,0,0,0,1,0.01873275030054463
33,2.8797932657906435,0.9166666666666666,fixed,3000,200,250,-0.054006123561897795,-0.006105984016635278,0.025730719320717996,0.4553281317962805,0.5065751301499547,0.5194168841301435,0.1527249840585247,1,0,1,1,1,0,0,0,0,0,1,0.03183670333735328
33,2.8797932657906435,0.9166666666666666,fixed,6000,200,250,-0.05400611206839223,-0.0061059690157278905,0.02573509649893832,0.4552861121777799,0.5065232714694754,0.5193044854548944,0.15269654613670455,1,0,1,1,1,0,0,0,0,0,1,0.031841065514666214
33,2.8797932657906435,0.9166666666666666,scaled,3000,2000,2500,-0.05400614879119493,-0.006118858292052979,0.025737367440476267,0.4552820834498195,0.5064651093792273,0.5192004594923963,0.1528249751169527,1,1,1,1,1,0,0,0,0,0,1,0.03185622573252925
33,2.8797932657906435,0.9166666666666666,scaled,6000,4000,5000,-0.054005937814668045,-0.006104903879133997,0.025736824045519253,0.4552091151619468,0.5064739829258581,0.5191992114816028,0.15272948244183324,1,1,1,1,1,0,0,0,0,0,1,0.03184172792465325
34,2.96705972839036,0.9444444444444444,fixed,3000,200,250,-0.05362292486098419,-0.006037201912826428,0.036146562745740116,0.43061593320236574,0.46388936164865047,0.477747820804527,0.13173455930910932,1,0,1,1,1,0,0,0,0,0,1,0.04218376465856655
34,2.96705972839036,0.9444444444444444,fixed,6000,200,250,-0.053622875109369805,-0.006037842170015291,0.03614902526178169,0.4306045227247707,0.4638447806720055,0.4776352967673438,0.13171157722072527,1,0,1,1,1,0,0,0,0,0,1,0.042186867431796976
34,2.96705972839036,0.9444444444444444,scaled,3000,2000,2500,-0.0536241832446466,-0.00604745845456951,0.03614979180432342,0.4307118139789392,0.4637938418510923,0.4775300496912539,0.13181912611829533,1,1,1,1,1,0,0,0,0,0,1,0.042197250258892934
34,2.96705972839036,0.9444444444444444,scaled,6000,4000,5000,-0.05362297366814911,-0.006037472339805458,0.03614992821590828,0.43059837112496185,0.4638024420525927,0.47753001273524265,0.1317393659629953,1,1,1,1,1,0,0,0,0,0,1,0.04218740055571374
35,3.0543261909900767,0.9722222222222222,fixed,3000,200,250,-0.05339126784776012,-0.005996422000745282,0.04343528557792037,0.3870625631478926,0.41427165521069553,0.42906816124376745,0.10878876324174483,1,0,1,1,1,0,0,0,0,0,1,0.04943170757866565
35,3.0543261909900767,0.9722222222222222,fixed,6000,200,250,-0.05339129941094442,-0.0059974151784143665,0.04343714790695547,0.3870435386141984,0.4142139300332689,0.4289468170490918,0.10876505664862965,1,0,1,1,1,0,0,0,0,0,1,0.04943456308536984
35,3.0543261909900767,0.9722222222222222,scaled,3000,2000,2500,-0.05339082275882069,-0.006004548145917457,0.043437249976439156,0.38696546095633105,0.41414921707157487,0.42883317468930343,0.10884860191443889,1,1,1,1,1,0,0,0,0,0,1,0.04944179812235661
35,3.0543261909900767,0.9722222222222222,scaled,6000,4000,5000,-0.053391220846913015,-0.005997332536601297,0.04343769923895862,0.38692012145315813,0.41415798593010417,0.4288332949495301,0.10878022701491412,1,1,1,1,1,0,0,0,0,0,1,0.04943503177555992
36,3.141592653589793,1.0,fixed,3000,200,250,-0.05331375037700991,-0.005982914702345389,0.04819390006359086,0.34776498179636584,0.3604363684066567,0.37580561362782217,0.08612629120997721,1,0,1,1,1,0,0,0,0,0,1,0.05417681476593625
36,3.141592653589793,1.0,fixed,6000,200,250,-0.053313819516211856,-0.005984007494966515,0.048194315456375,0.3477874302882139,0.3604323812057911,0.3757957439282085,0.0861092634552925,1,0,1,1,1,0,0,0,0,0,1,0.05417832295134152
36,3.141592653589793,1.0,scaled,3000,2000,2500,-0.05331400918563674,-0.005990275821277236,0.048193033441738836,0.3477615690935026,0.36041723475275794,0.37578617240625,0.08617930241829214,1,1,1,1,1,0,0,0,0,0,1,0.05418330926301607
36,3.141592653589793,1.0,scaled,6000,4000,5000,-0.05331373500707507,-0.005983963412771706,0.048194104909929925,0.347788516266977,0.36042674721721785,0.37578625982192815,0.08612281024023395,1,1,1,1,1,0,0,0,0,0,1,0.05417806832270163
37,3.2288591161895095,1.0277777777777777,fixed,3000,200,250,-0.05339126784776054,-0.005996422000745251,0.04947809282613777,0.29863076106477343,0.30669764557365115,0.32235646635181886,0.06606653680091767,1,0,1,1,1,0,0,0,0,0,1,0.05547451482688302
37,3.2288591161895095,1.0277777777777777,fixed,6000,200,250,-0.053391299410944934,-0.005997415178414338,0.04947786238310258,0.2986417487918779,0.30667771791837073,0.32230964427978254,0.06605418409001079,1,0,1,1,1,0,0,0,0,0,1,0.05547527756151692
37,3.2288591161895095,1.0277777777777777,scaled,3000,2000,2500,-0.053390822758821746,-0.006004548145917422,0.04947710048815619,0.29858969175729094,0.3066476910314941,0.32226555937548096,0.06611215822865402,1,1,1,1,1,0,0,0,0,0,1,0.055481648634073615
37,3.2288591161895095,1.0277777777777777,scaled,6000,4000,5000,-0.05339122084691342,-0.005997332536601262,0.049477709696440435,0.2985485224184687,0.3066575279442144,0.3222656722031883,0.06606623057195907,1,1,1,1,1,0,0,0,0,0,1,0.0554750422330417
38,3.316125578789226,1.0555555555555556,fixed,3000,200,250,-0.053622924860984314,-0.006037201912826434,0.044405848175095,0.22695497356800667,0.2570299293937046,0.2724411981084188,0.05015356233200081,1,0,1,1,1,0,0,0,0,0,1,0.05044305008792143
38,3.316125578789226,1.0555555555555556,fixed,6000,200,250,-0.05362287510936979,-0.006037842170015296,0.0444050498008396,0.22695344905642736,0.25701354054036496,0.27239875510426304,0.05014123437987843,1,0,1,1,1,0,0,0,0,0,1,0.05044289197085489
38,3.316125578789226,1.0555555555555556,scaled,3000,2000,2500,-0.053624183244646524,-0.006047458454569522,0.04440464509463465,0.22713327025236643,0.2569852877289692,0.2723583381211061,0.05018250368671752,1,1,1,1,1,0,0,0,0,0,1,0.050452103549204166
38,3.316125578789226,1.0555555555555556,scaled,6000,4000,5000,-0.05362297366814933,-0.006037472339805452,0.04440479925449319,0.22700734505517972,0.25699483537339546,0.272358742987054,0.05014482520351126,1,1,1,1,1,0,0,0,0,0,1,0.05044227159429864
39,3.4033920413889427,1.0833333333333335,fixed,3000,200,250,-0.05400612356189838,-0.0061059840166352835,0.031626661263403244,0.13789448173667987,0.21447295702453448,0.2292161765707337,0.038744292866798896,1,0,1,1,1,0,0,0,0,0,1,0.03773264528003853
39,3.4033920413889427,1.0833333333333335,fixed,6000,200,250,-0.05400611206839258,-0.006105969015727914,0.03162526548254226,0.13784781385212644,0.2144506985480176,0.22917089994798176,0.038735666231484854,1,0,1,1,1,0,0,0,0,0,1,0.03773123449827018
39,3.4033920413889427,1.0833333333333335,scaled,3000,2000,2500,-0.05400614879119518,-0.006118858292052975,0.03162676285253705,0.1378526055645743,0.21442102940173716,0.2291289163101212,0.038760981705017676,1,1,1,1,1,0,0,0,0,0,1,0.03774562114459003
39,3.4033920413889427,1.0833333333333335,scaled,6000,4000,5000,-0.05400593781466792,-0.00610490387913403,0.03162441235206987,0.13781815525385827,0.2144266240995467,0.22912821563326743,0.03873753868732298,1,1,1,1,1,0,0,0,0,0,1,0.0377293162312039
40,3.490658503988659,1.1111111111111112,fixed,3000,200,250,-0.0545360918880434,-0.006203854267155883,0.012232773439105882,0.036346919568267584,0.18921210770089722,0.20571216384955918,0.032576963916968,1,0,1,1,1,0,0,0,0,0,0,0.018436627706261765
40,3.490658503988659,1.1111111111111112,fixed,6000,200,250,-0.054536061061464136,-0.006203278300215411,0.01230665155539122,0.03603583317796664,0.18765209012036707,0.20368563804905576,0.032343119055911716,1,0,1,1,1,0,0,0,0,0,0,0.01850992985560663
40,3.490658503988659,1.1111111111111112,scaled,3000,2000,2500,-0.054535903854252755,-0.006217304220085885,0.012298741891060071,0.03598728517393109,0.186676594598613,0.2024454617566379,0.03220281327973656,1,1,1,1,1,0,0,0,0,0,0,0.018516046111145955
40,3.490658503988659,1.1111111111111112,scaled,6000,4000,5000,-0.054535708657791226,-0.006202527749688291,0.01236812862475718,0.03580822548357691,0.1861520385487104,0.20173518101245283,0.0321347345220152,1,1,1,1,1,0,0,0,0,0,0,0.018570656374445473
41,3.5779249665883754,1.1388888888888888,fixed,3000,200,250,-0.055204195063015236,-0.006332236024247089,-0.01758633527400609,-0.0659045168240199,0.2292414707663882,0.2533062071355057,0.03765174351082696,1,0,1,1,0,0,0,0,0,0,0,-0.011254099249759002
41,3.5779249665883754,1.1388888888888888,fixed,6000,200,250,-0.05520422903736989,-0.006332178081350003,-0.017588899056507432,-0.0658635706380402,0.22926047077269168,0.2533167967705608,0.03766375922099935,1,0,1,1,0,0,0,0,0,0,0,-0.011256720975157428
41,3.5779249665883754,1.1388888888888888,scaled,3000,2000,2500,-0.055204488695129734,-0.006340018385507525,-0.01759209243213841,-0.06595007589626245,0.2292904233814316,0.25337537547257977,0.03766107646132056,1,1,1,1,0,0,0,0,0,0,0,-0.011252074046630884
41,3.5779249665883754,1.1388888888888888,scaled,6000,4000,5000,-0.0552041963183701,-0.0063348038946911735,-0.017590207778271826,-0.06584783957096785,0.22926241785392498,0.25332582477200694,0.03763864899332685,1,1,1,1,0,0,0,0,0,0,0,-0.011255403883580652
42,3.665191429188092,1.1666666666666665,fixed,3000,200,250,-0.05599609068422287,-0.006493465913999297,-0.05760587813917098,-0.18460499671761804,0.23480189495947398,0.2571718292638369,0.03872093128807124,1,0,1,1,0,0,0,0,0,0,1,-0.05111241222517168
42,3.665191429188092,1.1666666666666665,fixed,6000,200,250,-0.05599618903633828,-0.006494602989324636,-0.05760592241180155,-0.18458205206736034,0.23477217407178835,0.25714500644654853,0.03870571147242321,1,0,1,1,0,0,0,0,0,0,1,-0.05111131942247691
42,3.665191429188092,1.1666666666666665,scaled,3000,2000,2500,-0.05599612984424861,-0.006488153643304669,-0.05760149270909342,-0.18471000327247,0.23475074901239076,0.2571203174179156,0.038745740817329226,1,1,1,1,0,0,0,0,0,0,1,-0.05111333906578875
42,3.665191429188092,1.1666666666666665,scaled,6000,4000,5000,-0.055996168934966666,-0.006495988804820569,-0.057605144870767205,-0.18446142983844913,0.23473466833649906,0.2571184584102394,0.03866853333024388,1,1,1,1,0,0,0,0,0,0,1,-0.05110915606594664
43,3.752457891787808,1.1944444444444444,fixed,3000,200,250,-0.05688929136228159,-0.0066920861183895316,-0.10026157444799226,-0.305852901746006,0.23851214098958773,0.2592230947180806,0.040216462872987566,1,0,1,1,0,0,0,0,0,0,1,-0.09356948832960273
43,3.752457891787808,1.1944444444444444,fixed,6000,200,250,-0.05688935707119078,-0.0066936945821943535,-0.10026216997105285,-0.30598170640493916,0.23851730983385575,0.25922455945400297,0.04018878439662732,1,0,1,1,0,0,0,0,0,0,1,-0.0935684753888585
43,3.752457891787808,1.1944444444444444,scaled,3000,2000,2500,-0.05689025356453117,-0.006677691683941355,-0.10025911583431547,-0.30563368695275167,0.23850938769571844,0.25922521726464176,0.040257373441989715,1,1,1,1,0,0,0,0,0,0,1,-0.09358142415037411
43,3.752457891787808,1.1944444444444444,scaled,6000,4000,5000,-0.05688934071206784,-0.0066903550462665716,-0.1002625230418988,-0.3059578077302959,0.23853598128001569,0.25922578081243897,0.04022975757551576,1,1,1,1,0,0,0,0,0,0,1,-0.09357216799563223
44,3.839724354387525,1.2222222222222223,fixed,3000,200,250,-0.05784766938009352,-0.006934247769576797,-0.13976039619182978,-0.41946724406981667,0.2462919811506294,0.2657753852740217,0.042837695051609975,1,0,1,1,0,0,0,0,0,0,1,-0.132826148422253
44,3.839724354387525,1.2222222222222223,fixed,6000,200,250,-0.05784767215396596,-0.006935102335042681,-0.13976018205918642,-0.41942231498567745,0.24628114562089587,0.2657621909674989,0.04281535414392488,1,0,1,1,0,0,0,0,0,0,1,-0.13282507972414373
44,3.839724354387525,1.2222222222222223,scaled,3000,2000,2500,-0.05784748617471736,-0.0069321406301727576,-0.1397646406212643,-0.4193957101123301,0.24627745701116696,0.265754057911586,0.04292710775368214,1,1,1,1,0,0,0,0,0,0,1,-0.13283249999109156
44,3.839724354387525,1.2222222222222223,scaled,6000,4000,5000,-0.05784795903256709,-0.0069383826213994595,-0.13975998840363732,-0.4194771401905339,0.24625536440894197,0.265749064252344,0.04276553106358056,1,1,1,1,0,0,0,0,0,0,1,-0.13282160578223787
45,3.9269908169872414,1.25,fixed,3000,200,250,-0.05881560811161968,-0.007223162132264236,-0.17001097333365997,-0.5129037526298027,0.2592103381357336,0.27787758291711906,0.04673875059955041,1,1,1,1,0,0,0,0,0,0,1,-0.16278781120139574
45,3.9269908169872414,1.25,fixed,6000,200,250,-0.058815661089120425,-0.007223037661853171,-0.17001192649672453,-0.5130246882594574,0.259191079605946,0.277853749937317,0.04670259856880227,1,1,1,1,0,0,0,0,0,0,1,-0.16278888883487136
45,3.9269908169872414,1.25,scaled,3000,2000,2500,-0.05881542989660249,-0.007236435958993884,-0.1700087064710363,-0.5125973852607187,0.25914737956647843,0.27783096496866977,0.046763985536876856,1,1,1,1,0,0,0,0,0,0,1,-0.1627722705120424
45,3.9269908169872414,1.25,scaled,6000,4000,5000,-0.058815700335770355,-0.007222327944769206,-0.17001245991658714,-0.5128593936593471,0.2591776737020105,0.27783067058093014,0.0467266506306585,1,1,1,1,0,0,0,0,0,0,1,-0.16279013197181794
46,4.014257279586958,1.2777777777777777,fixed,3000,200,250,-0.059709877324702315,-0.007563634744580429,-0.1849995550896066,-0.5731798686034152,0.2773488554911149,0.29556790453209775,0.051869078784414234,1,1,1,1,0,0,0,0,0,0,1,-0.17743592034502617
46,4.014257279586958,1.2777777777777777,fixed,6000,200,250,-0.059710102119792975,-0.0075652226010907925,-0.18499972154615948,-0.5731104985940977,0.27731658886582305,0.2955233891670064,0.051868758622585935,1,1,1,1,0,0,0,0,0,0,1,-0.17743449894506869
46,4.014257279586958,1.2777777777777777,scaled,3000,2000,2500,-0.059709655505866224,-0.007563751887251944,-0.18500815791903297,-0.5731405239396303,0.2772725312282264,0.2954796105479003,0.05191603769334308,1,1,1,1,0,0,0,0,0,0,1,-0.17744440603178102
46,4.014257279586958,1.2777777777777777,scaled,6000,4000,5000,-0.05971031924188185,-0.007564346157767343,-0.1849999753549614,-0.5730585933770791,0.2772823206673965,0.2954820415450255,0.051893407889183084,1,1,1,1,0,0,0,0,0,0,1,-0.17743562919719405
47,4.101523742186674,1.3055555555555556,fixed,3000,200,250,-0.06041099878718906,-0.00797113287559843,-0.17968445255272725,-0.5838244586280055,0.3000565830442463,0.31815664741811045,0.0583838760666188,1,1,1,1,0,0,0,0,0,0,1,-0.17171331967712883
47,4.101523742186674,1.3055555555555556,fixed,6000,200,250,-0.060411798069056645,-0.007971022848260843,-0.1796853025520144,-0.5838580475928433,0.3000229549047364,0.3181068606419316,0.05834841090953126,1,1,1,1,0,0,0,0,0,0,1,-0.17171427970375355
47,4.101523742186674,1.3055555555555556,scaled,3000,2000,2500,-0.06041101068622736,-0.007970464323127587,-0.17968404474692393,-0.583543800930631,0.2999507618680307,0.3180724047336386,0.058411190786816815,1,1,1,1,0,0,0,0,0,0,1,-0.17171358042379634
47,4.101523742186674,1.3055555555555556,scaled,6000,4000,5000,-0.06041250022026275,-0.007968850555847869,-0.17968450527997443,-0.5836045612327747,0.2999925118247565,0.318062323633321,0.0584033689609599,1,1,1,1,0,0,0,0,0,0,1,-0.17171565472412656
48,4.1887902047863905,1.3333333333333333,fixed,3000,200,250,-0.060779236360525464,-0.008450062290081078,-0.15149716616766257,-0.5285462665818299,0.3255725974442,0.34378492870772903,0.06596010200872789,1,1,1,1,0,0,0,0,0,0,1,-0.1430471038775815
48,4.1887902047863905,1.3333333333333333,fixed,6000,200,250,-0.06077924484722386,-0.008451477806223705,-0.15149604941251787,-0.5285022918335258,0.3255545880260672,0.3437709496292715,0.06589912066277874,1,1,1,1,0,0,0,0,0,0,1,-0.14304457160629416
48,4.1887902047863905,1.3333333333333333,scaled,3000,2000,2500,-0.06077922686864986,-0.008445404951921587,-0.1514906348164254,-0.5291698828244357,0.32560690610754534,0.34377180425623666,0.06601318261095984,1,1,1,1,0,0,0,0,0,0,1,-0.14304522986450383
48,4.1887902047863905,1.3333333333333333,scaled,6000,4000,5000,-0.06077924302553018,-0.00845268345824372,-0.15149617379732058,-0.5285477327802667,0.3255254306926051,0.3437624849484129,0.06581711247771604,1,1,1,1,0,0,0,0,0,0,1,-0.14304349033907687
49,4.276056667386107,1.361111111111111,fixed,3000,200,250,-0.060814004401941686,-0.00902207573328408,-0.10290471978822317,-0.3908273678433825,0.34892602738800393,0.36719892652355646,0.0736922068858653,1,1,1,1,0,1,0,0,0,0,1,-0.0938826440549391
49,4.276056667386107,1.361111111111111,fixed,6000,200,250,-0.060813939298041075,-0.009021399851618655,-0.1028938964894067,-0.3908388442967655,0.3490573942562991,0.3673514709358256,0.07370742097290044,1,1,1,1,0,1,0,0,0,0,1,-0.09387249663778804
49,4.276056667386107,1.361111111111111,scaled,3000,2000,2500,-0.06081393004076898,-0.009035446485706514,-0.1029038371056778,-0.3924184615117204,0.3491497835392384,0.3673621477966127,0.07391755290037896,1,1,1,1,0,1,0,0,0,0,1,-0.09386839061997128
49,4.276056667386107,1.361111111111111,scaled,6000,4000,5000,-0.06081390482863244,-0.009020864662016046,-0.10289431829104802,-0.39120429478752494,0.34915476526500877,0.3674774226411807,0.07375007933514283,1,1,1,1,0,1,0,0,0,0,1,-0.09387345362903197
50,4.363323129985823,1.3888888888888888,fixed,3000,200,250,-0.06062515488877527,-0.009699410085044241,-0.045779386536744564,-0.17394123077687268,0.35650074093372874,0.371769972849247,0.07994459756067225,1,1,1,1,0,1,0,0,0,0,1,-0.03607997645170032
50,4.363323129985823,1.3888888888888888,fixed,6000,200,250,-0.06062510608953955,-0.009700609508230538,-0.045842203888430764,-0.17433150100017572,0.35646270702522487,0.37170972753775433,0.07993417011333383,1,1,1,1,0,1,0,0,0,0,1,-0.036141594380200225
50,4.363323129985823,1.3888888888888888,scaled,3000,2000,2500,-0.06062509627667875,-0.009689564468444732,-0.04578694630772871,-0.1743237633840902,0.3558888422268622,0.3708284264078714,0.07995741114656513,1,1,1,1,0,1,0,0,0,0,1,-0.03609738183928398
50,4.363323129985823,1.3888888888888888,scaled,6000,4000,5000,-0.060625082101379776,-0.00970241641141313,-0.04588357235885865,-0.17429368555261604,0.35650285422148004,0.37183805854751,0.07989602862007691,1,1,1,1,0,1,0,0,0,0,1,-0.03618115594744552
51,4.4505895925855405,1.4166666666666667,fixed,3000,200,250,-0.060270786280726914,-0.010511708417048418,-0.004504664007850966,0.02204700457145483,0.35941286359385466,0.37044822404591726,0.0871539938708621,1,1,1,1,0,1,0,0,0,0,0,0.006007044409197452
51,4.4505895925855405,1.4166666666666667,fixed,6000,200,250,-0.060270748913190925,-0.010512734062276284,-0.004492279754058056,0.022016018067284975,0.35924097252533066,0.37013893422050237,0.0871187657771991,1,1,1,1,0,1,0,0,0,0,0,0.0060204543082182285
51,4.4505895925855405,1.4166666666666667,scaled,3000,2000,2500,-0.06027074113990794,-0.01050986621231629,-0.004511367264120613,0.022031782488034786,0.3590794122020268,0.36985947374880146,0.08713720241081224,1,1,1,1,0,1,0,0,0,0,0,0.005998498948195676
51,4.4505895925855405,1.4166666666666667,scaled,6000,4000,5000,-0.06027073134841275,-0.010512124238750567,-0.004489739601944859,0.021963569693736678,0.3590811337347363,0.36985117774213494,0.08711121513885534,1,1,1,1,0,1,0,0,0,0,0,0.006022384636805708
52,4.537856055185257,1.4444444444444444,fixed,3000,200,250,-0.05978800466371065,-0.011491858314938288,0.011764482735733104,0.03904606532289104,0.39552654065540516,0.40793716040394506,0.10319656181846494,1,1,1,1,1,1,1,0,0,0,0,0.02325634105067139
52,4.537856055185257,1.4444444444444444,fixed,6000,200,250,-0.059787974122600354,-0.011492492128588074,0.011783499390715529,0.0399177816127591,0.39217260792468656,0.4029986408367777,0.10242912443870986,1,1,1,1,1,1,1,0,0,0,0,0.023275991519303603
52,4.537856055185257,1.4444444444444444,scaled,3000,2000,2500,-0.05978796818159653,-0.011486594196231978,0.011785914131242617,0.03998074925232903,0.3905664610677366,0.4005932847670288,0.10214889838153761,1,1,1,1,1,1,1,0,0,0,0,0.023272508327474593
52,4.537856055185257,1.4444444444444444,scaled,6000,4000,5000,-0.059787960193993114,-0.011492230670044777,0.01179046062214661,0.040837655479459126,0.3887844365091259,0.3980173820555236,0.10171730034629561,1,1,1,1,1,1,1,0,0,0,0,0.023282691292191387
53,4.625122517784973,1.4722222222222223,fixed,3000,200,250,-0.05920323832893311,-0.012684108464975702,0.008717454828802741,-0.09701532929363903,0.6640185147333016,0.6986682202560377,0.18109171086397327,1,1,1,1,1,1,0,0,0,0,0,0.021401563293778444
53,4.625122517784973,1.4722222222222223,fixed,6000,200,250,-0.05920321256077643,-0.012684541017212229,0.008715726404258146,-0.09803528008431849,0.6638156489947171,0.6984641055276721,0.18081715017865732,1,1,1,1,1,1,0,0,0,0,0,0.021400267421470373
53,4.625122517784973,1.4722222222222223,scaled,3000,2000,2500,-0.05920320677131554,-0.012668401503384637,0.008719891344740301,-0.09528801561293432,0.663802244095761,0.6983341779438327,0.18148119676830843,1,1,1,1,1,1,0,0,0,0,0,0.021388292848124938
53,4.625122517784973,1.4722222222222223,scaled,6000,4000,5000,-0.059203200972387425,-0.012682644998642094,0.008707250600473684,-0.09803980500460313,0.6636570052278333,0.6982673709529408,0.18090133684422421,1,1,1,1,1,1,0,0,0,0,0,0.021389895599115777
54,4.71238898038469,1.5,fixed,3000,200,250,-0.05853643948912373,-0.014151986256237772,0.005088283882436542,-0.15662639722909505,0.7319333635190419,0.7546844315267416,0.2080635554205282,1,1,0,1,1,1,0,0,0,0,0,0.019240270138674315
54,4.71238898038469,1.5,fixed,6000,200,250,-0.05853641737047037,-0.014149932715281402,0.005093311990224498,-0.15569964439660627,0.731939713964577,0.7546356344850008,0.20818110374885737,1,1,0,1,1,1,0,0,0,0,0,0.0192432447055059
54,4.71238898038469,1.5,scaled,3000,2000,2500,-0.05853641253312784,-0.014149627250727676,0.005051205770254695,-0.15618896290324777,0.7319160124392269,0.7545878710699988,0.20830315353874418,1,1,1,1,1,1,0,0,0,0,0,0.01920083302098237
54,4.71238898038469,1.5,scaled,6000,4000,5000,-0.05853640745060633,-0.014145806625556447,0.005094762288871587,-0.1548159949679691,0.7319354255092154,0.7545890233604239,0.2083861623913043,1,1,1,1,1,1,0,0,0,0,0,0.019240568914428033
55,4.799655442984406,1.5277777777777777,fixed,3000,200,250,-0.057803342447597134,-0.01597540486140008,0.001038386841255104,-0.1749338088403264,0.7465145762542236,0.7632794757383385,0.2181775276559758,1,1,0,1,1,1,0,0,0,0,0,0.01701379170265518
55,4.799655442984406,1.5277777777777777,fixed,6000,200,250,-0.05780332368470418,-0.015975573839646876,0.001041106132997298,-0.17406140394005565,0.7465151473294869,0.7632541824729275,0.2182957486543447,1,1,0,1,1,1,0,0,0,0,0,0.017016679972644173
55,4.799655442984406,1.5277777777777777,scaled,3000,2000,2500,-0.05780331934642804,-0.01595920880105422,0.0010391381843605303,-0.176845147742112,0.7464393990703777,0.7632219889748636,0.21793965538797244,1,1,0,1,1,1,0,0,0,0,0,0.016998346985414747
55,4.799655442984406,1.5277777777777777,scaled,6000,4000,5000,-0.057803315246031405,-0.01597377374252892,0.0010407586928738869,-0.17247770237121682,0.74654057235559,0.76323275649416,0.21870305483062344,1,1,1,1,1,1,0,0,0,0,0,0.017014532435402806
56,4.886921905584122,1.5555555555555556,fixed,3000,200,250,-0.05701686321033268,-0.018283125964963867,-0.0028285667233890824,-0.17580663147920955,0.7420709406468863,0.7557978618405999,0.22110657126579897,1,1,0,1,0,1,0,0,0,0,0,0.015454559241574784
56,4.886921905584122,1.5555555555555556,fixed,6000,200,250,-0.05701684775157804,-0.018283803328110977,-0.002831500715840836,-0.17656000650212464,0.742046206433148,0.7557790422455511,0.22097137771016503,1,1,0,1,0,1,0,0,0,0,0,0.015452302612270142
56,4.886921905584122,1.5555555555555556,scaled,3000,2000,2500,-0.05701684407080334,-0.018282807719737056,-0.0028291176254447367,-0.17312636270151194,0.7421270022490281,0.7557703107070981,0.22164272862839574,1,1,1,1,0,1,0,0,0,0,0,0.01545369009429232
56,4.886921905584122,1.5555555555555556,scaled,6000,4000,5000,-0.05701684069103646,-0.018282630857653283,-0.0028401779486648374,-0.17616778665795288,0.7420540439159478,0.7557639982826909,0.22116449724444265,1,1,1,1,0,1,0,0,0,0,0,0.015442452908988446
57,4.974188368183839,1.5833333333333333,fixed,3000,200,250,-0.05618805445434835,-0.02125481340731423,-0.006359671663036098,-0.17045882077423835,0.7270069086247857,0.739190485722723,0.2186617604906013,1,1,0,1,0,1,0,0,0,0,0,0.01489514174427813
57,4.974188368183839,1.5833333333333333,fixed,6000,200,250,-0.05618804190564557,-0.021254289989799172,-0.006359715135933938,-0.17017579961442936,0.727011855394485,0.739178652728043,0.21864838705924539,1,1,0,1,0,1,0,0,0,0,0,0.014894574853865234
57,4.974188368183839,1.5833333333333333,scaled,3000,2000,2500,-0.056188039603314255,-0.021254039175450882,-0.006353803435626526,-0.17242248051935194,0.7269386558099749,0.7391612781334679,0.2185511576815107,1,1,1,1,0,1,0,0,0,0,0,0.014900235739824356
57,4.974188368183839,1.5833333333333333,scaled,6000,4000,5000,-0.05618803598241445,-0.02125255027119701,-0.006364292657838357,-0.1705303801530966,0.7269867320637619,0.7391647734343917,0.2186591599306635,1,1,1,1,0,1,0,0,0,0,0,0.014888257613358654
58,5.061454830783555,1.611111111111111,fixed,3000,200,250,-0.055326811999393335,-0.025155215923142446,-0.009501078520401794,-0.15879358909610666,0.7038152405074714,0.7152645532942521,0.21174129373444459,1,1,1,1,0,1,0,0,0,0,1,0.015654137402740652
58,5.061454830783555,1.611111111111111,fixed,6000,200,250,-0.055326801093583525,-0.02515592071452145,-0.009502879731804513,-0.15868689017986895,0.70381848153366,0.7152554258174639,0.2117088017299142,1,1,1,1,0,1,0,0,0,0,1,0.015653040982716936
58,5.061454830783555,1.611111111111111,scaled,3000,2000,2500,-0.055326798275932856,-0.025152817146347792,-0.009483835029701192,-0.15859584595650805,0.7037690061398706,0.7152431349103712,0.21190284271849535,1,1,1,1,0,1,0,0,0,0,1,0.0156689821166466
58,5.061454830783555,1.611111111111111,scaled,6000,4000,5000,-0.05532679580695722,-0.02515891238082991,-0.009503621003744753,-0.15716001783843594,0.7038405948276026,0.7152481770718082,0.2120035911217617,1,1,1,1,0,1,0,0,0,0,1,0.015655291377085157
59,5.148721293383272,1.6388888888888888,fixed,3000,200,250,-0.05444243737530884,-0.03039771240387286,-0.012230215176481714,-0.14631506119017168,0.6728513445198625,0.6841903814219588,0.19999562035757515,1,1,1,1,0,1,0,0,0,0,1,0.018167497227391145
59,5.148721293383272,1.6388888888888888,fixed,6000,200,250,-0.05444242607645656,-0.030397209482369153,-0.012228959920219452,-0.14553151242429374,0.6728660681122278,0.684184384096079,0.20002422965539732,1,1,1,1,0,1,0,0,0,0,1,0.0181682495621497
59,5.148721293383272,1.6388888888888888,scaled,3000,2000,2500,-0.05444242266679545,-0.030396743276218288,-0.01223369151048917,-0.14832422610861914,0.6728188723244547,0.6841742900214473,0.19992486369101276,1,1,1,1,0,1,0,0,0,0,1,0.01816305176572912
59,5.148721293383272,1.6388888888888888,scaled,6000,4000,5000,-0.0544424209043799,-0.030400414390591685,-0.01222637757763396,-0.14608061263011776,0.6728568071613765,0.6841766331415785,0.199987836790607,1,1,1,1,0,1,0,0,0,0,1,0.018174036812957726
60,5.235987755982989,1.6666666666666667,fixed,3000,200,250,-0.053544117983623955,-0.03760688624214264,-0.01447782823035461,-0.13089466879256983,0.6338220096613063,0.6455514032772995,0.18389002862376477,1,1,1,1,0,1,0,0,0,0,1,0.02312905801178803
60,5.235987755982989,1.6666666666666667,fixed,6000,200,250,-0.05354410554076802,-0.03760749148135216,-0.014475865578902887,-0.13008243916733594,0.6338319661751819,0.6455460654326217,0.18391784061045716,1,1,1,1,0,1,0,0,0,0,1,0.02313162590244927
60,5.235987755982989,1.6666666666666667,scaled,3000,2000,2500,-0.05354410156455244,-0.03760236740358191,-0.014489019325033324,-0.13199974896724373,0.6337632013526021,0.6455352657124809,0.18392171681169986,1,1,1,1,0,1,0,0,0,0,1,0.023113348078548583
60,5.235987755982989,1.6666666666666667,scaled,6000,4000,5000,-0.05354410015271217,-0.03760642275619664,-0.014475678195131047,-0.1294369265560904,0.6338570669882382,0.645542464723131,0.18405839768901455,1,1,1,1,0,1,0,0,0,0,1,0.02313074456106559
61,5.323254218582705,1.6944444444444444,fixed,3000,200,250,-0.052641367710176655,-0.04773466344751759,-0.016154078874896352,-0.11392064683639332,0.5862082270730335,0.5988408835366046,0.1638026421589269,1,1,1,1,0,1,0,0,0,0,1,0.03158058457262124
61,5.323254218582705,1.6944444444444444,fixed,6000,200,250,-0.052641356753262106,-0.04773630986103777,-0.016151389632368496,-0.11344852044182238,0.5862169882153715,0.5988361857779592,0.1637984094015001,1,1,1,1,0,1,0,0,0,0,1,0.03158492022866928
61,5.323254218582705,1.6944444444444444,scaled,3000,2000,2500,-0.05264135499210084,-0.04772209590845201,-0.016155802675698296,-0.11616825121247358,0.5861760279344905,0.5988289697681312,0.16375769557318606,1,1,1,1,0,1,0,0,0,0,1,0.031566293232753714
61,5.323254218582705,1.6944444444444444,scaled,6000,4000,5000,-0.0526413518999921,-0.04773638812622399,-0.016147576044174123,-0.11410780699224826,0.5862074071524185,0.5988304263360853,0.16377172944291046,1,1,1,1,0,1,0,0,0,0,1,0.03158881208204986
62,5.410520681182422,1.7222222222222223,fixed,3000,200,250,-0.0517444574148547,-0.06197189524007234,-0.017133587305361235,-0.09583797786815917,0.5298514734618902,0.5439117072306185,0.14074364463033448,1,1,1,1,0,1,0,0,0,0,1,0.034610870109493465
62,5.410520681182422,1.7222222222222223,fixed,6000,200,250,-0.05174445089660033,-0.061972266776078686,-0.01713046325052215,-0.09541251744886692,0.5298605329577619,0.5439077061313546,0.14073634686878095,1,1,1,1,0,1,0,0,0,0,1,0.03461398764607818
62,5.410520681182422,1.7222222222222223,scaled,3000,2000,2500,-0.05174444862540426,-0.06196888293809362,-0.017135561854305467,-0.09791734976589893,0.5298460565279128,0.5439045098357116,0.14072029532551134,1,1,1,1,0,1,0,0,0,0,1,0.034608886771098794
62,5.410520681182422,1.7222222222222223,scaled,6000,4000,5000,-0.05174444753433006,-0.06197472204305652,-0.0171249665542067,-0.09591045616717568,0.5298622225443924,0.5439039946024372,0.14073474569262948,1,1,1,1,0,1,0,0,0,0,1,0.03461948098012336
63,5.497787143782138,1.75,fixed,3000,200,250,-0.05086484162399031,-0.08011905884717614,-0.01727544370730388,-0.07686254006227036,0.4653852657144381,0.48136867370440767,0.11635632253866489,1,1,1,1,0,1,0,0,0,0,0,0.03358939791668643
63,5.497787143782138,1.75,fixed,6000,200,250,-0.05086483325077834,-0.08011936212414414,-0.017276813178909386,-0.07730303359406393,0.4653730048487039,0.48136228556165706,0.11632076161445383,1,1,1,1,0,1,0,0,0,0,0,0.03358802007186895
63,5.497787143782138,1.75,scaled,3000,2000,2500,-0.050864830677743084,-0.08011936135972479,-0.017259451293083466,-0.07731003389073084,0.46539555563319407,0.48136118767295993,0.11641007979396953,1,1,1,1,0,1,0,0,0,0,0,0.033605379384659614
63,5.497787143782138,1.75,scaled,6000,4000,5000,-0.05086482941093291,-0.08011960198786583,-0.01727931565492254,-0.07768651960469176,0.46535125048268544,0.4813544805622416,0.11631723066902984,1,1,1,1,0,1,0,0,0,0,0,0.03358551375601038
64,5.585053606381854,1.7777777777777777,fixed,3000,200,250,-0.05001554108381903,-0.09723005770541517,-0.016470849843888583,-0.058157044249613425,0.39435091260365374,0.41260546808134063,0.09266992686513432,1,1,1,1,0,1,0,0,0,0,0,0.03354469123993045
64,5.585053606381854,1.7777777777777777,fixed,6000,200,250,-0.05001552746482196,-0.09722991482811683,-0.01646936508488136,-0.05756129869219229,0.3943688055548613,0.4126089684830668,0.09266808231318832,1,1,1,1,0,1,0,0,0,0,0,0.033546162379940604
64,5.585053606381854,1.7777777777777777,scaled,3000,2000,2500,-0.05001552442675583,-0.09722991481661933,-0.016479574478680627,-0.05888507159734346,0.39428674584901885,0.4125988263190812,0.09269407834621789,1,1,1,1,0,1,0,0,0,0,0,0.033535949948075204
64,5.585053606381854,1.7777777777777777,scaled,6000,4000,5000,-0.050015521923628674,-0.09722984108189968,-0.01646926985974113,-0.057080752238950004,0.3944125622702191,0.41261712461631017,0.09273620739508287,1,1,1,1,0,1,0,0,0,0,0,0.03354625206388755
65,5.672320068981571,1.8055555555555556,fixed,3000,200,250,-0.0492115115837239,-0.11246726339742898,-0.014637870112421226,-0.03806132691679943,0.3187153216386047,0.3390518115899151,0.07155539607909746,1,1,1,1,0,1,0,0,0,0,0,0.03457364147130268
65,5.672320068981571,1.8055555555555556,fixed,6000,200,250,-0.04921151052390062,-0.11246719191544668,-0.014635802558358914,-0.03770581998070465,0.3186916302254635,0.339025320870264,0.07154027576864001,1,1,1,1,0,1,0,0,0,0,0,0.0345757079655417
65,5.672320068981571,1.8055555555555556,scaled,3000,2000,2500,-0.049211508211624455,-0.11246716341990061,-0.014653258437177808,-0.037756545082098615,0.31870512406421275,0.33900891427670277,0.07161418432244855,1,1,1,1,0,1,0,0,0,0,0,0.034558249774446645
65,5.672320068981571,1.8055555555555556,scaled,6000,4000,5000,-0.04921150909388754,-0.11246715428590442,-0.014633093645266573,-0.03752028603164472,0.3186434670809638,0.3389951926083546,0.07153424025377096,1,1,1,1,0,1,0,0,0,0,0,0.03457841544862096
66,5.759586531581287,1.8333333333333333,fixed,3000,200,250,-0.04847002822154677,-0.12620143820786267,-0.011744980472785025,-0.017921142728020784,0.23807796231360004,0.2586422757763791,0.05381870819029396,1,1,1,1,0,1,0,0,0,0,0,0.036725047748761744
66,5.759586531581287,1.8333333333333333,fixed,6000,200,250,-0.04847001307678385,-0.12620140070482005,-0.011745272027162797,-0.01795368542615484,0.23808360227939798,0.25864841719644294,0.0538087304276659,1,1,1,1,0,1,0,0,0,0,0,0.03672474104962105
66,5.759586531581287,1.8333333333333333,scaled,3000,2000,2500,-0.04847001046622608,-0.12620140279375291,-0.011737727012237888,-0.017875731771080393,0.23804332288923,0.25860652328136374,0.05385157182721213,1,1,1,1,0,1,0,0,0,0,0,0.03673228345398819
66,5.759586531581287,1.8333333333333333,scaled,6000,4000,5000,-0.04847000691189398,-0.12620137593863381,-0.011742370545111252,-0.017952671131174998,0.23808775303306656,0.258653005201581,0.05383508786222481,1,1,1,1,0,1,0,0,0,0,0,0.03672763636678273
67,5.8468529941810035,1.861111111111111,fixed,3000,200,250,-0.04781049324207866,-0.13861608743675988,-0.007772005270891574,0.001987200933633843,0.14301894088808295,0.15512988623471927,0.03856966924096938,1,1,1,1,0,1,0,0,0,0,0,0.04003848797118709
67,5.8468529941810035,1.861111111111111,fixed,6000,200,250,-0.047810494249238236,-0.13861606319612854,-0.007755138661602986,0.0018884404455705292,0.14380704962528798,0.1560291356514421,0.0386676525151341,1,1,1,1,0,1,0,0,0,0,0,0.04005535558763525
67,5.8468529941810035,1.861111111111111,scaled,3000,2000,2500,-0.04781048463631692,-0.13861606136025098,-0.007760954167357396,0.000949329775165814,0.14549624011098203,0.15816971189307558,0.03886430185987507,1,1,1,1,0,1,0,0,0,0,0,0.040049530468959524
67,5.8468529941810035,1.861111111111111,scaled,6000,4000,5000,-0.047810493677608805,-0.13861604650873355,-0.007752716872529423,0.0018260843461808235,0.14414912850007938,0.1564543124437107,0.038700284564173945,1,1,1,1,0,1,0,0,0,0,0,0.04005777680507938
68,5.93411945678072,1.8888888888888888,fixed,3000,200,250,-0.04725421687953901,-0.14982874805319454,-0.004079663140374954,0.006946830132371645,0.09948385749400983,0.10189343273928818,0.03202156422214739,1,1,1,1,0,1,0,0,0,0,0,0.04317455373916406
68,5.93411945678072,1.8888888888888888,fixed,6000,200,250,-0.04725418757216211,-0.14982874496660276,-0.004077117351639471,0.006878769318365373,0.09914272289867486,0.10137198344895959,0.03198543500945444,1,1,1,1,0,1,0,0,0,0,0,0.04317707022052264
68,5.93411945678072,1.8888888888888888,scaled,3000,2000,2500,-0.047254188192897194,-0.14982876338748907,-0.004076318840154414,0.006757220529043815,0.09884598055290557,0.1009157995141349,0.031988142064242345,1,1,1,1,0,1,0,0,0,0,0,0.04317786935274278
68,5.93411945678072,1.8888888888888888,scaled,6000,4000,5000,-0.04725417790253295,-0.14982873379056477,-0.004076116053524359,0.006811042316447952,0.09882429136855302,0.1008832060274654,0.03197129370234155,1,1,1,1,0,1,0,0,0,0,0,0.043178061849008596
69,6.021385919380437,1.9166666666666667,fixed,3000,200,250,-0.04682222043622145,-0.1599186187483314,-0.003466823931469089,0.015251765789377422,0.09328038666550435,0.09633704790450401,0.028863475906533393,1,1,1,1,0,1,0,0,0,0,0,0.04335539650475236
69,6.021385919380437,1.9166666666666667,fixed,6000,200,250,-0.046822294579985,-0.15991868408524235,-0.0034671097851158767,0.015268030074513298,0.09324231969785417,0.09628010222876356,0.02884978944166864,1,1,1,1,0,1,0,0,0,0,0,0.04335518479486912
69,6.021385919380437,1.9166666666666667,scaled,3000,2000,2500,-0.04682232022754511,-0.1599187765181318,-0.003467292284324476,0.01527043223158524,0.09320402655488995,0.09622615558605332,0.028865263840827434,1,1,1,1,0,1,0,0,0,0,0,0.04335502794322063
69,6.021385919380437,1.9166666666666667,scaled,6000,4000,5000,-0.0468223176140781,-0.15991870244106113,-0.003467290116458527,0.015284634967363174,0.09320673471154728,0.09622675110301601,0.028853907859747105,1,1,1,1,0,1,0,0,0,0,0,0.043355027497619575
70,6.1086523819801535,1.9444444444444444,fixed,3000,200,250,-0.04653242173605585,-0.1688904971986008,-0.005355622546111243,0.03257609285730477,0.080559439470539,0.08579857256776978,0.022830043622417903,1,1,1,1,0,1,0,0,0,0,0,0.04117679918994461
70,6.1086523819801535,1.9444444444444444,fixed,6000,200,250,-0.04653218955404467,-0.16889066005706055,-0.005356605094685792,0.03259062220099993,0.08056985355208252,0.08576649165126503,0.022830977746870696,1,1,1,1,0,1,0,0,0,0,0,0.04117558445935888
70,6.1086523819801535,1.9444444444444444,scaled,3000,2000,2500,-0.04653194491966993,-0.16889083791183326,-0.005356675838405638,0.03259572311979421,0.08058190935776031,0.08573966414361271,0.022856146996377377,1,1,1,1,0,1,0,0,0,0,0,0.04117526908126429
70,6.1086523819801535,1.9444444444444444,scaled,6000,4000,5000,-0.046532128788260706,-0.16889068988963454,-0.005356986883150478,0.03260711044048247,0.08057871940964906,0.08573580788778506,0.02284490582317617,1,1,1,1,0,1,0,0,0,0,0,0.04117514190511023
71,6.19591884457987,1.9722222222222223,fixed,3000,200,250,-0.04638792237031146,-0.1764126408953787,-0.010861509236607078,0.056791151777338816,0.045111655816745984,0.05362173222267846,0.01030006183962087,1,1,1,1,0,1,0,0,0,0,0,0.03552641313370438
71,6.19591884457987,1.9722222222222223,fixed,6000,200,250,-0.046387601775217675,-0.1764109928499092,-0.01086284105909303,0.05679042247897558,0.044857174352010046,0.05306360592101321,0.010282514833328213,1,1,1,1,0,1,0,0,0,0,0,0.03552476071612465
71,6.19591884457987,1.9722222222222223,scaled,3000,2000,2500,-0.04638704376281828,-0.17640955158551028,-0.010864423228362723,0.05682165618479784,0.04464353609659756,0.05257076749252908,0.010282847202689882,1,1,1,1,0,1,0,0,0,0,0,0.035522620534455554
71,6.19591884457987,1.9722222222222223,scaled,6000,4000,5000,-0.04638775139752608,-0.1764104339986189,-0.010863181976655867,0.05678608344410594,0.04461196737070649,0.05253458003908328,0.0102703040844799,1,1,1,1,0,1,0,0,0,0,0,0.03552456942087021
