mask_name,policy,T,profile_index,phi,phi_over_pi,v_fit_A,v_fit_B,v_fit_ABB,margin_A_losing,margin_B_losing,margin_ABB_winning,margin_primary_transport,margin_sensitivity_transport,strict_stage3,drift_stage3,pp_primary,pp_sensitivity
pp_primary,fixed,3000,0,1.7328366249497134,0.5515790288628473,-0.05971002138389826,-0.011648369649530439,0.09132225775817913,0.050726512356524936,0.002664860622157112,0.08233874873080581,2.7235778745804406e-05,0.03405912468708759,1,1,1,1
pp_primary,fixed,3000,1,1.7354208571888807,0.5524016155327691,-0.059726320277617775,-0.01161555301169244,0.09071394907844112,0.05074281125024445,0.002632043984319113,0.08173044005106779,0.006204809286935203,0.041966425386948614,1,1,1,1
pp_primary,fixed,3000,2,1.7380050894280483,0.553224202202691,-0.059742532637188046,-0.01158296684607241,0.09012278181783864,0.05075902360981472,0.0025994578186990837,0.08113927279046532,0.010765093782858004,0.04791626843495761,1,1,1,1
pp_primary,fixed,3000,3,1.7405893216672157,0.5540467888726128,-0.059758657500537105,-0.011550611192078647,0.08955756913548689,0.05077514847316378,0.0025671021647053205,0.08057406010811356,0.013811505557094997,0.05199071717572998,1,1,1,1
pp_primary,fixed,3000,4,1.743173553906383,0.5548693755425347,-0.059774694589712414,-0.011518484531435391,0.08902232259383484,0.05079118556233909,0.0025349755040620647,0.08003881356646152,0.01557899888962612,0.054451182904533144,1,1,1,1
pp_primary,fixed,3000,5,1.7457577861455507,0.5556919622124566,-0.059790643199330785,-0.011486583779366297,0.08851745864891603,0.05080713417195746,0.0025030747519929706,0.0795339496215427,0.016350428699768257,0.05562626093567122,1,1,1,1
pp_primary,fixed,3000,6,1.748342018384718,0.5565145488823785,-0.05980650260849093,-0.01145490435417485,0.0880411198952294,0.0508229935811176,0.002471395326801523,0.07905761086785608,0.016376690715835293,0.055825331215631505,1,1,1,1
pp_primary,fixed,3000,7,1.7509262506238856,0.5573371355523004,-0.05982227253693659,-0.011423440527467776,0.08759045704800113,0.05083876350956326,0.0024399315000944496,0.0786069480206278,0.015849888605185658,0.055298970709799986,1,1,1,1
pp_primary,fixed,3000,8,1.753510482863053,0.5581597222222222,-0.059837951981043955,-0.011392185334819423,0.08716225905212192,0.05085444295367063,0.0024086763074460966,0.0781787500247486,0.014917265021579765,0.054236989121664816,1,1,1,1
pp_primary,fixed,3000,9,1.7560947151022204,0.5589823088921441,-0.059853540657673385,-0.011361131204524373,0.08675318484127918,0.05087003163030006,0.0023776221771510467,0.07776967581390586,0.013683787820888707,0.052774774006154185,1,1,1,1
pp_primary,fixed,3000,10,1.758678947341388,0.559804895562066,-0.05986903782270991,-0.011330269785394871,0.08636040164786038,0.05088552879533658,0.0023467607580215447,0.07737689262048705,0.012212302013880641,0.05100158171527623,1,1,1,1
pp_primary,fixed,3000,11,1.7612631795805553,0.5606274822319879,-0.0598844427410403,-0.01129959263297743,0.08598197280326744,0.050900933713666975,0.0023160836056041034,0.07699846377589412,0.010544666573022013,0.04897683653462222,1,1,1,1
pp_primary,fixed,3000,12,1.763847411819723,0.5614500689019097,-0.059899755118065695,-0.011269091134556106,0.0856162918167046,0.05091624609069237,0.0022855821071827796,0.07663278278933128,0.008715101172962855,0.046742940968674096,1,1,1,1
pp_primary,fixed,3000,13,1.7664316440588903,0.5622726555718316,-0.05991497391463795,-0.011238756981701993,0.08526174176480883,0.050931464887264626,0.0022552479543286666,0.0762782327374355,0.006741816381763105,0.04432642537129944,1,1,1,1
pp_primary,fixed,3000,14,1.7690158762980577,0.5630952422417534,-0.05993009885411354,-0.011208582354425239,0.08491730485905451,0.05094658982674021,0.0022250733270519126,0.07593379583168118,0.00462917904517457,0.041740334566857315,1,1,1,1
pp_primary,fixed,3000,15,1.7716001085372253,0.5639178289116754,-0.0599451291536497,-0.011178560014421931,0.08458274399192553,0.05096162012627637,0.0021950509870486048,0.0755992349645522,0.0023834892902569044,0.038993043927693566,1,1,1,1
pp_primary,fixed,3000,16,1.7741843407763926,0.5647404155815973,-0.05996006407538061,-0.011148683756052952,0.0842578003927417,0.050976555048007285,0.002165174728679626,0.07527429136536837,1.1772548454414e-05,0.036090837265907325,1,1,1,1
pp_sensitivity,fixed,3000,0,1.7245914782148282,0.5489545171440973,-0.05965744534533584,-0.011754584109002096,0.09321569344585127,0.05067393631796251,0.0027710750816287693,0.08423218441847795,-0.027656067740180368,7.844970569351184e-05,1,1,0,1
pp_sensitivity,fixed,3000,1,1.7292330023960818,0.5504319601779515,-0.05968714923372413,-0.011694512480388204,0.09217289201611291,0.050703640206350806,0.0027110034530148774,0.08318938298873958,-0.011038692895728897,0.020217357254573604,1,1,0,1
pp_sensitivity,fixed,3000,2,1.7338745265773354,0.5519094032118056,-0.059716577852381665,-0.011635161924415504,0.09107666816507279,0.05073306882500834,0.0026516528970421775,0.08209315913769946,0.0027015518505847658,0.03746444985634939,1,1,1,1
pp_sensitivity,fixed,3000,3,1.738516050758589,0.5533868462456597,-0.059745727850625645,-0.011576551133717148,0.0900087793039553,0.05076221882325232,0.002593042106343821,0.08102527027658198,0.011481472823099012,0.04886416801144197,1,1,1,1
pp_sensitivity,fixed,3000,4,1.743157574939843,0.5548642892795139,-0.05977459569886978,-0.011518682480998941,0.08902553778177286,0.050791086671496455,0.0025351734536256144,0.08004202875439953,0.015571418266731987,0.05444026087635949,1,1,1,1
pp_sensitivity,fixed,3000,5,1.7477990991210965,0.5563417323133681,-0.059803178119036515,-0.011461541765903036,0.08813896080919416,0.05081966909166319,0.0024780327385297094,0.07915545178182083,0.016422714931972934,0.05585113012848607,1,1,1,1
pp_sensitivity,fixed,3000,6,1.7524406233023502,0.5578191753472223,-0.05983147177852364,-0.011405099994408382,0.08733702254616339,0.05084796275115031,0.0024215909670350557,0.07835351351879007,0.015344807253980311,0.054731760958522904,1,1,1,1
pp_sensitivity,fixed,3000,7,1.7570821474836038,0.5592966183810765,-0.059859472979456,-0.011349316785593675,0.0866013021766017,0.05087596395208267,0.0023658077582203486,0.07761779314922837,0.013147166126512788,0.05213025451016505,1,1,1,1
pp_sensitivity,fixed,3000,8,1.7617236716648574,0.5607740614149306,-0.05988717810218282,-0.011294144851697682,0.0859159257012373,0.05090366907480949,0.0023106358243243554,0.07693241667386397,0.010229715651555976,0.0485931040795089,1,1,1,1
pp_sensitivity,fixed,3000,9,1.766365195846111,0.5622515044487848,-0.05991458376997009,-0.011239534932880482,0.08527072933300142,0.05093107474259676,0.0022560259055071554,0.0762872203056281,0.006794312856227669,0.04439072368428233,1,1,1,1
pp_sensitivity,fixed,3000,10,1.7710067200273647,0.5637289474826389,-0.059941686345520474,-0.011185440583718897,0.08465869822267505,0.05095817731814715,0.002201931556345571,0.07567518919530172,0.0029104178406183373,0.03963772696454701,1,1,1,1
pp_sensitivity,fixed,3000,11,1.7756482442086183,0.565206390516493,-0.05996848195662197,-0.011131822291231898,0.08407778800334043,0.05098497292924865,0.002148313263858571,0.0750942789759671,-0.0013888214480140826,0.034378184513076365,1,1,0,1
pp_sensitivity,fixed,3000,12,1.780289768389872,0.5666838335503472,-0.059994967007705485,-0.01107865053527055,0.08352631071895067,0.05101145798033216,0.0020951415078972243,0.07454280169157734,-0.006124954925073187,0.02860627814281952,1,1,0,1
pp_sensitivity,fixed,3000,13,1.7849312925711258,0.5681612765842015,-0.06002113796821092,-0.011025907559969973,0.08300571429850835,0.0510376289408376,0.0020423985325966464,0.07402220527113502,-0.01131992319563234,0.02229878933368823,1,1,0,1
pp_sensitivity,fixed,3000,14,1.7895728167523794,0.5696387196180556,-0.060046990918354665,-0.010973587788436157,0.08251482346966871,0.05106348189098134,0.00199007876106283,0.07353131444229538,-0.017006826899065824,0.015433515834495565,1,1,0,1
pp_sensitivity,fixed,3000,15,1.794214340933633,0.5711161626519098,-0.060072521918369905,-0.010921696963363117,0.08205287116562368,0.05108901289099658,0.00193818793598979,0.07306936213825035,-0.02320729026169524,0.0079996851688659,1,1,0,1
pp_sensitivity,fixed,3000,16,1.7988558651148867,0.5725936056857639,-0.06009772733021929,-0.010870250219517883,0.08161596246903258,0.051114218302845967,0.0018867411921445563,0.07263245344165925,-0.029907850508757272,2.3574383917951414e-05,1,1,0,1
pp_primary,fixed,6000,0,1.7331945538002198,0.5516929611545138,-0.05971225613332391,-0.011644551387401452,0.09139409489895034,0.050728747105950586,0.002661042360028126,0.08241058587157701,5.640603294422564e-05,0.034185956434033646,1,1,1,1
pp_primary,fixed,6000,1,1.7357444312613253,0.552504612358941,-0.05972832668812353,-0.011612204601375587,0.09076883908414148,0.0507448176607502,0.002628695574002261,0.08178533005676815,0.007678512281010727,0.044060465195779594,1,1,1,1
pp_primary,fixed,6000,2,1.7382943087224307,0.553316263563368,-0.05974431269580593,-0.011580060427364158,0.09014278534600162,0.0507608036684326,0.002596551399990831,0.08115927631862829,0.013240809891106722,0.05143110565279829,1,1,1,1
pp_primary,fixed,6000,3,1.7408441861835362,0.5541279147677951,-0.05976021360672911,-0.011548128782692933,0.08954088320976554,0.050776704579355784,0.002564619755319606,0.08055737418239221,0.016586053017361074,0.055995308733863616,1,1,1,1
pp_primary,fixed,6000,4,1.7433940636446414,0.5549395659722222,-0.05977602887527701,-0.011516415060845912,0.08897723887901714,0.050792519847903686,0.0025329060334725855,0.07999372985164381,0.0181423014818628,0.05822738407129609,1,1,1,1
pp_primary,fixed,6000,5,1.745943941105747,0.5557512171766492,-0.0597917579480195,-0.011484919309953143,0.08845386165402884,0.05080824892064617,0.0025014102825798162,0.07947035262665551,0.018464503060214577,0.05882860052570453,1,1,1,1
pp_primary,fixed,6000,6,1.7484938185668524,0.5565628683810764,-0.05980740025658781,-0.011453636221542779,0.08796731009865905,0.050823891229214484,0.002470127194169452,0.07898380107128572,0.01801415826748448,0.05839196932771233,1,1,1,1
pp_primary,fixed,6000,7,1.7510436960279578,0.5573745195855034,-0.05982295522602638,-0.011422555888048426,0.08751192349257425,0.050839446198653056,0.002439046860675099,0.07852841446520092,0.0170761667348497,0.05730161929416287,1,1,1,1
pp_primary,fixed,6000,8,1.7535935734890633,0.5581861707899305,-0.059838422286267796,-0.011391665180489499,0.08708252652508373,0.05085491325889447,0.0024081561531161724,0.07809901749771041,0.015821992473938104,0.055786282601467785,1,1,1,1
pp_primary,fixed,6000,9,1.7561434509501688,0.5589978219943577,-0.05985380086966889,-0.011360949519409396,0.08667484962471127,0.050870291842295565,0.0023774404920360696,0.07769134059733794,0.014338496345767116,0.05396860832678792,1,1,1,1
pp_primary,fixed,6000,10,1.7586933284112742,0.5598094731987847,-0.05986909039817039,-0.011330394771377504,0.08628538122291791,0.050885581370797066,0.0023468857440041777,0.07730187219554459,0.01267890073106609,0.05192156505433802,1,1,1,1
pp_primary,fixed,6000,11,1.7612432058723797,0.5606211244032118,-0.05988429027916643,-0.01129998900276025,0.08591159558193445,0.050900781251793106,0.0023164799753869238,0.07692808655456113,0.010870588075182014,0.049685255600051104,1,1,1,1
pp_primary,fixed,6000,12,1.7637930833334852,0.5614327756076389,-0.059899399916323065,-0.011269723858828932,0.08555120129803433,0.05091589088894974,0.0022862148314556057,0.076567692270661,0.008932357312658623,0.04728726269222325,1,1,1,1
pp_primary,fixed,6000,13,1.7663429607945904,0.5622444268120659,-0.05991441871941145,-0.01123959540155457,0.08520280608504867,0.050930909692038125,0.002256086374181244,0.07621929705767534,0.006875328549081933,0.04474335234218403,1,1,1,1
pp_primary,fixed,6000,14,1.7688928382556959,0.563056078016493,-0.05992934609853602,-0.011209604322477586,0.08486503019686542,0.050945837071162695,0.0022260952951042596,0.0758815211694921,0.004703888670245793,0.04206295876276772,1,1,1,1
pp_primary,fixed,6000,15,1.7714427157168013,0.5638677292209201,-0.05994418145112114,-0.011179755535323195,0.08453735991875574,0.05096067242374781,0.0021962465079498686,0.07555385089138242,0.002420771709634839,0.03924871220875581,1,1,1,1
pp_primary,fixed,6000,16,1.7739925931779068,0.5646793804253472,-0.05995892416083177,-0.011150057234491756,0.0842191198235576,0.05097541513345844,0.002166548207118429,0.07523561079618428,1.9805672131181784e-05,0.03629756974152233,1,1,1,1
pp_sensitivity,fixed,6000,0,1.725128371490588,0.5491254155815972,-0.05966086861507014,-0.01174806193002647,0.09316261519279873,0.05067735958769681,0.002764552902653143,0.0841791061654254,-0.027615744361766364,6.1018335525242495e-05,1,1,0,1
pp_sensitivity,fixed,6000,1,1.7297275514105095,0.5505893800184463,-0.05969027078071341,-0.0116888341582819,0.09219517009810171,0.05070676175334008,0.0027053251309085737,0.08321166107072839,-0.011962460658051788,0.01904245993227316,1,1,0,1
pp_sensitivity,fixed,6000,2,1.734326731330431,0.5520533444552952,-0.05971940205883113,-0.011630164781308962,0.09111854301527701,0.050735893031457806,0.0026466557539356356,0.08213503398790369,0.003652333326992413,0.03881769742178716,1,1,1,1
pp_sensitivity,fixed,6000,3,1.7389259112503523,0.5535173088921441,-0.05974825928891166,-0.011572130889862696,0.08999067786141622,0.05076475026153834,0.002588621862489369,0.0810071688340429,0.014265715893909611,0.05281407200944288,1,1,1,1
pp_sensitivity,fixed,6000,4,1.7435250911702735,0.554981273328993,-0.059776839232101475,-0.011514791337478883,0.08894937488081771,0.05079333020472815,0.002531282310105557,0.07996586585344438,0.018184335933719487,0.05829222206202045,1,1,1,1
pp_sensitivity,fixed,6000,5,1.748124271090195,0.556445237765842,-0.05980513865405834,-0.011458157162159997,0.088035775354516,0.050821629626685016,0.002474648134786671,0.07905226632714267,0.01811506198601437,0.058502819274973236,1,1,1,1
pp_sensitivity,fixed,6000,6,1.7527234510101164,0.557909202202691,-0.05983315420594408,-0.011402185937170297,0.08722644828617786,0.050849645178570754,0.00241867690979697,0.07824293925880453,0.016279647114404702,0.05634228545399886,1,1,1,1
pp_sensitivity,fixed,6000,7,1.7573226309300378,0.55937316663954,-0.0598608825563728,-0.011346800399708363,0.08649267102886164,0.05087737352899947,0.002363291372335036,0.07750916200148832,0.013591703788334103,0.05304793622417059,1,1,1,1
pp_sensitivity,fixed,6000,8,1.7619218108499592,0.5608371310763889,-0.059888320275489994,-0.01129192098242385,0.08581445467706654,0.05090481124811667,0.002308411955050523,0.07683094564969321,0.01036754085372317,0.04906237150445525,1,1,1,1
pp_sensitivity,fixed,6000,9,1.7665209907698807,0.5623010955132379,-0.05991546391180502,-0.011237496958021027,0.08517888965739112,0.050931954884431696,0.0022539879306477002,0.0761953806300178,0.006727594329553291,0.04456067575841709,1,1,1,1
pp_sensitivity,fixed,6000,10,1.771120170689802,0.5637650599500869,-0.059942309971915256,-0.01118352311814844,0.0845782788163087,0.05095880094454193,0.0022000140907751133,0.07559476978893537,0.0027156186434203478,0.0396119816415917,1,1,1,1
pp_sensitivity,fixed,6000,11,1.7757193506097235,0.5652290243869358,-0.059968854878134734,-0.01113003634199458,0.0840090036049436,0.05098534585076141,0.002146527314621253,0.07502549457757027,-0.0016745249978355886,0.03421834352482507,1,1,0,1
pp_sensitivity,fixed,6000,12,1.780318530529645,0.5666929888237847,-0.05999509506485839,-0.011077095274527344,0.0834695115593912,0.05101158603748506,0.0020935862471540174,0.07448600253201787,-0.0064762566955461065,0.028347550404877672,1,1,0,1
pp_sensitivity,fixed,6000,13,1.7849177104495662,0.5681569532606336,-0.060021026841721094,-0.011024752820617628,0.08295773588379704,0.05103751781434777,0.0020412437932443017,0.07397422685642371,-0.011712651467211399,0.021982692171212403,1,1,0,1
pp_sensitivity,fixed,6000,14,1.7895168903694876,0.5696209176974826,-0.06004664653977146,-0.010973032991582645,0.08247051637375595,0.05106313751239813,0.0019895239642093183,0.07348700734638262,-0.017378664975618296,0.01514233177171978,1,1,0,1
pp_sensitivity,fixed,6000,15,1.794116070289409,0.5710848821343316,-0.06007195037578829,-0.010921920724268933,0.08200609088268465,0.05108844134841496,0.0019384116968956065,0.07302258185531132,-0.02347485860408824,0.00783608226930163,1,1,0,1
pp_sensitivity,fixed,6000,16,1.7987152502093304,0.5725488465711805,-0.060096934541830724,-0.010871367402491582,0.08156564173889215,0.0511134255144574,0.001887858375118255,0.07258213271151882,-0.030041689612612194,2.57184834965285e-05,1,1,0,1
pp_primary,scaled,3000,0,1.732465912925974,0.5514610275607639,-0.0597076421186749,-0.011653091958658927,0.09162725170547455,0.050724133091301575,0.002669582931285601,0.08264374267810122,4.373807108781769e-05,0.03443333126192995,1,1,1,1
pp_primary,scaled,3000,1,1.7350405577852173,0.5522805624728732,-0.05972389276011277,-0.011618910784281632,0.09098789447635498,0.050740383732739446,0.002635401756908306,0.08200438544898166,0.007954132472527145,0.0446517580034457,1,1,1,1
pp_primary,scaled,3000,2,1.7376152026444605,0.5531000973849826,-0.05974005736625809,-0.011585136389568377,0.09035559986379188,0.050756548338884766,0.0026016273621950504,0.08137209083641855,0.013631916581628378,0.05212849132697876,1,1,1,1
pp_primary,scaled,3000,3,1.7401898475037036,0.553919632297092,-0.05975613369836808,-0.01155179511189883,0.08974890067191636,0.050772624670994755,0.002568286084525504,0.08076539164454304,0.01714667681831275,0.05687854318199806,1,1,1,1
pp_primary,scaled,3000,4,1.7427644923629468,0.5547391672092014,-0.05977212487122181,-0.011518905172261252,0.08917542327936932,0.050788615843848486,0.002535396144887925,0.080191914251996,0.01885096099615656,0.05931325116218304,1,1,1,1
pp_primary,scaled,3000,5,1.74533913722219,0.5555587021213108,-0.059788029068872095,-0.011486470530961064,0.08863613632939477,0.05080452004149877,0.002502961503587737,0.07965262730202144,0.0192260917808197,0.060004868145791646,1,1,1,1
pp_primary,scaled,3000,6,1.7479137820814332,0.5563782370334202,-0.05980384183540751,-0.011454484512854671,0.08812837974788722,0.050820332808034184,0.0024709754854813446,0.07914487072051389,0.018706430577675112,0.0594954607274185,1,1,1,1
pp_primary,scaled,3000,7,1.7504884269406764,0.5571977719455296,-0.05981956752544201,-0.011422932039346885,0.08764919792695007,0.05083605849806869,0.002439423011973559,0.07866568889957674,0.017604085512267914,0.05820435924032584,1,1,1,1
pp_primary,scaled,3000,8,1.7530630717999196,0.5580173068576388,-0.059835204217765496,-0.011391786318218515,0.08719555119503597,0.05085169519039217,0.0024082772908451885,0.07821204216766264,0.01614341011069427,0.056427447486091964,1,1,1,1
pp_primary,scaled,3000,9,1.7556377166591628,0.5588368417697482,-0.05985075060721882,-0.011361015757726812,0.08676216122997898,0.05086724157984549,0.0023775067303534857,0.07777865220260566,0.014472787973416501,0.05435694293345719,1,1,1,1
pp_primary,scaled,3000,10,1.758212361518406,0.5596563766818576,-0.05986620539185307,-0.011330581851533624,0.08634402011656711,0.05088269636447974,0.0023470728241602977,0.07736051108919378,0.012657175607634782,0.05209869067887887,1,1,1,1
pp_primary,scaled,3000,11,1.7607870063776492,0.560475911593967,-0.05988156835993813,-0.011300442500000781,0.0859402822820196,0.050898059332564805,0.0023169334726274547,0.07695677325464627,0.01072836699176559,0.04970893778034606,1,1,1,1
pp_primary,scaled,3000,12,1.7633616512368924,0.5612954465060764,-0.05989684259590299,-0.01127055376326708,0.0855515585029412,0.050913333568529666,0.002287044735893754,0.07656804947556788,0.008726565095279137,0.04722667812243582,1,1,1,1
pp_primary,scaled,3000,13,1.7659362960961356,0.5621149814181858,-0.05991202185599818,-0.011240872210301447,0.08517644093742818,0.05092851282862485,0.0022573631829281206,0.07619293191005486,0.006670224687403983,0.04467092251755224,1,1,1,1
pp_primary,scaled,3000,14,1.7685109409553788,0.5629345163302952,-0.05992710713461161,-0.011211354468961602,0.08481488847875679,0.05094359810723828,0.0022278454415882755,0.07583137945138346,0.004540131068482264,0.04203467914588703,1,1,1,1
pp_primary,scaled,3000,15,1.771085585814622,0.5637540512424045,-0.05994210093410447,-0.011181962259238405,0.08447045230244271,0.050958591906731146,0.0021984532318650787,0.07548694327506938,0.0023205549819343557,0.03930353069055688,1,1,1,1
pp_primary,scaled,3000,16,1.7736602306738651,0.5645735861545139,-0.05995699979598388,-0.011152660662820028,0.08414485243862697,0.05097349076861055,0.0021691516354467016,0.07516134341125365,1.3036789371062563e-05,0.036467856589446235,1,1,1,1
pp_sensitivity,scaled,3000,0,1.7255757825537212,0.5492678309461806,-0.059663735764573574,-0.011746225646464653,0.09316805053878062,0.05068022673720025,0.002762716619091327,0.0841845415114073,-0.02770651425282797,8.196144374209013e-05,1,1,0,1
pp_sensitivity,scaled,3000,1,1.7301382108505996,0.5507200969780816,-0.05969287600014289,-0.01168431121033154,0.0921870678694968,0.050709366972769565,0.0027008021829582132,0.08320355884212348,-0.008740182824371875,0.02331674014000462,1,1,0,1
pp_sensitivity,scaled,3000,2,1.734700639147478,0.5521723630099826,-0.05972175216921805,-0.011623400960128625,0.09107245504658316,0.050738243141844726,0.0026398919327552985,0.08208894601920984,0.007034940255811653,0.04345378511523029,1,1,1,1
pp_sensitivity,scaled,3000,3,1.7392630674443563,0.5536246290418837,-0.059750356887882425,-0.011563745418752451,0.08996368487951563,0.0507668478605091,0.002580236391379125,0.0809801758521423,0.01611300504955053,0.05546263389055962,1,1,1,1
pp_sensitivity,scaled,3000,4,1.7438254957412345,0.5550768950737847,-0.059778689970830294,-0.011505483895592757,0.08894914998474725,0.05079518094345697,0.00252197486821943,0.07996564095737392,0.01913914045019663,0.059776255290248534,1,1,1,1
pp_sensitivity,scaled,3000,5,1.7483879240381128,0.5565291611056857,-0.05980674431920091,-0.01144864187843718,0.08803806133003395,0.050823235291827584,0.002465132851063853,0.07905455230266062,0.018539629919679584,0.059306127175553225,1,1,1,1
pp_sensitivity,scaled,3000,6,1.7529503523349912,0.5579814271375868,-0.05983452153517389,-0.011393141805515546,0.08721494250334028,0.050851012507800566,0.002409632778142219,0.07823143347596695,0.016212513410516674,0.05651244375626065,1,1,1,1
pp_sensitivity,scaled,3000,7,1.7575127806318696,0.5594336931694879,-0.05986201528451979,-0.011338820360278846,0.08645625136649827,0.05087850625714646,0.0023553113329055197,0.07747274233912495,0.013163152862909977,0.052727217656245995,1,1,1,1
pp_sensitivity,scaled,3000,8,1.762075208928748,0.560885959201389,-0.05988922205892458,-0.011285459144625278,0.0857439614163919,0.05090571303155125,0.0023019501172519517,0.07676045238901857,0.009733690313237162,0.048476674539531514,1,1,1,1
pp_sensitivity,scaled,3000,9,1.7666376372256263,0.56233822523329,-0.059916140142043564,-0.011232816822850579,0.08507650153831908,0.05093263111467024,0.0022493077954772525,0.07609299251094576,0.006098398806989466,0.043961456990790834,1,1,1,1
pp_sensitivity,scaled,3000,10,1.7712000655225046,0.5637904912651911,-0.05994276542382713,-0.011180657688793425,0.08445558315421003,0.0509592563964538,0.0021971486614200987,0.07547207412683671,0.002219819334401421,0.03917973842073108,1,1,1,1
pp_sensitivity,scaled,3000,11,1.775762493819383,0.5652427572970921,-0.05996909481669741,-0.0111287812998062,0.08389104202379018,0.050985585789324085,0.0021452722724328733,0.07490753299641685,-0.0019449782113193093,0.034063726780903136,1,1,0,1
pp_sensitivity,scaled,3000,12,1.7803249221162614,0.5666950233289931,-0.05999512192102923,-0.0110770424640493,0.08337586910663203,0.051011612893655904,0.002093533436675973,0.0743923600792587,-0.006499212544243668,0.02849741818993888,1,1,0,1
pp_sensitivity,scaled,3000,13,1.7848873504131395,0.5681472893608942,-0.06002084928678087,-0.011025361738902903,0.08291932183140384,0.051037340259407545,0.002041852711529577,0.07393581280403051,-0.011525547040430295,0.022364642971301724,1,1,0,1
pp_sensitivity,scaled,3000,14,1.7894497787100179,0.5695995553927952,-0.06004626654112768,-0.010973731456023563,0.08250035047871872,0.05106275751375435,0.0019902224286502367,0.07351684145134539,-0.017142693708372375,0.015569195410592096,1,1,0,1
pp_sensitivity,scaled,3000,15,1.7940122070068962,0.5710518214246962,-0.0600713750944258,-0.010922209768885319,0.08209662096460013,0.05108786606705247,0.0019387007415119922,0.0731131119372268,-0.02337986237406188,0.008086200472357752,1,1,0,1
pp_sensitivity,scaled,3000,16,1.7985746353037746,0.5725040874565973,-0.06009616637602593,-0.010870908067052137,0.08167795204214422,0.051112657348652606,0.0018873990396788103,0.07269444301477089,-0.030135148801870598,2.9934343346832426e-05,1,1,0,1
pp_primary,scaled,6000,0,1.733578048997191,0.5518150314670138,-0.05971466528802552,-0.011638561556215801,0.09134915472784706,0.050731156260652194,0.0026550525288424748,0.08236564570047374,7.810301155308785e-05,0.03429749497150994,1,1,1,1
pp_primary,scaled,6000,1,1.7360863811452913,0.5526134583875867,-0.05973046218005078,-0.011606621221073036,0.09072649523037066,0.05074695315267745,0.0026231121936997094,0.08174298620299733,0.009296372885363585,0.04635144065993005,1,1,1,1
pp_primary,scaled,6000,2,1.7385947132933914,0.5534118853081597,-0.05974617694205377,-0.011575032909657652,0.09008366740243802,0.05076266791468045,0.0025915238822843256,0.0811001583750647,0.015936473311741417,0.05525084992238667,1,1,1,1
pp_primary,scaled,6000,3,1.7411030454414917,0.5542103122287326,-0.05976180943583316,-0.01154384601849486,0.08946360034092121,0.050778300408459834,0.0025603369911215337,0.08048009131354789,0.019561792928103477,0.060289466436301134,1,1,1,1
pp_primary,scaled,6000,4,1.743611377589592,0.5550087391493055,-0.05977735879741306,-0.011513075202253985,0.08889328362699189,0.050793849770039735,0.002529566174880659,0.07990977459961857,0.020876743082090435,0.06224332113544913,1,1,1,1
pp_primary,scaled,6000,5,1.7461197097376921,0.5558071660698785,-0.05979282491168991,-0.011482696885947297,0.08837447179511673,0.050809315884316586,0.0024991878585739705,0.0793909627677434,0.020727644277802604,0.062234572128972654,1,1,1,1
pp_primary,scaled,6000,6,1.7486280418857925,0.5566055929904513,-0.05980820693230159,-0.011452651478789648,0.087902000750746,0.050824697904928266,0.0024691424514163215,0.07891849172337267,0.019793095201005168,0.06114337791137796,1,1,1,1
pp_primary,scaled,6000,7,1.7511363740338926,0.5574040199110243,-0.05982350446378845,-0.011422850755297115,0.08746469198981742,0.050839995436415125,0.0024393417279237883,0.0784811829624441,0.01844170047939797,0.059474818883765296,1,1,1,1
pp_primary,scaled,6000,8,1.7536447061819929,0.5582024468315973,-0.05983871680377737,-0.011393189563482583,0.08705510505909621,0.050855207776404045,0.002409680536109257,0.07807159603172288,0.016847235074688174,0.05748117884008473,1,1,1,1
pp_primary,scaled,6000,9,1.7561530383300932,0.5590008737521701,-0.059853843579711505,-0.01136356001524875,0.0866655976714893,0.05087033455233818,0.0023800509878754237,0.07768208864411598,0.01508458374890942,0.05526347003214782,1,1,1,1
pp_primary,scaled,6000,10,1.7586613704781933,0.5597993006727431,-0.05986888425437058,-0.011333865813175303,0.0862896717080143,0.05088537522699725,0.002350356785801977,0.07730616268064097,0.013200323620124688,0.05288770087533712,1,1,1,1
pp_primary,scaled,6000,11,1.7611697026262936,0.5605977275933159,-0.05988383814475026,-0.011304034965912884,0.08592535115170064,0.050900329117376936,0.002320525938539557,0.07694184212432731,0.011196697277239043,0.05037427361431007,1,1,1,1
pp_primary,scaled,6000,12,1.7636780347743937,0.5613961545138889,-0.05989870476258626,-0.011274029480870374,0.08556684672859617,0.050915195735212936,0.002290520453497048,0.07658333770122285,0.009107584614478859,0.047753407944827075,1,1,1,1
pp_primary,scaled,6000,13,1.766186366922494,0.5621945814344619,-0.05991348339273067,-0.011243850571398943,0.08521560333410796,0.050929974365357344,0.002260341544025617,0.07623209430673464,0.006942134546279732,0.0450471079042728,1,1,1,1
pp_primary,scaled,6000,14,1.7686946990705943,0.5629930083550347,-0.05992817382119947,-0.0112135387046445,0.08487131008367153,0.050944664793826144,0.002230029677271173,0.0758878010562982,0.004698941800871381,0.04226368390815281,1,1,1,1
pp_primary,scaled,6000,15,1.7712030312186944,0.5637914352756077,-0.05994277510441651,-0.011183168941125287,0.08453640944847851,0.05095926607704318,0.002199659913751961,0.07555290042110518,0.002395332974013939,0.039405285417081715,1,1,1,1
pp_primary,scaled,6000,16,1.7737113633667947,0.5645898621961806,-0.0599572869879598,-0.011152842297266928,0.08421297804637697,0.050973777960586476,0.0021693332698936012,0.07522946901900364,1.4650789305722944e-05,0.03646783379951905,1,1,1,1
pp_sensitivity,scaled,6000,0,1.7255629993804888,0.5492637619357639,-0.05966364614689875,-0.011742058315461464,0.09304343238750332,0.050680137119525424,0.0027585492880881374,0.08405992336012999,-0.02758454963321627,3.3967612229707234e-05,1,1,0,1
pp_sensitivity,scaled,6000,1,1.7301254276773672,0.550716027967665,-0.05969278883763609,-0.011682961547757305,0.09210144404864792,0.05070927981026276,0.0026994525203839787,0.0831179350212746,-0.013375531916551497,0.017205697355028943,1,1,0,1
pp_sensitivity,scaled,6000,2,1.7346878559742456,0.552168293999566,-0.0597216647256014,-0.011624390531716265,0.09107970452203402,0.05073815569822807,0.0026408815043429384,0.0820961954946607,0.004381165579901966,0.039893815461897186,1,1,1,1
pp_sensitivity,scaled,6000,3,1.739250284271124,0.5536205600314671,-0.059750270596243146,-0.011566841982979803,0.08991775232629136,0.05076676156886982,0.0025833329556064766,0.08093424329891803,0.017157102292921153,0.05692656156435118,1,1,1,1
pp_sensitivity,scaled,6000,4,1.743812712568002,0.555072826063368,-0.05977860331403829,-0.011510622935270866,0.08884969315367547,0.05079509428666496,0.0025271139078975394,0.07986618412630214,0.020908039257732686,0.0623011705207258,1,1,1,1
pp_sensitivity,scaled,6000,5,1.7483751408648804,0.5565250920952691,-0.05980665985897428,-0.01145566806399554,0.0879479900702475,0.05082315083160095,0.0024721590366222138,0.07896448104287418,0.019910850760074317,0.06128566707713616,1,1,1,1
pp_sensitivity,scaled,6000,6,1.7529375691617588,0.5579773581271702,-0.05983443675987654,-0.011401543713781213,0.0871684018595238,0.050850927732503215,0.0024180346864078866,0.07818489283215048,0.01731822798038389,0.058069837358695794,1,1,1,1
pp_sensitivity,scaled,6000,7,1.7574999974586372,0.5594296241590712,-0.05986193103987305,-0.011347627772490064,0.08646232182839199,0.05087842201249972,0.0023641187451167375,0.07747881280101866,0.014090291871025548,0.05400664397386232,1,1,1,1
pp_sensitivity,scaled,6000,8,1.7620624257555155,0.5608818901909722,-0.059889139140528264,-0.011293376748067421,0.08579727933847255,0.05090563011315494,0.002309867720694095,0.07681377031109922,0.010463741424680206,0.04945330236889946,1,1,1,1
pp_sensitivity,scaled,6000,9,1.766624854052394,0.5623341562228733,-0.059916057829645646,-0.011238559565497911,0.08515494170638813,0.05093254880227232,0.0022550505381245846,0.0761714326790148,0.006556547886011441,0.04456672312783763,1,1,1,1
pp_sensitivity,scaled,6000,10,1.7711872823492723,0.5637864222547744,-0.059942683709109074,-0.01118335960194116,0.08453848027658523,0.05095917468173575,0.002199850574567834,0.0755549712492119,0.002409947123927697,0.03942343265505313,1,1,1,1
pp_sensitivity,scaled,6000,11,1.7757497106461506,0.5652386882866755,-0.05996901314203593,-0.011128309150078588,0.08396245021416722,0.05098550411466261,0.0021448001227052614,0.0749789411867939,-0.0019941743545670992,0.03400170807008933,1,1,0,1
pp_sensitivity,scaled,6000,12,1.780312138943029,0.5666909543185765,-0.05999504288378115,-0.0110740908825971,0.0834358909976803,0.051011533856407824,0.002090581855223773,0.07445238197030697,-0.006747747567896312,0.02817444327663153,1,1,0,1
pp_sensitivity,scaled,6000,13,1.7848745672399071,0.5681432203504775,-0.06002076903822353,-0.011021289645694555,0.08294959139898532,0.051037260010850204,0.0020377806183212287,0.073966082371612,-0.011949930816550394,0.021851020648497033,1,1,0,1
pp_sensitivity,scaled,6000,14,1.7894369955367855,0.5695954863823786,-0.06004618825102838,-0.010970190379008829,0.08247435721905982,0.05106267922365505,0.0019866813516355025,0.0734908481916865,-0.017576867827894402,0.015045835979625555,1,1,0,1
pp_sensitivity,scaled,6000,15,1.7939994238336638,0.5710477524142796,-0.06007129666607114,-0.010920692567169855,0.08200213603892502,0.05108778763869781,0.001937183539796529,0.07301862701155169,-0.02363979206317078,0.007780510403634228,1,1,0,1
pp_sensitivity,scaled,6000,16,1.7985618521305422,0.5725000184461807,-0.060096090544230256,-0.010872362352559577,0.08155119085949895,0.05111258151685693,0.0018888533251862506,0.07256768183212563,-0.03016352575050979,2.135921922993833e-05,1,1,0,1
