policy,T,phi_scan_index,phi,phi_over_pi,w_loc3_ABB,w_loc5_ABB,primary_mask_from_scan,sensitivity_mask_from_scan
fixed,3000,0,1.6144295580947547,0.5138888888888888,0.3293544372137631,0.3513274771645657,0,0
fixed,3000,1,1.6177020504422441,0.5149305555555556,0.326407500699109,0.3487166210250403,0,0
fixed,3000,2,1.6209745427897335,0.5159722222222222,0.32337546232628,0.3460272724464162,0,0
fixed,3000,3,1.624247035137223,0.5170138888888889,0.32025465551513727,0.3432560989024519,0,0
fixed,3000,4,1.6275195274847123,0.5180555555555556,0.3170446090003551,0.34040228963769137,0,0
fixed,3000,5,1.6307920198322017,0.5190972222222222,0.3137283939362827,0.33744940563047143,0,0
fixed,3000,6,1.634064512179691,0.5201388888888889,0.31031045725569995,0.33440129265514523,0,0
fixed,3000,7,1.6373370045271802,0.5211805555555555,0.3067790632493697,0.33124627607606344,0,0
fixed,3000,8,1.6406094968746696,0.5222222222222221,0.3031203389655953,0.32796978224877615,0,0
fixed,3000,9,1.643881989222159,0.5232638888888889,0.2993418774786857,0.3245783111069211,0,0
fixed,3000,10,1.6471544815696484,0.5243055555555556,0.2954191086119236,0.3210468953976344,0,0
fixed,3000,11,1.6504269739171378,0.5253472222222222,0.29134779542217154,0.31736858516472616,0,0
fixed,3000,12,1.6536994662646272,0.5263888888888889,0.2871310772169423,0.3135456447564425,0,0
fixed,3000,13,1.6569719586121165,0.5274305555555555,0.2827345745106927,0.3095413112548917,0,0
fixed,3000,14,1.660244450959606,0.5284722222222222,0.2781637022519547,0.30535741623367496,0,0
fixed,3000,15,1.6635169433070953,0.5295138888888888,0.27341384460933793,0.3009884191806043,0,0
fixed,3000,16,1.6667894356545847,0.5305555555555556,0.26843966934424623,0.29638476911842143,0,0
fixed,3000,17,1.670061928002074,0.5315972222222223,0.26325452493215357,0.29155641945873123,0,0
fixed,3000,18,1.6733344203495635,0.5326388888888889,0.25784874983256245,0.2864916353393038,0,0
fixed,3000,19,1.6766069126970529,0.5336805555555556,0.2521574212605809,0.2811196765252751,0,0
fixed,3000,20,1.679879405044542,0.5347222222222222,0.24620413862479348,0.27545801257699326,0,0
fixed,3000,21,1.6831518973920314,0.5357638888888888,0.23998727474431883,0.2694991169165695,0,0
fixed,3000,22,1.6864243897395208,0.5368055555555555,0.23341158653897187,0.2631356269941683,0,0
fixed,3000,23,1.6896968820870102,0.5378472222222223,0.22650549728716315,0.2563811193225726,0,0
fixed,3000,24,1.6929693744344996,0.5388888888888889,0.21930923305314842,0.24926564461426592,0,0
fixed,3000,25,1.696241866781989,0.5399305555555556,0.21169447379048845,0.24163875575237903,0,0
fixed,3000,26,1.6995143591294783,0.5409722222222222,0.2036298118526906,0.23344554810674678,0,0
fixed,3000,27,1.7027868514769677,0.5420138888888889,0.19523754347251693,0.22480472046937353,0,0
fixed,3000,28,1.7060593438244571,0.5430555555555555,0.1864467368959296,0.21561951599811227,0,0
fixed,3000,29,1.7093318361719465,0.5440972222222222,0.17704669563654993,0.20562493984682578,0,0
fixed,3000,30,1.712604328519436,0.545138888888889,0.16713274559502023,0.19489096318359053,0,0
fixed,3000,31,1.7158768208669253,0.5461805555555556,0.15699910416935545,0.18371295042909738,0,0
fixed,3000,32,1.7191493132144147,0.5472222222222223,0.14656695040223117,0.17196046590504319,0,0
fixed,3000,33,1.722421805561904,0.5482638888888889,0.13544372884561381,0.15911364769544678,0,0
fixed,3000,34,1.7256942979093934,0.5493055555555556,0.12363369446373638,0.1451123989276489,0,1
fixed,3000,35,1.7289667902568826,0.5503472222222222,0.11194578160046534,0.1309009674984629,0,1
fixed,3000,36,1.732239282604372,0.5513888888888889,0.10162499107730855,0.11803228267699331,0,1
fixed,3000,37,1.7355117749518614,0.5524305555555555,0.0936074031417841,0.10779079120822209,1,1
fixed,3000,38,1.7387842672993508,0.5534722222222223,0.08816582184330297,0.10066726683186457,1,1
fixed,3000,39,1.7420567596468401,0.5545138888888889,0.08504604257187506,0.09643482808822401,1,1
fixed,3000,40,1.7453292519943295,0.5555555555555556,0.08371996553367496,0.09449342000757154,1,1
fixed,3000,41,1.748601744341819,0.5565972222222222,0.08365400181628296,0.09419838085735574,1,1
fixed,3000,42,1.7518742366893083,0.5576388888888889,0.0844516536348484,0.09503668440604592,1,1
fixed,3000,43,1.7551467290367977,0.5586805555555556,0.08583349936525339,0.09664883518269257,1,1
fixed,3000,44,1.758419221384287,0.5597222222222222,0.08763030284538455,0.09880800379707073,1,1
fixed,3000,45,1.7616917137317765,0.560763888888889,0.08974826573240045,0.10138005601466622,1,1
fixed,3000,46,1.7649642060792659,0.5618055555555556,0.09212041914226744,0.10427994868522474,1,1
fixed,3000,47,1.768236698426755,0.5628472222222222,0.09471940479006588,0.10746258313909829,1,1
fixed,3000,48,1.7715091907742444,0.5638888888888889,0.09753534779438659,0.11090765016847727,1,1
fixed,3000,49,1.7747816831217338,0.5649305555555555,0.10055458833124628,0.11460194166201604,0,1
fixed,3000,50,1.7780541754692232,0.5659722222222222,0.10378654033772142,0.11854769080578709,0,1
fixed,3000,51,1.7813266678167126,0.5670138888888889,0.10724557379321784,0.12275589674480122,0,1
fixed,3000,52,1.784599160164202,0.5680555555555555,0.1109325692760675,0.12723172686346532,0,1
fixed,3000,53,1.7878716525116913,0.5690972222222223,0.11486207193990794,0.13198367630128185,0,1
fixed,3000,54,1.7911441448591807,0.5701388888888889,0.11904976740272459,0.1370205674121455,0,1
fixed,3000,55,1.79441663720667,0.5711805555555556,0.12348882822640256,0.14233682718530116,0,1
fixed,3000,56,1.7976891295541595,0.5722222222222223,0.12817569579301696,0.14792172060076378,0,1
fixed,3000,57,1.8009616219016489,0.5732638888888889,0.13311449717343923,0.1537670793052265,0,0
fixed,3000,58,1.8042341142491383,0.5743055555555556,0.13829249061792093,0.1598592054648972,0,0
fixed,3000,59,1.8075066065966277,0.5753472222222222,0.1436976046222626,0.16618581884509603,0,0
fixed,3000,60,1.810779098944117,0.576388888888889,0.14934183623368658,0.1727501397923315,0,0
fixed,3000,61,1.8140515912916064,0.5774305555555557,0.15524074985887099,0.17956493409484903,0,0
fixed,3000,62,1.8173240836390956,0.5784722222222222,0.16139883003674935,0.1866393817532725,0,0
fixed,3000,63,1.820596575986585,0.5795138888888889,0.16782456086179454,0.19397669578934218,0,0
fixed,3000,64,1.8238690683340744,0.5805555555555556,0.17452611701651974,0.20157032783630946,0,0
fixed,3000,65,1.8271415606815637,0.5815972222222222,0.18148345107591324,0.20939311824839024,0,0
fixed,3000,66,1.8304140530290531,0.5826388888888889,0.18865249712109164,0.21740198164861332,0,0
fixed,3000,67,1.8336865453765425,0.5836805555555555,0.19600179085732405,0.225562526698433,0,0
fixed,3000,68,1.836959037724032,0.5847222222222223,0.20352842717784864,0.2338663180155462,0,0
fixed,3000,69,1.8402315300715213,0.585763888888889,0.21124470536900744,0.2423246892588894,0,0
fixed,3000,70,1.8435040224190107,0.5868055555555556,0.21915823778564752,0.2509445560415422,0,0
fixed,3000,71,1.8467765147665,0.5878472222222223,0.2272558125313865,0.25970421912602204,0,0
fixed,3000,72,1.8500490071139895,0.5888888888888889,0.23549660542892115,0.2685510068905924,0,0
fixed,3000,73,1.8533214994614788,0.5899305555555556,0.24382162505880248,0.27742688091600703,0,0
fixed,3000,74,1.856593991808968,0.5909722222222222,0.2521895794820221,0.2863069544519982,0,0
fixed,3000,75,1.8598664841564574,0.5920138888888888,0.2606125580519622,0.29521300581983867,0,0
fixed,3000,76,1.8631389765039468,0.5930555555555556,0.26913214003806735,0.304171996449234,0,0
fixed,3000,77,1.8664114688514362,0.5940972222222223,0.27774713391786227,0.31315718803709003,0,0
fixed,3000,78,1.8696839611989255,0.5951388888888889,0.2863770804947557,0.32208730501517835,0,0
fixed,3000,79,1.872956453546415,0.5961805555555556,0.2949223892012627,0.33090109566403647,0,0
fixed,3000,80,1.8762289458939043,0.5972222222222222,0.30337965667307015,0.3396271664392755,0,0
fixed,6000,0,1.6144295580947547,0.5138888888888888,0.32923489015331187,0.3510627169308638,0,0
fixed,6000,1,1.6177020504422441,0.5149305555555556,0.32626958798533745,0.34842927212717395,0,0
fixed,6000,2,1.6209745427897335,0.5159722222222222,0.3232203799853335,0.34571791860356715,0,0
fixed,6000,3,1.624247035137223,0.5170138888888889,0.32008180076980364,0.34292383835812695,0,0
fixed,6000,4,1.6275195274847123,0.5180555555555556,0.316847341450118,0.3400411879086421,0,0
fixed,6000,5,1.6307920198322017,0.5190972222222222,0.31351007555947474,0.33706315216711513,0,0
fixed,6000,6,1.634064512179691,0.5201388888888889,0.31006395985993274,0.33398305669714035,0,0
fixed,6000,7,1.6373370045271802,0.5211805555555555,0.3065037641414764,0.3307944960881174,0,0
fixed,6000,8,1.6406094968746696,0.5222222222222221,0.3028234362917704,0.3274897542895466,0,0
fixed,6000,9,1.643881989222159,0.5232638888888889,0.2990154858106601,0.32405947985889144,0,0
fixed,6000,10,1.6471544815696484,0.5243055555555556,0.29507206961700105,0.3204948350518428,0,0
fixed,6000,11,1.6504269739171378,0.5253472222222222,0.29098441560620647,0.31678732606608184,0,0
fixed,6000,12,1.6536994662646272,0.5263888888888889,0.28674029245795657,0.3129250175286147,0,0
fixed,6000,13,1.6569719586121165,0.5274305555555555,0.2823260767619686,0.30889370471287164,0,0
fixed,6000,14,1.660244450959606,0.5284722222222222,0.27773270484010176,0.30468247493524464,0,0
fixed,6000,15,1.6635169433070953,0.5295138888888888,0.2729523506873193,0.300278876505674,0,0
fixed,6000,16,1.6667894356545847,0.5305555555555556,0.26797135312650094,0.2956633495513003,0,0
fixed,6000,17,1.670061928002074,0.5315972222222223,0.26277828481953297,0.2908215766060742,0,0
fixed,6000,18,1.6733344203495635,0.5326388888888889,0.25736141693182085,0.28574033828410794,0,0
fixed,6000,19,1.6766069126970529,0.5336805555555556,0.2516931739696643,0.2803897106211565,0,0
fixed,6000,20,1.679879405044542,0.5347222222222222,0.24575978020346873,0.2747514488606473,0,0
fixed,6000,21,1.6831518973920314,0.5357638888888888,0.23955825651442972,0.2688095959751365,0,0
fixed,6000,22,1.6864243897395208,0.5368055555555555,0.2330567326094461,0.2625198110273963,0,0
fixed,6000,23,1.6896968820870102,0.5378472222222223,0.22625175441591738,0.2558737029895925,0,0
fixed,6000,24,1.6929693744344996,0.5388888888888889,0.21910854028698445,0.24882803030638642,0,0
fixed,6000,25,1.696241866781989,0.5399305555555556,0.21159528573039535,0.241335416504601,0,0
fixed,6000,26,1.6995143591294783,0.5409722222222222,0.20373744189360518,0.23339351675315087,0,0
fixed,6000,27,1.7027868514769677,0.5420138888888889,0.19545570519196587,0.22490302062220005,0,0
fixed,6000,28,1.7060593438244571,0.5430555555555555,0.18679185100289927,0.21589429727071638,0,0
fixed,6000,29,1.7093318361719465,0.5440972222222222,0.17764396298347743,0.20622018372117454,0,0
fixed,6000,30,1.712604328519436,0.545138888888889,0.168124905979686,0.1959624146994091,0,0
fixed,6000,31,1.7158768208669253,0.5461805555555556,0.15806698450717255,0.1849100735250652,0,0
fixed,6000,32,1.7191493132144147,0.5472222222222223,0.1476962527252339,0.17327198384519354,0,0
fixed,6000,33,1.722421805561904,0.5482638888888889,0.13678986445774396,0.16072203699677623,0,0
fixed,6000,34,1.7256942979093934,0.5493055555555556,0.12571442030877392,0.14767598175856947,0,1
fixed,6000,35,1.7289667902568826,0.5503472222222222,0.1146155982867236,0.13423179157203563,0,1
fixed,6000,36,1.732239282604372,0.5513888888888889,0.10316435498798411,0.11992311611787775,0,1
fixed,6000,37,1.7355117749518614,0.5524305555555555,0.09294019072745571,0.10674936241582182,1,1
fixed,6000,38,1.7387842672993508,0.5534722222222223,0.08595224202746156,0.09748093955595193,1,1
fixed,6000,39,1.7420567596468401,0.5545138888888889,0.0824854440939761,0.09269586558801203,1,1
fixed,6000,40,1.7453292519943295,0.5555555555555556,0.08152819369891794,0.09120229511587366,1,1
fixed,6000,41,1.748601744341819,0.5565972222222222,0.08201725309561615,0.0916429941186812,1,1
fixed,6000,42,1.7518742366893083,0.5576388888888889,0.08330247570909324,0.09315261364058522,1,1
fixed,6000,43,1.7551467290367977,0.5586805555555556,0.08505907346624678,0.09529071688258099,1,1
fixed,6000,44,1.758419221384287,0.5597222222222222,0.0871348965496731,0.09784859943934585,1,1
fixed,6000,45,1.7616917137317765,0.560763888888889,0.08946084968077071,0.10072516142874284,1,1
fixed,6000,46,1.7649642060792659,0.5618055555555556,0.09199894168794123,0.10386417724531136,1,1
fixed,6000,47,1.768236698426755,0.5628472222222222,0.09472603078251766,0.10723419387467165,1,1
fixed,6000,48,1.7715091907742444,0.5638888888888889,0.09764023122575596,0.11082642695361464,1,1
fixed,6000,49,1.7747816831217338,0.5649305555555555,0.10074789235707439,0.11464457605819905,0,1
fixed,6000,50,1.7780541754692232,0.5659722222222222,0.10405722168951706,0.1186995726149356,0,1
fixed,6000,51,1.7813266678167126,0.5670138888888889,0.10758554024748845,0.12300515659286056,0,1
fixed,6000,52,1.784599160164202,0.5680555555555555,0.1113357732105171,0.12756065985665224,0,1
fixed,6000,53,1.7878716525116913,0.5690972222222223,0.11530121920365498,0.13235692533795193,0,1
fixed,6000,54,1.7911441448591807,0.5701388888888889,0.11948579943115381,0.13738900922703076,0,1
fixed,6000,55,1.79441663720667,0.5711805555555556,0.12388951478666954,0.14265852734537343,0,1
fixed,6000,56,1.7976891295541595,0.5722222222222223,0.1285338094647773,0.14818605698749676,0,1
fixed,6000,57,1.8009616219016489,0.5732638888888889,0.13343579878667547,0.1539845311632906,0,0
fixed,6000,58,1.8042341142491383,0.5743055555555556,0.13858889306403238,0.16004663538638728,0,0
fixed,6000,59,1.8075066065966277,0.5753472222222222,0.14398998242736602,0.1663563481124183,0,0
fixed,6000,60,1.810779098944117,0.576388888888889,0.14962539756461135,0.17290345140316266,0,0
fixed,6000,61,1.8140515912916064,0.5774305555555557,0.15552177834537823,0.17970705069369605,0,0
fixed,6000,62,1.8173240836390956,0.5784722222222222,0.1616785725201842,0.18676705592503515,0,0
fixed,6000,63,1.820596575986585,0.5795138888888889,0.16808635691083837,0.19406238534012954,0,0
fixed,6000,64,1.8238690683340744,0.5805555555555556,0.17471600107155688,0.20156328219427,0,0
fixed,6000,65,1.8271415606815637,0.5815972222222222,0.18158401003889588,0.2092814282838932,0,0
fixed,6000,66,1.8304140530290531,0.5826388888888889,0.188688089562129,0.21721164886359381,0,0
fixed,6000,67,1.8336865453765425,0.5836805555555555,0.19600382009632972,0.22531841327121716,0,0
fixed,6000,68,1.836959037724032,0.5847222222222223,0.20349544755544116,0.2335726714350347,0,0
fixed,6000,69,1.8402315300715213,0.585763888888889,0.21119306203753124,0.24199122949875418,0,0
fixed,6000,70,1.8435040224190107,0.5868055555555556,0.21905521390227184,0.250535461926114,0,0
fixed,6000,71,1.8467765147665,0.5878472222222223,0.22704980506826367,0.2591656353188215,0,0
fixed,6000,72,1.8500490071139895,0.5888888888888889,0.23518299445066465,0.26789445938195217,0,0
fixed,6000,73,1.8533214994614788,0.5899305555555556,0.24343460243818701,0.27668746484485957,0,0
fixed,6000,74,1.856593991808968,0.5909722222222222,0.25175223818552755,0.2855013040579411,0,0
fixed,6000,75,1.8598664841564574,0.5920138888888888,0.2601560345037936,0.29435803404360894,0,0
fixed,6000,76,1.8631389765039468,0.5930555555555556,0.2686115365892663,0.30320585703510805,0,0
fixed,6000,77,1.8664114688514362,0.5940972222222223,0.2770717262909502,0.31202569386177703,0,0
fixed,6000,78,1.8696839611989255,0.5951388888888889,0.28558592077771067,0.3208439531597,0,0
fixed,6000,79,1.872956453546415,0.5961805555555556,0.2940509875513366,0.3295742441872316,0,0
fixed,6000,80,1.8762289458939043,0.5972222222222222,0.3025290792301913,0.3382821105888009,0,0
scaled,3000,0,1.6144295580947547,0.5138888888888888,0.32915481853766854,0.35086044430938507,0,0
scaled,3000,1,1.6177020504422441,0.5149305555555556,0.32619634081861876,0.3482264425808499,0,0
scaled,3000,2,1.6209745427897335,0.5159722222222222,0.32312894274395837,0.3454922930783261,0,0
scaled,3000,3,1.624247035137223,0.5170138888888889,0.31997092576315445,0.34267553586721944,0,0
scaled,3000,4,1.6275195274847123,0.5180555555555556,0.3167458888153233,0.33979801055414427,0,0
scaled,3000,5,1.6307920198322017,0.5190972222222222,0.31339447266050513,0.3368039692331564,0,0
scaled,3000,6,1.634064512179691,0.5201388888888889,0.3099235958762294,0.33370021154119445,0,0
scaled,3000,7,1.6373370045271802,0.5211805555555555,0.30634005167203077,0.33049232780758225,0,0
scaled,3000,8,1.6406094968746696,0.5222222222222221,0.3026411692262716,0.3271750071322102,0,0
scaled,3000,9,1.643881989222159,0.5232638888888889,0.2988335952732538,0.32375461234041597,0,0
scaled,3000,10,1.6471544815696484,0.5243055555555556,0.2948366177989456,0.3201522801737324,0,0
scaled,3000,11,1.6504269739171378,0.5253472222222222,0.2906899128762912,0.3163999748079777,0,0
scaled,3000,12,1.6536994662646272,0.5263888888888889,0.2864618360424689,0.3125635014360066,0,0
scaled,3000,13,1.6569719586121165,0.5274305555555555,0.2820438459959377,0.3085318339250951,0,0
scaled,3000,14,1.660244450959606,0.5284722222222222,0.27741936744697426,0.3042845140703681,0,0
scaled,3000,15,1.6635169433070953,0.5295138888888888,0.2726299449039677,0.2998640350868385,0,0
scaled,3000,16,1.6667894356545847,0.5305555555555556,0.2676501502352764,0.29523631616446316,0,0
scaled,3000,17,1.670061928002074,0.5315972222222223,0.2625300059682048,0.29044991039064294,0,0
scaled,3000,18,1.6733344203495635,0.5326388888888889,0.2571750743194325,0.285416040996387,0,0
scaled,3000,19,1.6766069126970529,0.5336805555555556,0.2514202066372604,0.27996404065697117,0,0
scaled,3000,20,1.679879405044542,0.5347222222222222,0.24547911491741356,0.2743034733005896,0,0
scaled,3000,21,1.6831518973920314,0.5357638888888888,0.23945151808765047,0.2685364254030239,0,0
scaled,3000,22,1.6864243897395208,0.5368055555555555,0.23300073423939785,0.2623110763764671,0,0
scaled,3000,23,1.6896968820870102,0.5378472222222223,0.22610148662987203,0.2555755961127061,0,0
scaled,3000,24,1.6929693744344996,0.5388888888888889,0.2189540369906742,0.24852613104174331,0,0
scaled,3000,25,1.696241866781989,0.5399305555555556,0.21145515344250754,0.241042331528575,0,0
scaled,3000,26,1.6995143591294783,0.5409722222222222,0.2036629485601908,0.23316354084801683,0,0
scaled,3000,27,1.7027868514769677,0.5420138888888889,0.1957746050032982,0.22509776162445122,0,0
scaled,3000,28,1.7060593438244571,0.5430555555555555,0.18732423473032425,0.21631181328754148,0,0
scaled,3000,29,1.7093318361719465,0.5440972222222222,0.17769386356253883,0.20607700589639474,0,0
scaled,3000,30,1.712604328519436,0.545138888888889,0.16751546143898738,0.19507036554331417,0,0
scaled,3000,31,1.7158768208669253,0.5461805555555556,0.15809758983854302,0.18476903894240987,0,0
scaled,3000,32,1.7191493132144147,0.5472222222222223,0.14931213911089694,0.1750288221062664,0,0
scaled,3000,33,1.722421805561904,0.5482638888888889,0.13943120286915325,0.1637559977597126,0,0
scaled,3000,34,1.7256942979093934,0.5493055555555556,0.12722729815665793,0.14934342982188448,0,1
scaled,3000,35,1.7289667902568826,0.5503472222222222,0.1135516017664082,0.13267409014648673,0,1
scaled,3000,36,1.732239282604372,0.5513888888888889,0.10075148745645553,0.11658287771756606,0,1
scaled,3000,37,1.7355117749518614,0.5524305555555555,0.0908370398486839,0.10376817378671614,1,1
scaled,3000,38,1.7387842672993508,0.5534722222222223,0.08452016781070903,0.09539497670540993,1,1
scaled,3000,39,1.7420567596468401,0.5545138888888889,0.08146419054383765,0.09115730904834529,1,1
scaled,3000,40,1.7453292519943295,0.5555555555555556,0.08077339921794979,0.08999517851765183,1,1
scaled,3000,41,1.748601744341819,0.5565972222222222,0.08154156643128332,0.09078724507256647,1,1
scaled,3000,42,1.7518742366893083,0.5576388888888889,0.08314910723606365,0.09270621210650527,1,1
scaled,3000,43,1.7551467290367977,0.5586805555555556,0.0851963615419713,0.09523144724877348,1,1
scaled,3000,44,1.758419221384287,0.5597222222222222,0.0874940966911267,0.09808904713620294,1,1
scaled,3000,45,1.7616917137317765,0.560763888888889,0.08996861844722288,0.10115432745278888,1,1
scaled,3000,46,1.7649642060792659,0.5618055555555556,0.09254620737122737,0.10435547400555904,1,1
scaled,3000,47,1.768236698426755,0.5628472222222222,0.09522877635168624,0.10768020500005847,1,1
scaled,3000,48,1.7715091907742444,0.5638888888888889,0.09805304269293674,0.1111555644823661,1,1
scaled,3000,49,1.7747816831217338,0.5649305555555555,0.10102204553027389,0.11480369534946548,0,1
scaled,3000,50,1.7780541754692232,0.5659722222222222,0.10417592980373563,0.11866678149223155,0,1
scaled,3000,51,1.7813266678167126,0.5670138888888889,0.107560564549747,0.12279777206724281,0,1
scaled,3000,52,1.784599160164202,0.5680555555555555,0.11119237151203243,0.12722951229634952,0,1
scaled,3000,53,1.7878716525116913,0.5690972222222223,0.11512450350977918,0.1319996296826515,0,1
scaled,3000,54,1.7911441448591807,0.5701388888888889,0.11939405059776707,0.13713454004958117,0,1
scaled,3000,55,1.79441663720667,0.5711805555555556,0.12395815099759486,0.142606546353381,0,1
scaled,3000,56,1.7976891295541595,0.5722222222222223,0.12878388584057107,0.14836691143528163,0,1
scaled,3000,57,1.8009616219016489,0.5732638888888889,0.13386862371697994,0.15437475693972486,0,0
scaled,3000,58,1.8042341142491383,0.5743055555555556,0.13916181091348315,0.16057493959797106,0,0
scaled,3000,59,1.8075066065966277,0.5753472222222222,0.14460396327703173,0.16691530036870691,0,0
scaled,3000,60,1.810779098944117,0.576388888888889,0.1501980123960526,0.17338937381534145,0,0
scaled,3000,61,1.8140515912916064,0.5774305555555557,0.15597043733062002,0.1800297974715297,0,0
scaled,3000,62,1.8173240836390956,0.5784722222222222,0.16194373349519078,0.18688086552903332,0,0
scaled,3000,63,1.820596575986585,0.5795138888888889,0.16817498184757182,0.19399249614016834,0,0
scaled,3000,64,1.8238690683340744,0.5805555555555556,0.17472912539398425,0.2014014748153939,0,0
scaled,3000,65,1.8271415606815637,0.5815972222222222,0.18159069834506172,0.20909029208503657,0,0
scaled,3000,66,1.8304140530290531,0.5826388888888889,0.18867537214911423,0.21699118487215646,0,0
scaled,3000,67,1.8336865453765425,0.5836805555555555,0.195932453621561,0.22504736285317398,0,0
scaled,3000,68,1.836959037724032,0.5847222222222223,0.2033811581525238,0.23325493402458677,0,0
scaled,3000,69,1.8402315300715213,0.585763888888889,0.21106236777357995,0.24164450560669065,0,0
scaled,3000,70,1.8435040224190107,0.5868055555555556,0.21898232410418172,0.25022228678622355,0,0
scaled,3000,71,1.8467765147665,0.5878472222222223,0.2270817281070931,0.25892052667107046,0,0
scaled,3000,72,1.8500490071139895,0.5888888888888889,0.2352407551986954,0.2676120129975852,0,0
scaled,3000,73,1.8533214994614788,0.5899305555555556,0.24333006345779215,0.2761960480651263,0,0
scaled,3000,74,1.856593991808968,0.5909722222222222,0.2513233245777914,0.28470349198370465,0,0
scaled,3000,75,1.8598664841564574,0.5920138888888888,0.25938207731468943,0.2933091590442614,0,0
scaled,3000,76,1.8631389765039468,0.5930555555555556,0.26774438212655816,0.30217488864666764,0,0
scaled,3000,77,1.8664114688514362,0.5940972222222223,0.276470246625779,0.31125049849722153,0,0
scaled,3000,78,1.8696839611989255,0.5951388888888889,0.2853131273115209,0.3202683665887091,0,0
scaled,3000,79,1.872956453546415,0.5961805555555556,0.29390838666585245,0.32898871292037996,0,0
scaled,3000,80,1.8762289458939043,0.5972222222222222,0.3021570743637439,0.33745452298471035,0,0
scaled,6000,0,1.6144295580947547,0.5138888888888888,0.3290978359068874,0.3508048448126904,0,0
scaled,6000,1,1.6177020504422441,0.5149305555555556,0.3261200888369442,0.34814988672219477,0,0
scaled,6000,2,1.6209745427897335,0.5159722222222222,0.32306109320789533,0.3454173477376926,0,0
scaled,6000,3,1.624247035137223,0.5170138888888889,0.3199114642593845,0.3425994733876776,0,0
scaled,6000,4,1.6275195274847123,0.5180555555555556,0.3166642156309287,0.3396931988032689,0,0
scaled,6000,5,1.6307920198322017,0.5190972222222222,0.31330762178658805,0.33668724094381686,0,0
scaled,6000,6,1.634064512179691,0.5201388888888889,0.3098370436451409,0.33357791879795845,0,0
scaled,6000,7,1.6373370045271802,0.5211805555555555,0.3062473166807481,0.33035669690340547,0,0
scaled,6000,8,1.6406094968746696,0.5222222222222221,0.30253740455841516,0.3270207240501506,0,0
scaled,6000,9,1.643881989222159,0.5232638888888889,0.29869639468268167,0.32355290404680176,0,0
scaled,6000,10,1.6471544815696484,0.5243055555555556,0.29472543737282864,0.31995442307463173,0,0
scaled,6000,11,1.6504269739171378,0.5253472222222222,0.2906079632130483,0.3162078285408076,0,0
scaled,6000,12,1.6536994662646272,0.5263888888888889,0.2863440370627007,0.31231764395209305,0,0
scaled,6000,13,1.6569719586121165,0.5274305555555555,0.28189483379129365,0.308242638683363,0,0
scaled,6000,14,1.660244450959606,0.5284722222222222,0.27728554493938234,0.3040086868294679,0,0
scaled,6000,15,1.6635169433070953,0.5295138888888888,0.27247752167610145,0.2995676877337638,0,0
scaled,6000,16,1.6667894356545847,0.5305555555555556,0.26750223017861474,0.29494275119306473,0,0
scaled,6000,17,1.670061928002074,0.5315972222222223,0.26229291186151416,0.29006969971518054,0,0
scaled,6000,18,1.6733344203495635,0.5326388888888889,0.2569029894817177,0.2850048795729116,0,0
scaled,6000,19,1.6766069126970529,0.5336805555555556,0.2512262137265223,0.2796504612306862,0,0
scaled,6000,20,1.679879405044542,0.5347222222222222,0.24529541866965077,0.2740286939490357,0,0
scaled,6000,21,1.6831518973920314,0.5357638888888888,0.23914290574519367,0.26815026966133293,0,0
scaled,6000,22,1.6864243897395208,0.5368055555555555,0.2326609937613303,0.2618810835684089,0,0
scaled,6000,23,1.6896968820870102,0.5378472222222223,0.2259955311854504,0.2553754981190862,0,0
scaled,6000,24,1.6929693744344996,0.5388888888888889,0.21891946579660418,0.24841607618224112,0,0
scaled,6000,25,1.696241866781989,0.5399305555555556,0.21151644906102085,0.24107460549868695,0,0
scaled,6000,26,1.6995143591294783,0.5409722222222222,0.20385662443571448,0.23338039064131685,0,0
scaled,6000,27,1.7027868514769677,0.5420138888888889,0.1956297413548272,0.22498770625515643,0,0
scaled,6000,28,1.7060593438244571,0.5430555555555555,0.1872879182696396,0.21637474449523325,0,0
scaled,6000,29,1.7093318361719465,0.5440972222222222,0.17831099254877125,0.20692465860318374,0,0
scaled,6000,30,1.712604328519436,0.545138888888889,0.16895927629350774,0.19688746607068283,0,0
scaled,6000,31,1.7158768208669253,0.5461805555555556,0.15921300657998336,0.18626249408464274,0,0
scaled,6000,32,1.7191493132144147,0.5472222222222223,0.14927074383007616,0.17517104879707757,0,0
scaled,6000,33,1.722421805561904,0.5482638888888889,0.1380044370825111,0.16217506650365637,0,0
scaled,6000,34,1.7256942979093934,0.5493055555555556,0.12718769655457127,0.14949749398385342,0,1
scaled,6000,35,1.7289667902568826,0.5503472222222222,0.11732956979198098,0.13766555884475956,0,1
scaled,6000,36,1.732239282604372,0.5513888888888889,0.10529092542601094,0.12260714478689266,0,1
scaled,6000,37,1.7355117749518614,0.5524305555555555,0.09263613368398145,0.10619658676692076,1,1
scaled,6000,38,1.7387842672993508,0.5534722222222223,0.08368904615994144,0.09423687554344606,1,1
scaled,6000,39,1.7420567596468401,0.5545138888888889,0.07971380955957182,0.08866747956525099,1,1
scaled,6000,40,1.7453292519943295,0.5555555555555556,0.07911522634434633,0.08761181665482141,1,1
scaled,6000,41,1.748601744341819,0.5565972222222222,0.08019446193512991,0.0888415535440766,1,1
scaled,6000,42,1.7518742366893083,0.5576388888888889,0.08200457321794884,0.09108333570143158,1,1
scaled,6000,43,1.7551467290367977,0.5586805555555556,0.08419461109093529,0.09382600128616035,1,1
scaled,6000,44,1.758419221384287,0.5597222222222222,0.08661162920154315,0.09687634987245074,1,1
scaled,6000,45,1.7616917137317765,0.560763888888889,0.08923054022149456,0.10016263657487953,1,1
scaled,6000,46,1.7649642060792659,0.5618055555555556,0.09199516090230982,0.10362565873941804,1,1
scaled,6000,47,1.768236698426755,0.5628472222222222,0.09488515106494157,0.10722165342579469,1,1
scaled,6000,48,1.7715091907742444,0.5638888888888889,0.09788941316429844,0.1109481048243155,1,1
scaled,6000,49,1.7747816831217338,0.5649305555555555,0.10103359250551912,0.11481819043065349,0,1
scaled,6000,50,1.7780541754692232,0.5659722222222222,0.10434282416789258,0.1188825396121114,0,1
scaled,6000,51,1.7813266678167126,0.5670138888888889,0.10786057236063165,0.12318523744804404,0,1
scaled,6000,52,1.784599160164202,0.5680555555555555,0.11162305349873929,0.12775237983426038,0,1
scaled,6000,53,1.7878716525116913,0.5690972222222223,0.11559126369798045,0.13256675963252695,0,1
scaled,6000,54,1.7911441448591807,0.5701388888888889,0.11979967727773928,0.137619618282735,0,1
scaled,6000,55,1.79441663720667,0.5711805555555556,0.12421672016377155,0.14290814100860483,0,1
scaled,6000,56,1.7976891295541595,0.5722222222222223,0.12887552845001635,0.14845433180359593,0,1
scaled,6000,57,1.8009616219016489,0.5732638888888889,0.13381120768367807,0.15427540899136402,0,0
scaled,6000,58,1.8042341142491383,0.5743055555555556,0.1389502666486146,0.16032571713717472,0,0
scaled,6000,59,1.8075066065966277,0.5753472222222222,0.14431194808290534,0.1665695396810213,0,0
scaled,6000,60,1.810779098944117,0.576388888888889,0.14986980292433064,0.17302179373351367,0,0
scaled,6000,61,1.8140515912916064,0.5774305555555557,0.15571338742496,0.17976776208050663,0,0
scaled,6000,62,1.8173240836390956,0.5784722222222222,0.16188765909819752,0.18683159169630056,0,0
scaled,6000,63,1.820596575986585,0.5795138888888889,0.16832154177743697,0.1941398794811849,0,0
scaled,6000,64,1.8238690683340744,0.5805555555555556,0.17489643955140635,0.20157409718891464,0,0
scaled,6000,65,1.8271415606815637,0.5815972222222222,0.18169399614150952,0.20919046854409634,0,0
scaled,6000,66,1.8304140530290531,0.5826388888888889,0.18872920861950604,0.21704157593361317,0,0
scaled,6000,67,1.8336865453765425,0.5836805555555555,0.1959964145091999,0.2250933634412552,0,0
scaled,6000,68,1.836959037724032,0.5847222222222223,0.20345759632076837,0.23329634007915603,0,0
scaled,6000,69,1.8402315300715213,0.585763888888889,0.21115338280856877,0.24167979045988808,0,0
scaled,6000,70,1.8435040224190107,0.5868055555555556,0.2189258887889427,0.25012690622855654,0,0
scaled,6000,71,1.8467765147665,0.5878472222222223,0.2267889901343442,0.258613434608821,0,0
scaled,6000,72,1.8500490071139895,0.5888888888888889,0.23488666258538968,0.2672905792745315,0,0
scaled,6000,73,1.8533214994614788,0.5899305555555556,0.24315225974672738,0.276063131121573,0,0
scaled,6000,74,1.856593991808968,0.5909722222222222,0.25136159334619845,0.2847478111001505,0,0
scaled,6000,75,1.8598664841564574,0.5920138888888888,0.2596259474293985,0.2934670624093165,0,0
scaled,6000,76,1.8631389765039468,0.5930555555555556,0.268022510564681,0.30222808121204603,0,0
scaled,6000,77,1.8664114688514362,0.5940972222222223,0.2764636708413101,0.31099739640230334,0,0
scaled,6000,78,1.8696839611989255,0.5951388888888889,0.2849415345369914,0.3197341129481745,0,0
scaled,6000,79,1.872956453546415,0.5961805555555556,0.2931562287129748,0.32823474699586963,0,0
scaled,6000,80,1.8762289458939043,0.5972222222222222,0.30157732507224155,0.33689797755542944,0,0
