label,phi,phi_over_pi,L,rank_by_w_loc5,mode_index,eigenphase,abs_eigenvalue_minus_1,w_loc3,w_loc5,P0,ipr,overlap_weight
paper_max_T300,1.0471975511965976,0.3333333333333333,80,1,1,-2.9632131401403887,2.220446049250313e-15,0.9891819051810576,0.9986265492688684,0.3619705372085713,0.2681260244850824,0.27862696680213744
paper_max_T300,1.0471975511965976,0.3333333333333333,80,2,0,0.17837951344940164,2.220446049250313e-15,0.9891819051810578,0.9986265492688683,0.36197053720857086,0.2681260244850823,0.2786269668021365
paper_max_T300,1.0471975511965976,0.3333333333333333,80,3,2,-0.3913982268093267,2.6645352591003757e-15,0.9877695280431175,0.9965983161543839,0.24250429069770424,0.19821732391248387,0.002166529866993984
paper_max_T300,1.0471975511965976,0.3333333333333333,80,4,3,2.7501944267804666,1.9984014443252818e-15,0.9877695280431174,0.9965983161543838,0.242504290697704,0.19821732391248376,0.0021665298669940004
paper_max_T300,1.0471975511965976,0.3333333333333333,80,5,204,-0.7953489782760998,1.5543122344752192e-15,0.04515760696071864,0.0911008605607007,0.0005764593348674657,0.008598063037371897,0.0005222571807835328
paper_max_T300,1.0471975511965976,0.3333333333333333,80,6,222,-0.8137603503806521,7.327471962526033e-15,0.04934317345188207,0.09059477605203348,0.0010637546027752406,0.008778195780348247,0.0007476384994656727
paper_max_T300,1.0471975511965976,0.3333333333333333,80,7,12,-1.4984857294125953,1.1102230246251565e-16,0.06511869318405852,0.08912532982195484,0.011655498612345546,0.006372276175078927,0.007362455556296317
paper_max_T300,1.0471975511965976,0.3333333333333333,80,8,21,1.6207955896217747,1.5543122344752192e-15,0.06508918702257749,0.08905396686437624,0.011259558624971367,0.006363847769008101,0.007269935327196601
paper_max_T300,1.0471975511965976,0.3333333333333333,80,9,19,1.6653805399124384,6.661338147750939e-16,0.06473968545014464,0.08878214661664545,0.011900638552792506,0.006376736621228488,0.007381650680465137
paper_max_T300,1.0471975511965976,0.3333333333333333,80,10,10,-1.543141332711161,1.7763568394002505e-15,0.06466789673174042,0.08858031109633502,0.010734726216307585,0.006352255710198033,0.007106808917263625
paper_max_T300,1.0471975511965976,0.3333333333333333,80,11,14,-1.4539810603358767,5.551115123125783e-16,0.06395428114273984,0.08803435518315071,0.011979357145266755,0.006377020863027737,0.00732919926060246
paper_max_T300,1.0471975511965976,0.3333333333333333,80,12,23,1.5760792678770992,1.7763568394002505e-15,0.06388883315608118,0.08773864820223794,0.010107444432766037,0.006338742191011168,0.006879887156691862
paper_max_T300,1.0471975511965976,0.3333333333333333,120,1,0,0.1783795134494012,2.4424906541753444e-15,0.989181905181058,0.9986265492688685,0.36197053720857203,0.26812602448508266,0.2786269668021362
paper_max_T300,1.0471975511965976,0.3333333333333333,120,2,1,-2.9632131401403905,2.6645352591003757e-15,0.9891819051810579,0.9986265492688682,0.3619705372085721,0.26812602448508277,0.2786269668021362
paper_max_T300,1.0471975511965976,0.3333333333333333,120,3,3,-0.3913982268093227,0.0,0.9877695280431176,0.996598316154384,0.2425042906977058,0.19821732391248403,0.0021665298669939883
paper_max_T300,1.0471975511965976,0.3333333333333333,120,4,2,2.750194426780465,3.3306690738754696e-15,0.9877695280431174,0.9965983161543837,0.2425042906977053,0.19821732391248392,0.002166529866993936
paper_max_T300,1.0471975511965976,0.3333333333333333,120,5,20,1.663117834962906,1.1102230246251565e-15,0.04806599927886042,0.06414584196925165,0.009666614597407265,0.004269019992115946,0.004699429114419888
paper_max_T300,1.0471975511965976,0.3333333333333333,120,6,42,-1.4635678573026885,1.5543122344752192e-15,0.04801984355142265,0.06411073371581942,0.00984457257637424,0.004273347973784715,0.004687793929823476
paper_max_T300,1.0471975511965976,0.3333333333333333,120,7,34,-1.4934086780011164,5.10702591327572e-15,0.04801435750224654,0.06408497523036398,0.009450179785448858,0.004264052716824897,0.004694511272521231
paper_max_T300,1.0471975511965976,0.3333333333333333,120,8,22,1.6929018348596858,8.881784197001252e-15,0.0478680011758406,0.06397432195849836,0.00997848998167742,0.004276890038357659,0.004660380137975642
paper_max_T300,1.0471975511965976,0.3333333333333333,120,9,16,1.6332269000989994,4.884981308350689e-15,0.047872599105557856,0.06393330595840824,0.00920050376935089,0.004258597653572392,0.004672654748567797
paper_max_T300,1.0471975511965976,0.3333333333333333,120,10,60,-1.4338460143116547,4.3298697960381105e-15,0.04760241479091374,0.06373088320994609,0.010062530700566173,0.004279508613653464,0.004618341770842322
paper_max_T300,1.0471975511965976,0.3333333333333333,120,11,26,-1.5233417879547202,2.4424906541753444e-15,0.04764820037932157,0.0636961166616829,0.008922468248860936,0.004252808115251394,0.004633849792904071
paper_max_T300,1.0471975511965976,0.3333333333333333,120,12,14,1.6032606075670475,1.5543122344752192e-15,0.04734843995044178,0.06337902912813856,0.008620590005867157,0.0042468365607555465,0.004578433000922721
paper_max_T300,1.0471975511965976,0.3333333333333333,160,1,1,0.17837951344940695,3.552713678800501e-15,0.9891819051810578,0.9986265492688684,0.36197053720857136,0.2681260244850825,0.27862696680214366
paper_max_T300,1.0471975511965976,0.3333333333333333,160,2,0,-2.963213140140391,2.886579864025407e-15,0.9891819051810576,0.9986265492688682,0.36197053720857225,0.2681260244850826,0.2786269668021443
paper_max_T300,1.0471975511965976,0.3333333333333333,160,3,2,2.750194426780469,2.220446049250313e-15,0.9877695280431171,0.9965983161543838,0.24250429069770502,0.1982173239124838,0.002166529866994086
paper_max_T300,1.0471975511965976,0.3333333333333333,160,4,3,-0.39139822680932634,4.884981308350689e-15,0.9877695280431171,0.9965983161543837,0.2425042906977054,0.19821732391248392,0.0021665298669940962
paper_max_T300,1.0471975511965976,0.3333333333333333,160,5,389,-0.7993065282266509,1.1102230246251565e-15,0.023563140764839775,0.046445167283674725,0.00039496089014951554,0.004390560485689189,0.0003174497620647303
paper_max_T300,1.0471975511965976,0.3333333333333333,160,6,433,2.326986018449621,1.6653345369377348e-15,0.025067355062907016,0.045643646908233526,0.0004719115186555791,0.004336700617608284,0.0003620289176950172
paper_max_T300,1.0471975511965976,0.3333333333333333,160,7,97,1.795491118141518,1.7763568394002505e-15,0.03305237195090066,0.045502015765943836,0.007185943395725808,0.003202628456739256,0.0025689997075236683
paper_max_T300,1.0471975511965976,0.3333333333333333,160,8,47,-1.335227666939375,3.552713678800501e-15,0.03298583025101183,0.045476907833006695,0.00721247842786746,0.0032068094502751988,0.0025673920759600056
paper_max_T300,1.0471975511965976,0.3333333333333333,160,9,50,-1.3569985636116042,1.354472090042691e-14,0.03301091598736654,0.04542145309085129,0.00711174059557383,0.003197592979605227,0.002574190391181092
paper_max_T300,1.0471975511965976,0.3333333333333333,160,10,308,-0.7901072775705933,2.220446049250313e-16,0.02188522271550983,0.04533482816967139,0.0003270806925363777,0.004395621860841737,0.0002761839355619273
paper_max_T300,1.0471975511965976,0.3333333333333333,160,11,113,1.8172196731992427,7.105427357601002e-15,0.032790084882106114,0.04532352128409747,0.007181253187149416,0.003209815427005701,0.002569132716398706
paper_max_T300,1.0471975511965976,0.3333333333333333,160,12,96,1.7736699817182873,4.440892098500626e-15,0.03288379767491761,0.04525885775315529,0.007000253769328245,0.0031920385556401896,0.0025827096422058513
paper_max_T300,1.0471975511965976,0.3333333333333333,220,1,0,0.17837951344940534,3.774758283725532e-15,0.9891819051810576,0.9986265492688682,0.3619705372085704,0.26812602448508244,0.27862696680214405
paper_max_T300,1.0471975511965976,0.3333333333333333,220,2,1,-2.9632131401403905,3.6637359812630166e-15,0.9891819051810578,0.9986265492688682,0.36197053720857025,0.2681260244850824,0.27862696680214394
paper_max_T300,1.0471975511965976,0.3333333333333333,220,3,3,-0.3913982268093252,5.551115123125783e-15,0.9877695280431174,0.9965983161543839,0.24250429069770463,0.19821732391248395,0.002166529866994087
paper_max_T300,1.0471975511965976,0.3333333333333333,220,4,2,2.750194426780463,3.3306690738754696e-15,0.9877695280431175,0.9965983161543835,0.24250429069770446,0.1982173239124839,0.0021665298669940746
paper_max_T300,1.0471975511965976,0.3333333333333333,220,5,115,-1.4623423934384483,6.661338147750939e-16,0.026415248973805545,0.0352901335447488,0.005420384437760265,0.0023084204879212818,0.0025558463216830427
paper_max_T300,1.0471975511965976,0.3333333333333333,220,6,69,1.6874545881729197,2.1094237467877974e-15,0.026407509014332427,0.03528557344510727,0.005472430147286636,0.0023097469812019857,0.002560848355449406
paper_max_T300,1.0471975511965976,0.3333333333333333,220,7,66,1.6710368845632313,1.5543122344752192e-15,0.026395721428344145,0.03526831970883949,0.005357931787124141,0.002307003091213933,0.0025489046640620144
paper_max_T300,1.0471975511965976,0.3333333333333333,220,8,121,-1.4459430065862222,2.220446049250313e-15,0.026368121754889614,0.035250474808454446,0.005512121940338082,0.002310947472950242,0.002563775438991421
paper_max_T300,1.0471975511965976,0.3333333333333333,220,9,110,-1.478777863807306,6.661338147750939e-16,0.026353051573275305,0.03522401395206969,0.005286863414210122,0.002305527765446667,0.002540146071279222
paper_max_T300,1.0471975511965976,0.3333333333333333,220,10,70,1.7038353142157203,5.10702591327572e-15,0.026292550717378158,0.03518047768646692,0.00553739206584865,0.0023119861885496805,0.002564480288924476
paper_max_T300,1.0471975511965976,0.3333333333333333,220,11,64,1.6545844129268095,6.439293542825908e-15,0.026291042156967467,0.03516075874406565,0.005208793110077143,0.0023040244328204986,0.002529680121560665
paper_max_T300,1.0471975511965976,0.3333333333333333,220,12,100,-1.4952463559893574,2.4424906541753444e-15,0.0262131306577973,0.035081724743987866,0.0051251463881577,0.002302519451312995,0.0025176029183655944
refined_max_T6000,0.9285151620609833,0.29555555555555557,80,1,1,0.06624058943822345,3.9968028886505635e-15,0.9902715969706462,0.9987865133978125,0.3659735690128732,0.2734122208722626,0.2925304580430705
refined_max_T6000,0.9285151620609833,0.29555555555555557,80,2,0,-3.0753520641515704,1.887379141862766e-15,0.990271596970646,0.9987865133978125,0.3659735690128727,0.2734122208722624,0.2925304580430701
refined_max_T6000,0.9285151620609833,0.29555555555555557,80,3,2,2.65649614907389,2.6645352591003757e-15,0.9817170283212977,0.9945756709854456,0.21857591450533664,0.1854568106141008,0.0007863817003965507
refined_max_T6000,0.9285151620609833,0.29555555555555557,80,4,39,-0.4850965045159015,3.774758283725532e-15,0.9817170283212977,0.9945756709854455,0.218575914505337,0.1854568106141008,0.0007863817003965657
refined_max_T6000,0.9285151620609833,0.29555555555555557,80,5,24,1.5722748564989462,3.219646771412954e-15,0.06808108357438186,0.09192261607822831,0.012611771732216195,0.0063985658392095605,0.0071317493831132405
refined_max_T6000,0.9285151620609833,0.29555555555555557,80,6,11,-1.5470284854423415,3.9968028886505635e-15,0.0679393233749698,0.0918600783747141,0.012987325661968814,0.00640029742866985,0.007096310730816186
refined_max_T6000,0.9285151620609833,0.29555555555555557,80,7,9,-1.5915918654125787,1.5543122344752192e-15,0.06778458261668549,0.0915377316070965,0.012079481840960358,0.0063922773386330695,0.00709117570371695
refined_max_T6000,0.9285151620609833,0.29555555555555557,80,8,26,1.61686656233725,2.55351295663786e-15,0.06737758964710368,0.09136738563754358,0.013194830832181698,0.006397310143675382,0.006991282549169866
refined_max_T6000,0.9285151620609833,0.29555555555555557,80,9,22,1.5277434251799857,2.220446049250313e-15,0.06705292276389177,0.09071492724226421,0.01140972866838763,0.006382235644955603,0.006972980074679861
refined_max_T6000,0.9285151620609833,0.29555555555555557,80,10,13,-1.5024137405397737,2.7755575615628914e-15,0.06643225893427253,0.09048432167925084,0.013231006026431751,0.006390053285238997,0.006827059269630431
refined_max_T6000,0.9285151620609833,0.29555555555555557,80,11,7,-1.6360888538832914,8.881784197001252e-16,0.0659119471592381,0.08949148032526803,0.010628929711481865,0.006369797420185031,0.006780685249948475
refined_max_T6000,0.9285151620609833,0.29555555555555557,80,12,28,1.6614968404435009,1.2212453270876722e-15,0.06515301986896677,0.08926658354420587,0.013099946724881933,0.006379461698576092,0.006616766679833628
refined_max_T6000,0.9285151620609833,0.29555555555555557,120,1,1,-3.0753520641515713,1.9984014443252818e-15,0.990271596970646,0.9987865133978124,0.365973569012874,0.27341222087226263,0.29253045804306477
refined_max_T6000,0.9285151620609833,0.29555555555555557,120,2,0,0.06624058943822328,6.661338147750939e-16,0.990271596970646,0.9987865133978124,0.3659735690128733,0.27341222087226263,0.2925304580430645
refined_max_T6000,0.9285151620609833,0.29555555555555557,120,3,51,2.656496149073897,4.884981308350689e-15,0.9817170283212979,0.9945756709854459,0.2185759145053371,0.18545681061410046,0.0007863817003965295
refined_max_T6000,0.9285151620609833,0.29555555555555557,120,4,52,-0.4850965045159027,1.0103029524088925e-14,0.981717028321298,0.9945756709854457,0.21857591450533737,0.18545681061410063,0.0007863817003965672
refined_max_T6000,0.9285151620609833,0.29555555555555557,120,5,38,1.570318119420074,8.881784197001252e-16,0.0495003038584161,0.06550945813925857,0.009940289630523189,0.0042713292862039225,0.004380102611520733
refined_max_T6000,0.9285151620609833,0.29555555555555557,120,6,12,-1.5862230475859678,2.220446049250313e-16,0.04952123309886311,0.06548967249619682,0.009715658557323252,0.00427001346992056,0.004417024564862325
refined_max_T6000,0.9285151620609833,0.29555555555555557,120,7,14,-1.556317465760473,3.885780586188048e-15,0.049396915224222425,0.06544031234736389,0.010131472983820654,0.004272201196194323,0.004325051451885448
refined_max_T6000,0.9285151620609833,0.29555555555555557,120,8,36,1.5404350216556069,1.5543122344752192e-15,0.049454709213029045,0.0653762417310019,0.00945801816370506,0.004268219069652825,0.004434363430537604
refined_max_T6000,0.9285151620609833,0.29555555555555557,120,9,40,1.60023549353696,1.5543122344752192e-15,0.04921671178411409,0.0652884847455574,0.01028910612138454,0.004272685686647893,0.0042537179330706274
refined_max_T6000,0.9285151620609833,0.29555555555555557,120,10,10,-1.61607298478875,6.661338147750939e-16,0.04929676691618816,0.06516643372362083,0.009168254099618176,0.004265942219661796,0.004431110958550922
refined_max_T6000,0.9285151620609833,0.29555555555555557,120,11,16,-1.5263987458087822,5.773159728050814e-15,0.04896552116242428,0.06506114933061773,0.010413267497809527,0.004272850502902565,0.004168280822750546
refined_max_T6000,0.9285151620609833,0.29555555555555557,120,12,34,1.5106286534328126,1.1102230246251565e-16,0.049044722089545766,0.06485973141639442,0.008847761470317973,0.004263216559974789,0.004406742569134615
refined_max_T6000,0.9285151620609833,0.29555555555555557,160,1,0,-3.075352064151571,1.7763568394002505e-15,0.990271596970646,0.9987865133978124,0.3659735690128734,0.27341222087226275,0.2925304580430764
refined_max_T6000,0.9285151620609833,0.29555555555555557,160,2,1,0.06624058943822522,5.329070518200751e-15,0.990271596970646,0.9987865133978123,0.3659735690128726,0.27341222087226247,0.29253045804307604
refined_max_T6000,0.9285151620609833,0.29555555555555557,160,3,2,2.6564961490738908,5.995204332975845e-15,0.981717028321298,0.994575670985446,0.2185759145053368,0.18545681061410083,0.000786381700396611
refined_max_T6000,0.9285151620609833,0.29555555555555557,160,4,3,-0.48509650451590697,2.4424906541753444e-15,0.9817170283212977,0.9945756709854457,0.21857591450533587,0.18545681061410074,0.0007863817003966101
refined_max_T6000,0.9285151620609833,0.29555555555555557,160,5,429,2.3267313958665103,3.774758283725532e-15,0.022260332945224916,0.044556990598312,0.00046717630038736166,0.004364588593356594,0.0003231276427886785
refined_max_T6000,0.9285151620609833,0.29555555555555557,160,6,439,-0.8207292465370568,2.6645352591003757e-15,0.02289297895551802,0.044059053072538636,0.0003711631227267677,0.004245782719768961,0.000299002294858393
refined_max_T6000,0.9285151620609833,0.29555555555555557,160,7,9,1.5831506014215104,2.55351295663786e-15,0.031832088018859006,0.044032384476246904,0.005538555670044105,0.0031477368813730274,0.0034916170832539144
refined_max_T6000,0.9285151620609833,0.29555555555555557,160,8,396,-0.7995264476551569,1.3322676295501878e-15,0.02024182676851208,0.04403215475576521,0.0003695070610524381,0.004404701423835318,0.00027801852419510946
refined_max_T6000,0.9285151620609833,0.29555555555555557,160,9,49,-1.569793659316213,4.551914400963142e-15,0.03183286620022138,0.04401482796762093,0.005449140349790783,0.0031475135018751137,0.003487885503294033
refined_max_T6000,0.9285151620609833,0.29555555555555557,160,10,58,-1.547088470904512,2.220446049250313e-15,0.03175203656949947,0.04396936192496271,0.005599319919151232,0.0031477213756087087,0.003484622970207081
refined_max_T6000,0.9285151620609833,0.29555555555555557,160,11,75,-1.7398664789765752,4.218847493575595e-15,0.03199219921461709,0.04396708014542526,0.004252851893727578,0.003166039358710262,0.0024724897220319425
refined_max_T6000,0.9285151620609833,0.29555555555555557,160,12,79,1.390796167153597,5.10702591327572e-15,0.03197696409667773,0.04395090739248357,0.0041144584384894215,0.0031684598645681616,0.0024273828753717257
refined_max_T6000,0.9285151620609833,0.29555555555555557,220,1,0,0.06624058943822396,3.774758283725532e-15,0.9902715969706462,0.9987865133978124,0.3659735690128734,0.27341222087226286,0.2925304580430693
refined_max_T6000,0.9285151620609833,0.29555555555555557,220,2,1,-3.075352064151568,6.8833827526759706e-15,0.9902715969706462,0.9987865133978124,0.36597356901287365,0.27341222087226275,0.29253045804306943
refined_max_T6000,0.9285151620609833,0.29555555555555557,220,3,3,2.65649614907389,3.774758283725532e-15,0.981717028321298,0.9945756709854459,0.2185759145053373,0.1854568106141007,0.000786381700396576
refined_max_T6000,0.9285151620609833,0.29555555555555557,220,4,2,-0.48509650451590186,4.6629367034256575e-15,0.9817170283212978,0.9945756709854457,0.21857591450533667,0.18545681061410071,0.0007863817003965851
refined_max_T6000,0.9285151620609833,0.29555555555555557,220,5,22,-1.5959241913058888,2.6645352591003757e-15,0.026728772221854886,0.03554842205060868,0.005113630316267488,0.002300961606342207,0.0023319977678128365
refined_max_T6000,0.9285151620609833,0.29555555555555557,220,6,60,1.5374274190715342,9.658940314238862e-15,0.026741904825925384,0.035546040640845926,0.005047932773427126,0.00230107147588224,0.002341885566814244
refined_max_T6000,0.9285151620609833,0.29555555555555557,220,7,59,1.5539151305146532,7.438494264988549e-15,0.026708364325490397,0.03554206187728698,0.00517576894662523,0.0023008863175525917,0.0023198555572029583
refined_max_T6000,0.9285151620609833,0.29555555555555557,220,8,20,-1.6123994611419268,7.771561172376096e-16,0.026746016110858063,0.03553329852143161,0.004978183614673639,0.002301204472438998,0.0023492851079414978
refined_max_T6000,0.9285151620609833,0.29555555555555557,220,9,24,-1.5794264409903616,8.881784197001252e-16,0.02668225505626252,0.03552846713478258,0.005234816465359662,0.0023008566617517432,0.0023056906631199023
refined_max_T6000,0.9285151620609833,0.29555555555555557,220,10,56,1.570420493105252,6.772360450213455e-15,0.026651812969696213,0.03550899683907215,0.005291197964383136,0.00230088284281174,0.0022897295329267673
refined_max_T6000,0.9285151620609833,0.29555555555555557,220,11,62,1.5209669386342528,1.1102230246251565e-15,0.02673922296560338,0.03550850072137288,0.0049038828435557106,0.0023013492470206134,0.0023539645621539016
refined_max_T6000,0.9285151620609833,0.29555555555555557,220,12,25,-1.5629158863097758,1.1102230246251565e-15,0.026618170934326203,0.035484827899932146,0.005345278314635748,0.002300973831940797,0.0022721912821762795
pp_primary_mid_T6000,1.7535935734890633,0.5581861707899305,80,1,0,-2.9265818310604312,6.106226635438361e-15,0.9916795526890233,0.9977244896478743,0.2276940905624397,0.22055351428094558,0.03214670913161267
pp_primary_mid_T6000,1.7535935734890633,0.5581861707899305,80,2,1,0.2150108225293612,1.1102230246251565e-15,0.9916795526890232,0.9977244896478742,0.2276940905624397,0.22055351428094544,0.03214670913161253
pp_primary_mid_T6000,1.7535935734890633,0.5581861707899305,80,3,117,2.410588311796166,8.881784197001252e-16,0.4553201376380951,0.5957648269255338,0.02617600370045259,0.05697748519704794,0.024197103580129806
pp_primary_mid_T6000,1.7535935734890633,0.5581861707899305,80,4,126,-0.7310042208248458,4.440892098500626e-16,0.45525987032758697,0.5956862206321337,0.026172748769039328,0.05696254224635365,0.024194071644732352
pp_primary_mid_T6000,1.7535935734890633,0.5581861707899305,80,5,217,-0.798892421141432,9.325873406851315e-15,0.08612325736050568,0.11613257296674494,0.011567319521510171,0.008401266634452911,0.006869745689007943
pp_primary_mid_T6000,1.7535935734890633,0.5581861707899305,80,6,208,2.349941936600349,1.1102230246251565e-15,0.09402714940503754,0.11288765314415107,0.01679240013516818,0.007805172021793395,0.01060182719670729
pp_primary_mid_T6000,1.7535935734890633,0.5581861707899305,80,7,218,2.331503464758842,4.3298697960381105e-15,0.09598809073288911,0.1084131815092877,0.017356409178902518,0.008618229291435953,0.010704255884888297
pp_primary_mid_T6000,1.7535935734890633,0.5581861707899305,80,8,122,-2.400869990225883,1.5543122344752192e-15,0.07047535519371052,0.1082067932865673,0.019351850829393745,0.00862816195383811,0.008275842938033545
pp_primary_mid_T6000,1.7535935734890633,0.5581861707899305,80,9,190,2.3663309513817294,5.10702591327572e-15,0.07750188883258487,0.10639517876728267,0.010647491389226967,0.007930451092372098,0.006069192303123347
pp_primary_mid_T6000,1.7535935734890633,0.5581861707899305,80,10,136,0.7387358886825334,2.220446049250313e-15,0.06680381446395264,0.10458881021409763,0.017985783166991395,0.008211208108900027,0.007808296822866654
pp_primary_mid_T6000,1.7535935734890633,0.5581861707899305,80,11,195,-0.7812498863323935,9.992007221626409e-16,0.06600978389838091,0.10281518708908628,0.005884991771744598,0.00774104538765052,0.0032924813227084597
pp_primary_mid_T6000,1.7535935734890633,0.5581861707899305,80,12,142,0.7432354662779255,6.8833827526759706e-15,0.0684520828264456,0.10235899259780816,0.019403803816503598,0.009212425665647686,0.008097454834544264
pp_primary_mid_T6000,1.7535935734890633,0.5581861707899305,120,1,1,0.21501082252936082,5.218048215738236e-15,0.9916795526890232,0.9977244896478741,0.22769409056244014,0.22055351428094547,0.032146709131616734
pp_primary_mid_T6000,1.7535935734890633,0.5581861707899305,120,2,0,-2.926581831060431,2.886579864025407e-15,0.9916795526890233,0.9977244896478741,0.22769409056244028,0.2205535142809454,0.0321467091316168
pp_primary_mid_T6000,1.7535935734890633,0.5581861707899305,120,3,179,-0.7310042814478064,1.3322676295501878e-15,0.45529011423820204,0.5957256677019275,0.02617438235990098,0.05697004084924725,0.024195593292331334
pp_primary_mid_T6000,1.7535935734890633,0.5581861707899305,120,4,185,2.4105883724282644,3.219646771412954e-15,0.4552898841559922,0.5957253673606719,0.026174369589783003,0.056969983622626105,0.024195581448439894
pp_primary_mid_T6000,1.7535935734890633,0.5581861707899305,120,5,206,-2.4025214919644604,3.774758283725532e-15,0.05092774765051653,0.07884523504147636,0.013901215288579315,0.006066030368110777,0.005980708126008764
pp_primary_mid_T6000,1.7535935734890633,0.5581861707899305,120,6,295,-0.7895986154636956,3.552713678800501e-15,0.06401461157783034,0.07867882496219004,0.011042338319781514,0.005196645844511067,0.006855012714120808
pp_primary_mid_T6000,1.7535935734890633,0.5581861707899305,120,7,222,0.7404756927021151,4.440892098500626e-16,0.05156155529855813,0.07847829938473577,0.014336879925358658,0.006181459557049263,0.006095515873879961
pp_primary_mid_T6000,1.7535935734890633,0.5581861707899305,120,8,319,-0.8017740983556634,9.103828801926284e-15,0.06718021710578154,0.07805290589591796,0.011956649398503107,0.005577600679122607,0.007381361666865977
pp_primary_mid_T6000,1.7535935734890633,0.5581861707899305,120,9,290,2.3473093837269,2.6645352591003757e-15,0.05465206745346567,0.07712957036696859,0.006716163420576006,0.005427148022850803,0.003963073078485357
pp_primary_mid_T6000,1.7535935734890633,0.5581861707899305,120,10,272,-0.7784151836012222,4.218847493575595e-15,0.0552818029631666,0.07605889200454806,0.007541917363220629,0.005494837101485309,0.004221732318381199
pp_primary_mid_T6000,1.7535935734890633,0.5581861707899305,120,11,220,0.7379191276007182,5.329070518200751e-15,0.04669669422173242,0.07328780047955864,0.012573341261656207,0.005817360191200285,0.005460103607060697
pp_primary_mid_T6000,1.7535935734890633,0.5581861707899305,120,12,210,-2.399418218659601,6.772360450213455e-15,0.048376580982549516,0.07242164737825266,0.013702228921801276,0.005781148321435911,0.005776181203900145
pp_primary_mid_T6000,1.7535935734890633,0.5581861707899305,160,1,0,-2.9265818310604352,2.220446049250313e-16,0.9916795526890231,0.9977244896478741,0.2276940905624401,0.22055351428094536,0.03214670913161608
pp_primary_mid_T6000,1.7535935734890633,0.5581861707899305,160,2,1,0.21501082252936068,2.3314683517128287e-15,0.9916795526890231,0.9977244896478741,0.22769409056244017,0.2205535142809453,0.03214670913161602
pp_primary_mid_T6000,1.7535935734890633,0.5581861707899305,160,3,244,2.410588372284792,7.993605777301127e-15,0.4552899995704627,0.5957255180188707,0.026174375995817407,0.0569700123289272,0.024195587389803815
pp_primary_mid_T6000,1.7535935734890633,0.5581861707899305,160,4,245,-0.7310042813043355,5.995204332975845e-15,0.45528999882356064,0.5957255170434999,0.02617437595386385,0.056970012142888625,0.024195587350963162
pp_primary_mid_T6000,1.7535935734890633,0.5581861707899305,160,5,324,2.3530363355636243,7.105427357601002e-15,0.04861627965784533,0.06097686888766355,0.00808179845453379,0.003960016822918787,0.004919995087116356
pp_primary_mid_T6000,1.7535935734890633,0.5581861707899305,160,6,391,2.3439786573029404,7.771561172376096e-16,0.051101409535221104,0.060888988742979294,0.008878372785756376,0.004130095642829717,0.005445578795726341
pp_primary_mid_T6000,1.7535935734890633,0.5581861707899305,160,7,209,-2.4032398872941343,3.552713678800501e-15,0.03873399762475689,0.06019538239827722,0.010551177934304254,0.004621971325263969,0.004551569940443343
pp_primary_mid_T6000,1.7535935734890633,0.5581861707899305,160,8,294,0.7393062105696026,8.659739592076221e-15,0.03906799328483833,0.06001784019770845,0.010772247919418934,0.004522626372973097,0.0046164532072659565
pp_primary_mid_T6000,1.7535935734890633,0.5581861707899305,160,9,419,2.334578511410959,2.9976021664879227e-15,0.04997806543199984,0.05994579262280797,0.008136090469894117,0.004424206082433617,0.004893079148930986
pp_primary_mid_T6000,1.7535935734890633,0.5581861707899305,160,10,306,2.3615444240470262,9.769962616701378e-15,0.04237485842844643,0.05916146104941552,0.005506030295523754,0.004309179997841215,0.002989704221043013
pp_primary_mid_T6000,1.7535935734890633,0.5581861707899305,160,11,214,-2.401165750303555,0.0,0.037146796166620824,0.056451905788841274,0.010359453684080264,0.004204891415327535,0.004421146868351857
pp_primary_mid_T6000,1.7535935734890633,0.5581861707899305,160,12,283,0.7375502651554684,9.103828801926284e-15,0.03581689779270538,0.056234407887404365,0.009656019588264909,0.004537593338401598,0.004191992288980068
pp_primary_mid_T6000,1.7535935734890633,0.5581861707899305,220,1,1,0.21501082252936243,2.6645352591003757e-15,0.9916795526890234,0.9977244896478742,0.22769409056244017,0.22055351428094552,0.03214670913161743
pp_primary_mid_T6000,1.7535935734890633,0.5581861707899305,220,2,0,-2.9265818310604335,4.9960036108132044e-15,0.991679552689023,0.9977244896478741,0.2276940905624394,0.22055351428094544,0.03214670913161734
pp_primary_mid_T6000,1.7535935734890633,0.5581861707899305,220,3,343,2.4105883722851242,1.1102230246251565e-16,0.45528999919705,0.5957255175312356,0.02617437597484235,0.056970012235916585,0.024195587370386306
pp_primary_mid_T6000,1.7535935734890633,0.5581861707899305,220,4,299,-0.7310042813046683,4.107825191113079e-15,0.45528999919698354,0.5957255175311518,0.026174375974836656,0.05697001223590453,0.024195587370381133
pp_primary_mid_T6000,1.7535935734890633,0.5581861707899305,220,5,534,2.346049109526343,6.661338147750939e-16,0.034048803233383364,0.045830517401089975,0.004637363772090724,0.0031793474559022976,0.0026856877164237072
pp_primary_mid_T6000,1.7535935734890633,0.5581861707899305,220,6,505,2.352643229073035,1.5543122344752192e-15,0.031813955936492846,0.045156133478952545,0.0038889623189488974,0.00317856199337712,0.0021610182574774857
pp_primary_mid_T6000,1.7535935734890633,0.5581861707899305,220,7,565,-0.806481105389532,1.1102230246251565e-16,0.03742835982676335,0.04370228379828012,0.0064194054842174105,0.0031744249642407093,0.003896692462103974
pp_primary_mid_T6000,1.7535935734890633,0.5581861707899305,220,8,452,-0.7801045737236868,6.217248937900877e-15,0.031913578244566004,0.04242647820980794,0.004825740080854912,0.0028395767584186906,0.0028496271992379976
pp_primary_mid_T6000,1.7535935734890633,0.5581861707899305,220,9,459,-0.7862329877488192,8.215650382226158e-15,0.03384587508360482,0.04176017305325632,0.005936848229285494,0.002707035290711183,0.003764573307160641
pp_primary_mid_T6000,1.7535935734890633,0.5581861707899305,220,10,551,-0.7994985388321466,2.6645352591003757e-15,0.03571865374830603,0.04115053637537725,0.006577210149106001,0.002896275782644186,0.004156576103539391
pp_primary_mid_T6000,1.7535935734890633,0.5581861707899305,220,11,569,2.339412268605301,4.440892098500626e-16,0.030573476961758852,0.04111915478860451,0.004107656756702807,0.0029262828894324622,0.0024969092865469275
pp_primary_mid_T6000,1.7535935734890633,0.5581861707899305,220,12,524,-0.7927063608053901,1.1102230246251565e-15,0.03436805459458222,0.04049260387763721,0.006336454167346831,0.002767496168105969,0.004079251242710512
pp_primary_left_T6000,1.733178845836952,0.5516879611545139,80,1,0,-2.942311123161659,7.771561172376096e-16,0.991885007376209,0.9977972202204555,0.2306440152545962,0.21988076153688457,0.030723742089602275
pp_primary_left_T6000,1.733178845836952,0.5516879611545139,80,2,1,0.19928153042813157,2.6645352591003757e-15,0.9918850073762088,0.997797220220455,0.2306440152545966,0.2198807615368844,0.03072374208960247
pp_primary_left_T6000,1.733178845836952,0.5516879611545139,80,3,129,2.408825667052773,4.6629367034256575e-15,0.37550584903930345,0.5044948323140819,0.017714962312511566,0.04688503633577251,0.016252991873677822
pp_primary_left_T6000,1.733178845836952,0.5516879611545139,80,4,127,-0.7327660499572689,1.5543122344752192e-15,0.37504014753022424,0.5038696498013058,0.017694947541919893,0.046770214186343306,0.016234396425687594
pp_primary_left_T6000,1.733178845836952,0.5516879611545139,80,5,135,0.7339057960821761,4.440892098500626e-16,0.3350129396808741,0.46310656309129605,0.09736763187697418,0.03484746827892883,0.0438044936357663
pp_primary_left_T6000,1.733178845836952,0.5516879611545139,80,6,117,-2.4076907978884,1.2212453270876722e-15,0.3325436463922118,0.4597211964102715,0.09664614842386625,0.0343625388371267,0.04347957648600001
pp_primary_left_T6000,1.733178845836952,0.5516879611545139,80,7,221,2.3307397260573945,8.881784197001252e-16,0.09491750890546598,0.11400455595109063,0.015556227794428674,0.008713437511901047,0.009190034453408075
pp_primary_left_T6000,1.733178845836952,0.5516879611545139,80,8,203,2.349228852912144,2.220446049250313e-16,0.08708637073026132,0.11059241266856354,0.014057887245158175,0.00789191023340608,0.008553482360255866
pp_primary_left_T6000,1.733178845836952,0.5516879611545139,80,9,218,-0.7993491797037475,8.881784197001252e-16,0.07142950901434794,0.1050868397879056,0.0076495535595089755,0.007988075299494581,0.004258180730068499
pp_primary_left_T6000,1.733178845836952,0.5516879611545139,80,10,244,-0.821806415403709,8.659739592076221e-15,0.08558314300746325,0.09607397313643325,0.016145416455175643,0.00844117375336869,0.010065638464451517
pp_primary_left_T6000,1.733178845836952,0.5516879611545139,80,11,198,-0.7843849873791332,8.881784197001252e-16,0.07633007863383032,0.09498745531231899,0.014373280527327798,0.007984637805180614,0.010305336285063752
pp_primary_left_T6000,1.733178845836952,0.5516879611545139,80,12,189,2.365912921097666,3.1086244689504383e-15,0.06560950711928251,0.09382862643077286,0.006957558794279358,0.008473048441580186,0.0035216721379336706
pp_primary_left_T6000,1.733178845836952,0.5516879611545139,120,1,0,0.1992815304281313,1.3322676295501878e-15,0.991885007376209,0.9977972202204554,0.23064401525459755,0.21988076153688452,0.030723742089601665
pp_primary_left_T6000,1.733178845836952,0.5516879611545139,120,2,1,-2.9423111231616614,4.440892098500626e-16,0.9918850073762087,0.9977972202204551,0.23064401525459644,0.21988076153688454,0.03072374208960152
pp_primary_left_T6000,1.733178845836952,0.5516879611545139,120,3,181,-0.7327665220165841,7.66053886991358e-15,0.37527597096655946,0.5041862326522962,0.017705087910716726,0.04682833885550733,0.01624381700629654
pp_primary_left_T6000,1.733178845836952,0.5516879611545139,120,4,176,2.4088261398344746,3.552713678800501e-15,0.37526925073967693,0.5041772085024696,0.01770478805181644,0.0468266741189413,0.016243539869125526
pp_primary_left_T6000,1.733178845836952,0.5516879611545139,120,5,198,-2.4076887798548867,3.3306690738754696e-16,0.33382455202416417,0.46147754364614696,0.09702037074733053,0.034613639270932285,0.04364810437779707
pp_primary_left_T6000,1.733178845836952,0.5516879611545139,120,6,178,0.7339037561545088,4.440892098500626e-15,0.33370286085595585,0.4613101130240714,0.09698490051912487,0.034589202562152414,0.04363213484921272
pp_primary_left_T6000,1.733178845836952,0.5516879611545139,120,7,314,-0.8022856250341306,2.1094237467877974e-15,0.06363178723714548,0.07899782956824541,0.010164059715829855,0.005653427054697046,0.005978430775196481
pp_primary_left_T6000,1.733178845836952,0.5516879611545139,120,8,290,-0.7900556717584313,3.4416913763379853e-15,0.057453708420678325,0.0748839373193372,0.008761779083081525,0.005320807331527413,0.005181274492071513
pp_primary_left_T6000,1.733178845836952,0.5516879611545139,120,9,319,-0.8146332742882942,1.3322676295501878e-15,0.05335075021560538,0.0701178477108376,0.0073521560017069144,0.005448388194718287,0.004310475386673911
pp_primary_left_T6000,1.733178845836952,0.5516879611545139,120,10,344,2.3192868654523897,1.9984014443252818e-15,0.056354868874553564,0.06829253239544558,0.008955632951784885,0.005654438173128475,0.005312798603575355
pp_primary_left_T6000,1.733178845836952,0.5516879611545139,120,11,303,2.3470438779291687,1.5543122344752192e-15,0.04469261779454435,0.06828218453499206,0.004237600250648576,0.005192857694612668,0.00233169761107711
pp_primary_left_T6000,1.733178845836952,0.5516879611545139,120,12,268,-0.7787034962375338,1.9984014443252818e-15,0.04548427880882805,0.06580686352690585,0.0047024544327161286,0.005805888399575234,0.002283590487258265
pp_primary_left_T6000,1.733178845836952,0.5516879611545139,160,1,0,-2.9423111231616597,3.1086244689504383e-15,0.9918850073762091,0.9977972202204552,0.23064401525459666,0.2198807615368844,0.030723742089600426
pp_primary_left_T6000,1.733178845836952,0.5516879611545139,160,2,1,0.1992815304281344,7.771561172376096e-16,0.9918850073762089,0.9977972202204552,0.23064401525459666,0.21988076153688424,0.03072374208960066
pp_primary_left_T6000,1.733178845836952,0.5516879611545139,160,3,290,2.4088261356674487,2.4424906541753444e-15,0.3752726519490995,0.5041817757693458,0.017704939844743705,0.04682751668419941,0.01624368015619773
pp_primary_left_T6000,1.733178845836952,0.5516879611545139,160,4,208,-0.7327665178494775,2.220446049250313e-16,0.3752725696126327,0.504181665191306,0.01770493611130013,0.04682749624560121,0.01624367671322874
pp_primary_left_T6000,1.733178845836952,0.5516879611545139,160,5,231,0.7339038166711119,3.3306690738754696e-15,0.33376618146199644,0.46139723877274014,0.09700335631208276,0.0346019212271014,0.04364044403800367
pp_primary_left_T6000,1.733178845836952,0.5516879611545139,160,6,214,-2.407688840398639,1.9984014443252818e-15,0.3337611731101329,0.4613903375946858,0.09700189796966138,0.03460090597356687,0.0436397875430276
pp_primary_left_T6000,1.733178845836952,0.5516879611545139,160,7,394,2.343607982634795,3.219646771412954e-15,0.04676390005455119,0.05968875271211957,0.007181550995880777,0.0042104774392738905,0.004166127292033025
pp_primary_left_T6000,1.733178845836952,0.5516879611545139,160,8,429,2.334244795060889,1.9984014443252818e-15,0.04474259563778261,0.05853978658561335,0.006225404820989379,0.004365626490985819,0.0035217707185760095
pp_primary_left_T6000,1.733178845836952,0.5516879611545139,160,9,338,2.3527098882365047,2.55351295663786e-15,0.04242475308542424,0.056614433672942596,0.006073417816409294,0.004097067716329372,0.0034658094588808945
pp_primary_left_T6000,1.733178845836952,0.5516879611545139,160,10,428,-0.8130260272006941,3.552713678800501e-15,0.04831040876210793,0.0562370289296967,0.00840571616029943,0.004253903053166969,0.00508769418114255
pp_primary_left_T6000,1.733178845836952,0.5516879611545139,160,11,247,-0.7848699575071593,3.9968028886505635e-15,0.04013992892375866,0.05031806570946985,0.007235565253016859,0.0037965514441873124,0.004958795407472727
pp_primary_left_T6000,1.733178845836952,0.5516879611545139,160,12,341,2.361338659531008,2.4424906541753444e-15,0.033995016246783034,0.05021444019928041,0.003225467288574209,0.004465698374666634,0.0014660563845098266
pp_primary_left_T6000,1.733178845836952,0.5516879611545139,220,1,1,0.19928153042813185,2.220446049250313e-15,0.9918850073762091,0.9977972202204555,0.23064401525459724,0.21988076153688466,0.0307237420895997
pp_primary_left_T6000,1.733178845836952,0.5516879611545139,220,2,0,-2.942311123161661,2.7755575615628914e-15,0.991885007376209,0.9977972202204552,0.23064401525459702,0.21988076153688452,0.030723742089599732
pp_primary_left_T6000,1.733178845836952,0.5516879611545139,220,3,281,2.4088261357038636,4.440892098500626e-16,0.3752726108236111,0.5041817205375678,0.01770493798004608,0.04682750647549553,0.01624367843655347
pp_primary_left_T6000,1.733178845836952,0.5516879611545139,220,4,343,-0.7327665178858839,8.881784197001252e-15,0.37527261073814033,0.5041817204231106,0.017704937975997818,0.046827506454308596,0.01624367843287189
pp_primary_left_T6000,1.733178845836952,0.5516879611545139,220,5,345,-2.4076888386497117,7.993605777301127e-15,0.3337636938592458,0.46139381108349475,0.0970026319531352,0.0346014169883833,0.04364011795862487
pp_primary_left_T6000,1.733178845836952,0.5516879611545139,220,6,347,0.7339038149221591,5.551115123125783e-15,0.33376366062253227,0.4613937651593724,0.09700262230230801,0.03460141018938273,0.04364011361056469
pp_primary_left_T6000,1.733178845836952,0.5516879611545139,220,7,569,-0.8067511597521317,6.217248937900877e-15,0.03482344044304213,0.04395891754327101,0.005232052887472138,0.0032047156526387485,0.0029976796007802967
pp_primary_left_T6000,1.733178845836952,0.5516879611545139,220,8,562,-0.7997857537301611,3.552713678800501e-15,0.03449385913037976,0.04219662948804805,0.005804419615667262,0.002919972089530993,0.0035402425461503843
pp_primary_left_T6000,1.733178845836952,0.5516879611545139,220,9,508,-0.7929807978672712,3.3306690738754696e-15,0.03252261003673854,0.040550631129334366,0.005487972593854588,0.002795219425239413,0.003435842979709002
pp_primary_left_T6000,1.733178845836952,0.5516879611545139,220,10,527,2.3458725190760776,1.3322676295501878e-15,0.02737099207704705,0.04029752122407021,0.0028874020206773677,0.0030523374478858088,0.0015165788860949621
pp_primary_left_T6000,1.733178845836952,0.5516879611545139,220,11,463,-0.7864808796702897,0.0,0.03050905094365547,0.0397101961542981,0.004778268208995479,0.002783406164675209,0.0029232925975058296
pp_primary_left_T6000,1.733178845836952,0.5516879611545139,220,12,555,2.330785320020422,2.6645352591003757e-15,0.034486577349651694,0.039693435067807224,0.006262865782765706,0.0029868364795063614,0.0039008057493425913
pp_primary_right_T6000,1.7740083011411747,0.5646843804253472,80,1,1,0.23051252498066166,1.7763568394002505e-15,0.9914545742414494,0.9976452982714324,0.22469679078126104,0.22128785240700394,0.03359027488344607
pp_primary_right_T6000,1.7740083011411747,0.5646843804253472,80,2,0,-2.911080128609131,8.881784197001252e-16,0.9914545742414494,0.9976452982714323,0.22469679078126154,0.22128785240700363,0.03359027488344618
pp_primary_right_T6000,1.7740083011411747,0.5646843804253472,80,3,122,2.41295217541523,4.6629367034256575e-15,0.5300382152213149,0.6752571051763002,0.03775407056517392,0.06494910745773899,0.03496999161255493
pp_primary_right_T6000,1.7740083011411747,0.5646843804253472,80,4,132,-0.7286404663120302,2.886579864025407e-15,0.5300323808011136,0.675249715057674,0.03775366919159053,0.06494769166085604,0.034969618659590966
pp_primary_right_T6000,1.7740083011411747,0.5646843804253472,80,5,196,-0.7808497564950257,6.8833827526759706e-15,0.08384293054438595,0.12132675215705395,0.010319699786627126,0.008162841602624545,0.006248003611532745
pp_primary_right_T6000,1.7740083011411747,0.5646843804253472,80,6,186,2.366930307150858,5.551115123125783e-16,0.09166828480379503,0.11955804092864142,0.01511492458399838,0.0075766028953549785,0.009271685706581406
pp_primary_right_T6000,1.7740083011411747,0.5646843804253472,80,7,212,-0.7982546655327687,3.3306690738754696e-16,0.09674600010720065,0.11955736092472055,0.01521066507667801,0.008788327016394731,0.009409451094943452
pp_primary_right_T6000,1.7740083011411747,0.5646843804253472,80,8,126,-2.3941877926602095,3.3306690738754696e-15,0.06542474386617975,0.10927552325531811,0.017086520437225722,0.00887407908691107,0.007067121682358562
pp_primary_right_T6000,1.7740083011411747,0.5646843804253472,80,9,204,2.3507503810728556,2.7755575615628914e-15,0.09349328274155069,0.10654959658711617,0.01770924316761044,0.007867693080428038,0.011403022201691003
pp_primary_right_T6000,1.7740083011411747,0.5646843804253472,80,10,161,0.7512978930698503,1.5543122344752192e-15,0.06506699624793513,0.10623161806127412,0.01737010220652569,0.008225976444983709,0.007178179138226999
pp_primary_right_T6000,1.7740083011411747,0.5646843804253472,80,11,223,0.9136456392160381,6.661338147750939e-16,0.061633408383289436,0.10278678377202866,0.015318471690233969,0.007617878106896508,0.005470905556365833
pp_primary_right_T6000,1.7740083011411747,0.5646843804253472,80,12,229,-2.2427465346239575,1.9984014443252818e-15,0.058679955012042206,0.10217413323751498,0.01663694199212838,0.0077584488363839285,0.005955621784896577
pp_primary_right_T6000,1.7740083011411747,0.5646843804253472,120,1,0,0.23051252498066147,2.220446049250313e-16,0.9914545742414492,0.9976452982714324,0.224696790781262,0.2212878524070039,0.03359027488344601
pp_primary_right_T6000,1.7740083011411747,0.5646843804253472,120,2,1,-2.911080128609133,8.881784197001252e-16,0.9914545742414492,0.9976452982714322,0.2246967907812621,0.22128785240700372,0.033590274883445924
pp_primary_right_T6000,1.7740083011411747,0.5646843804253472,120,3,179,-0.728640472246553,1.1102230246251565e-16,0.5300353005777432,0.6752534133724436,0.03775387005824567,0.06494840018172872,0.034969805302635465
pp_primary_right_T6000,1.7740083011411747,0.5646843804253472,120,4,172,2.412952181349822,1.9984014443252818e-15,0.5300352953717429,0.67525340676906,0.03775386969349606,0.06494839891464038,0.03496980496484048
pp_primary_right_T6000,1.7740083011411747,0.5646843804253472,120,5,265,-0.7779872185024244,1.3322676295501878e-15,0.06600015526218073,0.08535827208031145,0.01087358220196456,0.00527001470566755,0.006621141349543958
pp_primary_right_T6000,1.7740083011411747,0.5646843804253472,120,6,304,2.3477003192676733,1.7763568394002505e-15,0.06442903183851986,0.08299492103243904,0.009607156392339338,0.005751382915064692,0.005936666416945073
pp_primary_right_T6000,1.7740083011411747,0.5646843804253472,120,7,284,2.3595203819924624,5.10702591327572e-15,0.05437000710024846,0.07875753793393539,0.006629380638363787,0.005190086636309385,0.0041253408995116534
pp_primary_right_T6000,1.7740083011411747,0.5646843804253472,120,8,295,-0.789055758871765,2.220446049250313e-15,0.06572636329739333,0.07632121904832402,0.012196413869477467,0.00521456289055647,0.00777250776293729
pp_primary_right_T6000,1.7740083011411747,0.5646843804253472,120,9,242,-2.381236275999848,2.886579864025407e-15,0.05009011128283827,0.07544276693202957,0.014254570476571122,0.0059583147910430645,0.005670112938156095
pp_primary_right_T6000,1.7740083011411747,0.5646843804253472,120,10,239,0.7572205283083718,3.552713678800501e-15,0.046874456251769024,0.07336546325073506,0.012728937547321817,0.005778008375383528,0.00514878264269072
pp_primary_right_T6000,1.7740083011411747,0.5646843804253472,120,11,309,-0.8012108827166516,2.886579864025407e-15,0.06350810683938994,0.07022163867755506,0.012010009439111522,0.005568616703567477,0.007602299388789335
pp_primary_right_T6000,1.7740083011411747,0.5646843804253472,120,12,275,2.3684424425805615,5.329070518200751e-15,0.05647114964722389,0.07010061405435371,0.010482521870832151,0.004618837066235398,0.006952318669870999
pp_primary_right_T6000,1.7740083011411747,0.5646843804253472,160,1,0,-2.9110801286091323,5.88418203051333e-15,0.9914545742414493,0.9976452982714323,0.2246967907812616,0.22128785240700388,0.033590274883443336
pp_primary_right_T6000,1.7740083011411747,0.5646843804253472,160,2,1,0.2305125249806595,4.440892098500626e-16,0.9914545742414493,0.9976452982714323,0.22469679078126192,0.22128785240700374,0.033590274883443405
pp_primary_right_T6000,1.7740083011411747,0.5646843804253472,160,3,234,2.4129521813465296,4.218847493575595e-15,0.5300352979766391,0.6752534100731601,0.03775386987600341,0.06494839954864931,0.0349698051338581
pp_primary_right_T6000,1.7740083011411747,0.5646843804253472,160,4,288,-0.7286404722432607,1.5543122344752192e-15,0.5300352979728165,0.6752534100683045,0.037753869875735264,0.06494839954771421,0.03496980513360994
pp_primary_right_T6000,1.7740083011411747,0.5646843804253472,160,5,332,2.3618661673194317,1.7763568394002505e-15,0.05162602733446465,0.0671149109478052,0.008324743058024175,0.004139915648981885,0.005011873565819701
pp_primary_right_T6000,1.7740083011411747,0.5646843804253472,160,6,372,-0.7916514795687671,1.0436096431476471e-14,0.04634672781607485,0.061621133648679986,0.006575769601062699,0.004157338405172888,0.004089625331800786
pp_primary_right_T6000,1.7740083011411747,0.5646843804253472,160,7,329,2.3534420005434757,6.661338147750939e-15,0.05127454155421183,0.0604998309090063,0.009317559754803752,0.00394297661858731,0.005874703399291637
pp_primary_right_T6000,1.7740083011411747,0.5646843804253472,160,8,267,0.7541087377577235,6.5503158452884236e-15,0.038331709105767484,0.060419859409687846,0.01047781156210261,0.004465045811968431,0.004256109831478628
pp_primary_right_T6000,1.7740083011411747,0.5646843804253472,160,9,272,-2.3896053595428413,1.0436096431476471e-14,0.03713258909537974,0.059929495941227776,0.00986220903750279,0.004527955410000218,0.004039893764557533
pp_primary_right_T6000,1.7740083011411747,0.5646843804253472,160,10,334,-0.7826884908166117,3.3306690738754696e-16,0.039168769504539305,0.056954605753964216,0.004708536719305932,0.0037345256679986493,0.003004638375307542
pp_primary_right_T6000,1.7740083011411747,0.5646843804253472,160,11,367,-0.768657021529525,4.440892098500626e-15,0.041132093726762985,0.0563366044813817,0.006000811347169354,0.0038095284667698324,0.0035141305227066894
pp_primary_right_T6000,1.7740083011411747,0.5646843804253472,160,12,395,2.3444052442829597,3.3306690738754696e-15,0.05002050915144089,0.05629443664338756,0.009322822868335376,0.004125181860446331,0.005885756240495216
pp_primary_right_T6000,1.7740083011411747,0.5646843804253472,220,1,0,-2.911080128609132,5.995204332975845e-15,0.9914545742414493,0.9976452982714323,0.22469679078126148,0.22128785240700374,0.033590274883447555
pp_primary_right_T6000,1.7740083011411747,0.5646843804253472,220,2,1,0.2305125249806594,8.881784197001252e-16,0.9914545742414492,0.9976452982714322,0.22469679078126145,0.22128785240700377,0.033590274883447686
pp_primary_right_T6000,1.7740083011411747,0.5646843804253472,220,3,323,2.4129521813465304,2.7755575615628914e-15,0.5300352979747468,0.6752534100707558,0.037753869875871704,0.06494839954818381,0.03496980513374069
pp_primary_right_T6000,1.7740083011411747,0.5646843804253472,220,4,358,-0.7286404722432596,5.10702591327572e-15,0.5300352979747316,0.6752534100707357,0.037753869875870844,0.0649483995481807,0.034969805133739706
pp_primary_right_T6000,1.7740083011411747,0.5646843804253472,220,5,451,2.3528753421249915,1.9095836023552692e-14,0.038791514716284434,0.05009756840901653,0.005948102135434983,0.0032747786154972737,0.0035968900915814015
pp_primary_right_T6000,1.7740083011411747,0.5646843804253472,220,6,523,2.346306034184677,1.176836406102666e-14,0.03863463809288853,0.047476315763242856,0.006227615479357042,0.003255005423361641,0.003818821908833837
pp_primary_right_T6000,1.7740083011411747,0.5646843804253472,220,7,529,-0.7739907544014942,7.771561172376096e-15,0.03184175318846797,0.04683115525102424,0.0037668572239291293,0.003272317093994512,0.002058560334901313
pp_primary_right_T6000,1.7740083011411747,0.5646843804253472,220,8,453,2.359324506264328,8.881784197001252e-15,0.032310954841305674,0.04609756410778286,0.004107383392812417,0.0029895299126213673,0.0024902166563138192
pp_primary_right_T6000,1.7740083011411747,0.5646843804253472,220,9,475,-0.7798453966152044,4.551914400963142e-15,0.03656476914127981,0.04583129465486982,0.006330044125316534,0.0027540900610826657,0.003942054985730972
pp_primary_right_T6000,1.7740083011411747,0.5646843804253472,220,10,273,-2.3892791842481413,3.774758283725532e-15,0.027791182947690462,0.04457810213294316,0.007434361095192054,0.003338788994528512,0.0030361366260827838
pp_primary_right_T6000,1.7740083011411747,0.5646843804253472,220,11,436,0.7538991431975038,2.220446049250313e-15,0.027540096429004342,0.04357844846720618,0.0075152641772850085,0.00316961128493364,0.0030612948557737917
pp_primary_right_T6000,1.7740083011411747,0.5646843804253472,220,12,556,2.339637600414633,7.549516567451064e-15,0.03387460492801319,0.04180688719175518,0.005272025583459249,0.003077640516589981,0.0032959667047324933
