label,sequence,phi,phi_over_pi,policy,T,T0,T1,v_fit,v_fit2,v_T,delta_v,deltaP_late_mean,deltaP_final,w_loc3,w_loc5,P0bar,x_mean_final,stable
paper_max_T300,A,1.0471975511965976,0.3333333333333333,fixed,300,200,250,-0.05354750247179237,-0.05354435789014425,-0.05356210604430953,4.326521487546531e-06,-0.0657859347579508,-0.06582567642061438,0.5267821391450794,0.5538987082643939,0.15954889691664131,-16.06863181329286,1
paper_max_T300,A,1.0471975511965976,0.3333333333333333,fixed,600,200,250,-0.05354438981609455,-0.053544143587153606,-0.05355300489403524,1.3427671761837012e-05,-0.06578781944704439,-0.06581081640285164,0.5268862696915304,0.553921718159701,0.15838198594520436,-32.131802936421145,1
paper_max_T300,A,1.0471975511965976,0.3333333333333333,fixed,900,200,250,-0.053544229012378416,-0.053544144852435076,-0.05355000704543367,1.642552036341255e-05,-0.06578846463903468,-0.06580403017149627,0.5269020996934418,0.5539255653566874,0.15821415906069358,-48.1950063408903,1
paper_max_T300,A,1.0471975511965976,0.3333333333333333,fixed,1200,200,250,-0.053544178609253645,-0.05354413580105377,-0.05354851411277643,1.7918453020647485e-05,-0.06578878089534719,-0.06579933235412883,0.5269085664050634,0.553927188518374,0.1581469738233473,-64.25821693533172,1
paper_max_T300,A,1.0471975511965976,0.3333333333333333,fixed,1500,200,250,-0.05354415455974783,-0.053544128463260295,-0.05354762090519213,1.8811660604953206e-05,-0.06578896914818154,-0.06579568564478344,0.5269120907094975,0.5539280896139265,0.15811078819542115,-80.32143135778819,1
paper_max_T300,A,1.0471975511965976,0.3333333333333333,fixed,2000,200,250,-0.05354413442579137,-0.053544120291663035,-0.05354673821119934,1.9694354597740715e-05,-0.06578915806018319,-0.06579362836169417,0.5269153909787097,0.5539289482156812,0.15807728084854625,-107.09347642239868,1
paper_max_T300,A,1.0471975511965976,0.3333333333333333,fixed,3000,200,250,-0.05354411798362456,-0.05354411184749644,-0.053545849149700286,2.058341609679354e-05,-0.06578934787956503,-0.06578760534321892,0.5269184999810057,0.5539297753503705,0.15804617273582983,-160.63754744910085,1
paper_max_T300,A,1.0471975511965976,0.3333333333333333,fixed,4000,200,250,-0.053544111215686405,-0.05354410777825142,-0.0535454136172845,2.1018948512578628e-05,-0.06578944168515573,-0.0657886114279761,0.5269199888421189,0.5539301780377395,0.15803143954503374,-214.181654469138,1
paper_max_T300,A,1.0471975511965976,0.3333333333333333,fixed,5000,200,250,-0.05354410766157235,-0.053544105459005634,-0.05354515216587805,2.128039991902697e-05,-0.06578949379373758,-0.06578992779146586,0.5269208546101859,0.5539304110057278,0.1580228432920598,-267.72576082939025,1
paper_max_T300,A,1.0471975511965976,0.3333333333333333,fixed,6000,200,250,-0.05354410554076858,-0.05354410400705293,-0.05354497723946699,2.1455326330091506e-05,-0.06578952685221477,-0.06579048982673458,0.5269214146161206,0.5539305586024377,0.15801720772607236,-321.2698634368019,1
paper_max_T300,A,1.0471975511965976,0.3333333333333333,scaled,300,200,250,-0.05354750247179237,-0.05354435789014425,-0.05356210604430953,4.326521487546531e-06,-0.0657859347579508,-0.06582567642061438,0.5267821391450794,0.5538987082643939,0.15954889691664131,-16.06863181329286,1
paper_max_T300,A,1.0471975511965976,0.3333333333333333,scaled,600,400,500,-0.0535444570506629,-0.05354495005873521,-0.05355300489403524,1.6929584212566073e-06,-0.06578885224884935,-0.06581081640285164,0.5268569869619052,0.5539175994265161,0.1587753130370766,-32.131802936421145,1
paper_max_T300,A,1.0471975511965976,0.3333333333333333,scaled,900,600,750,-0.05354418713182029,-0.05354413051107511,-0.05355000704543367,1.119999792242865e-06,-0.06578939843887495,-0.06580403017149627,0.5268796824655174,0.5539223892803385,0.15851466169451536,-48.1950063408903,1
paper_max_T300,A,1.0471975511965976,0.3333333333333333,scaled,1200,800,1000,-0.05354413039920747,-0.05354414493124887,-0.05354851411277643,8.663322431448628e-07,-0.0657895589376756,-0.06579933235412883,0.5268909485351053,0.5539247291279442,0.1583839664331552,-64.25821693533172,1
paper_max_T300,A,1.0471975511965976,0.3333333333333333,scaled,1500,1000,1250,-0.05354411441731452,-0.053544107916376135,-0.05354762090519213,6.728499390498688e-07,-0.0657896014139602,-0.06579568564478344,0.52689771068199,0.5539261311850665,0.15830542071497536,-80.32143135778819,1
paper_max_T300,A,1.0471975511965976,0.3333333333333333,scaled,2000,1333,1666,-0.053544104817741335,-0.0535440964342364,-0.05354673821119934,5.306122983148032e-07,-0.06578966273849193,-0.06579362836169417,0.5269239806414255,0.5539311845032906,0.15799009687747934,-107.09347642239868,1
paper_max_T300,A,1.0471975511965976,0.3333333333333333,scaled,3000,2000,2500,-0.05354410156455311,-0.05354409844256554,-0.053545849149700286,3.5636801427874065e-07,-0.06578969367895446,-0.06578760534321892,0.5269110276582083,0.5539287862300655,0.15814798838384755,-160.63754744910085,1
paper_max_T300,A,1.0471975511965976,0.3333333333333333,scaled,4000,2666,3333,-0.053544100932529724,-0.05354410084898808,-0.0535454136172845,2.6242528217840233e-07,-0.06578970223997485,-0.0657886114279761,0.5269143450304691,0.5539294382344537,0.15810851531874817,-214.181654469138,1
paper_max_T300,A,1.0471975511965976,0.3333333333333333,scaled,5000,3333,4166,-0.05354410048881267,-0.05354410076087129,-0.05354515216587805,2.0894429559464855e-07,-0.065789694806115,-0.06578992779146586,0.5269241481189836,0.5539312984117144,0.15799016966707696,-267.72576082939025,1
paper_max_T300,A,1.0471975511965976,0.3333333333333333,scaled,6000,4000,5000,-0.053544100152713305,-0.05354410012195606,-0.05354497723946699,1.7492641106453544e-07,-0.06578968817383755,-0.06579048982673458,0.5269175755496041,0.5539300348318,0.15806911288560668,-321.2698634368019,1
paper_max_T300,B,1.0471975511965976,0.3333333333333333,fixed,300,200,250,-0.038791551924111975,-0.03875175760480489,-0.03808467111398489,0.002829180912649047,-0.12539949412662668,-0.15021944111030383,0.7174810403447942,0.7300799562286638,0.28095549952192067,-11.425401334195467,1
paper_max_T300,B,1.0471975511965976,0.3333333333333333,fixed,600,200,250,-0.0375875596320811,-0.03750215036416468,-0.03739673066450292,0.0032991889781384953,-0.11513575993206954,-0.019529746915371293,0.7175517989534724,0.7300734626908565,0.2789131587081859,-22.438038398701753,1
paper_max_T300,B,1.0471975511965976,0.3333333333333333,fixed,900,200,250,-0.03761558151042516,-0.037593713435809924,-0.03798156546095762,0.002726075259621777,-0.11776419416457493,-0.24287354522350985,0.7175230445658517,0.7300486115723389,0.2785996299316375,-34.18340891486186,1
paper_max_T300,B,1.0471975511965976,0.3333333333333333,fixed,1200,200,250,-0.03761552785766223,-0.03760550778713106,-0.03750296408269402,0.0031929555599473983,-0.11860702764913107,-0.020119022990305324,0.7175087059326115,0.7300365279176659,0.27847302803258894,-45.00355689923282,1
paper_max_T300,B,1.0471975511965976,0.3333333333333333,fixed,1500,200,250,-0.037604315064290836,-0.03759775819624992,-0.037703036121531495,0.002992883521109921,-0.11710837571727949,-0.14963309340834063,0.7175080369056793,0.7300343363221228,0.27840810217752043,-56.55455418229724,1
paper_max_T300,B,1.0471975511965976,0.3333333333333333,fixed,2000,200,250,-0.03760917479456247,-0.03760605238600194,-0.037524318076669304,0.0031716015659721125,-0.1183052454310997,-0.00019950597666137937,0.7175025927427163,0.7300293548106073,0.2783456485647088,-75.0486361533386,1
paper_max_T300,B,1.0471975511965976,0.3333333333333333,fixed,3000,200,250,-0.037606886242142534,-0.03760555686074657,-0.03764338017057027,0.003052539472071146,-0.11778987058218429,-0.1323464104315243,0.7174979493422337,0.7300249650517003,0.2782878340286658,-112.9301405117108,1
paper_max_T300,B,1.0471975511965976,0.3333333333333333,fixed,4000,200,250,-0.03760823380447538,-0.03760754924991042,-0.03768246005591578,0.0030134595867256364,-0.11845502583060305,-0.22498391165779866,0.7174959501995808,0.7300230039576703,0.2782605364189235,-150.72984022366313,1
paper_max_T300,B,1.0471975511965976,0.3333333333333333,fixed,5000,200,250,-0.03760798927161778,-0.03760755982355692,-0.037580742958476195,0.0031151766841652218,-0.11843578066735208,-0.015671726036600026,0.717494861614906,0.7300219062234675,0.2782446473618796,-187.90371479238098,1
paper_max_T300,B,1.0471975511965976,0.3333333333333333,fixed,6000,200,250,-0.037607491481352076,-0.03760719063468409,-0.03761346939455234,0.0030824502480890775,-0.11810808927953813,-0.09739780604536469,0.7174941632622465,0.7300211957616443,0.2782342442650528,-225.68081636731404,1
paper_max_T300,B,1.0471975511965976,0.3333333333333333,scaled,300,200,250,-0.038791551924111975,-0.03875175760480489,-0.03808467111398489,0.002829180912649047,-0.12539949412662668,-0.15021944111030383,0.7174810403447942,0.7300799562286638,0.28095549952192067,-11.425401334195467,1
paper_max_T300,B,1.0471975511965976,0.3333333333333333,scaled,600,400,500,-0.03765424117247623,-0.03723147086414411,-0.03739673066450292,0.001724361886530544,-0.109036213521656,-0.019529746915371293,0.7174686972823741,0.7300187639116209,0.27957429523881366,-22.438038398701753,1
paper_max_T300,B,1.0471975511965976,0.3333333333333333,scaled,900,600,750,-0.03756478633172283,-0.03804605254707985,-0.03798156546095762,0.0011878394100270084,-0.1209395020715033,-0.24287354522350985,0.7174640060319979,0.7300130802870793,0.2791058906138629,-34.18340891486186,1
paper_max_T300,B,1.0471975511965976,0.3333333333333333,scaled,1200,800,1000,-0.03759264678065505,-0.03786942392749583,-0.03750296408269402,0.0008827103975371925,-0.12255286618225784,-0.020119022990305324,0.7174774952681063,0.730017427853402,0.278879521578705,-45.00355689923282,1
paper_max_T300,B,1.0471975511965976,0.3333333333333333,scaled,1500,1000,1250,-0.03759745388876026,-0.03742175129124637,-0.037703036121531495,0.0005912396684121662,-0.11432749083796227,-0.14963309340834063,0.7174733534557391,0.7300134230912717,0.2787375402032967,-56.55455418229724,1
paper_max_T300,B,1.0471975511965976,0.3333333333333333,scaled,2000,1333,1666,-0.03763062544380578,-0.03770287697188561,-0.037524318076669304,0.0005498138819480941,-0.11723589969313623,-0.00019950597666137937,0.7174948468063377,0.7300203150820558,0.27818619335273437,-75.0486361533386,1
paper_max_T300,B,1.0471975511965976,0.3333333333333333,scaled,3000,2000,2500,-0.03760236740358185,-0.03759219940453773,-0.03764338017057027,0.0002866212317482533,-0.11674513485041385,-0.1323464104315243,0.7174830589665511,0.7300161486103578,0.2784616697310234,-112.9301405117108,1
paper_max_T300,B,1.0471975511965976,0.3333333333333333,scaled,4000,2666,3333,-0.037607364324715904,-0.03760122581495747,-0.03768246005591578,0.0002633926029478109,-0.11955661882617237,-0.22498391165779866,0.7174846196971826,0.7300163149973895,0.2783920793540509,-150.72984022366313,1
paper_max_T300,B,1.0471975511965976,0.3333333333333333,scaled,5000,3333,4166,-0.03760631755126597,-0.037607001402695156,-0.037580742958476195,0.00021533539959745635,-0.11947709206531723,-0.015671726036600026,0.7174904809503604,0.7300175848607631,0.2781841457595224,-187.90371479238098,1
paper_max_T300,B,1.0471975511965976,0.3333333333333333,scaled,6000,4000,5000,-0.03760642275619665,-0.037604431621703606,-0.03761346939455234,0.00015140239234510966,-0.11750247708152745,-0.09739780604536469,0.7174874743318319,0.7300172861701462,0.27832330183625587,-225.68081636731404,1
paper_max_T300,ABB,1.0471975511965976,0.3333333333333333,fixed,300,200,250,0.12039081438978928,0.12053513662681424,0.11994142632459945,0.0021343872574163536,0.4029896939324042,0.4908002537713053,0.5539169355050063,0.5606677055645829,0.17583604833778338,35.982427897379836,1
paper_max_T300,ABB,1.0471975511965976,0.3333333333333333,fixed,600,200,250,0.1201168484974975,0.12010286887626848,0.11998039601227899,0.0021733569450958917,0.40167551881837465,0.4801787862531045,0.5539553360904776,0.5606154689810995,0.17460103327892623,71.9882376073674,1
paper_max_T300,ABB,1.0471975511965976,0.3333333333333333,fixed,900,200,250,0.12010276800048211,0.12009789540133914,0.11998969896066154,0.0021826598934784475,0.401423373618857,0.4674110434544493,0.5539612979251954,0.5606038254976158,0.17442906787354884,107.99072906459539,1
paper_max_T300,ABB,1.0471975511965976,0.3333333333333333,fixed,1200,200,250,0.12009875517934922,0.12009627131852905,0.1199938690346284,0.0021868299674453057,0.401269059104977,0.4544234633269196,0.5539643249274969,0.5605989222609418,0.17436398079516266,143.99264284155407,1
paper_max_T300,ABB,1.0471975511965976,0.3333333333333333,fixed,1500,200,250,0.12009705088000976,0.1200955366011828,0.11999930580746422,0.0021922667402811263,0.4011508078073456,0.4436140808316761,0.5539668548865307,0.5605963494986216,0.17433139608069975,179.99895871119634,1
paper_max_T300,ABB,1.0471975511965976,0.3333333333333333,fixed,2000,200,250,0.12009564842081713,0.12009481802525362,0.11989112977926328,0.0020840907120801833,0.4009542629312779,0.3996129445207549,0.5539693093944098,0.5605938214012021,0.17427253370253853,239.78225955852656,1
paper_max_T300,ABB,1.0471975511965976,0.3333333333333333,fixed,3000,200,250,0.12009540391465115,0.12009505908844255,0.12005928641220924,0.0022522473450261454,0.4008987492002562,0.46108638301253524,0.5539753580266323,0.560592059699127,0.17427121328403963,360.17785923662774,1
paper_max_T300,ABB,1.0471975511965976,0.3333333333333333,fixed,4000,200,250,0.12009572841401284,0.12009555002549703,0.1201123398456298,0.002305300778446706,0.40099262620208226,0.47399070731512494,0.5539749865739687,0.5605910111349321,0.17423523551599068,480.4493593825192,1
paper_max_T300,ABB,1.0471975511965976,0.3333333333333333,fixed,5000,200,250,0.12009576276420643,0.12009565264657705,0.12003807259911459,0.0022310335319314922,0.40102444205098803,0.4553899614506156,0.5539736894890068,0.5605901288227415,0.17422032467485793,600.190362995573,1
paper_max_T300,ABB,1.0471975511965976,0.3333333333333333,fixed,6000,200,250,0.12009572516453453,0.12009564967053057,0.12007057511250221,0.00226353604531912,0.40102087032739897,0.44066961819488676,0.5539742136880516,0.5605897221536005,0.1742285359782827,720.4234506750133,1
paper_max_T300,ABB,1.0471975511965976,0.3333333333333333,scaled,300,200,250,0.12039081438978928,0.12053513662681424,0.11994142632459945,0.0021343872574163536,0.4029896939324042,0.4908002537713053,0.5539169355050063,0.5606677055645829,0.17583604833778338,35.982427897379836,1
paper_max_T300,ABB,1.0471975511965976,0.3333333333333333,scaled,600,400,500,0.12018610938101155,0.12051446708547585,0.11998039601227899,0.0010105628132604239,0.4013861888317809,0.4801787862531045,0.553961287850807,0.5605907707862575,0.1752682118296881,71.9882376073674,1
paper_max_T300,ABB,1.0471975511965976,0.3333333333333333,scaled,900,600,750,0.12014081456766532,0.12008063135388834,0.11998969896066154,0.0006393810910317183,0.4013491051392146,0.4674110434544493,0.5539642382352397,0.560586831535891,0.17492218085500272,107.99072906459539,1
paper_max_T300,ABB,1.0471975511965976,0.3333333333333333,scaled,1200,800,1000,0.1201255002182508,0.12020594261256383,0.1199938690346284,0.0004592920703241077,0.4013487551840911,0.4544234633269196,0.5539553683076932,0.5605860305413218,0.17464268866306557,143.99264284155407,1
paper_max_T300,ABB,1.0471975511965976,0.3333333333333333,scaled,1500,1000,1250,0.12011083772269526,0.12009033909140057,0.11999930580746422,0.0003529705233631386,0.4008694815683961,0.4436140808316761,0.553971906322731,0.5605869864217521,0.17468314552986236,179.99895871119634,1
paper_max_T300,ABB,1.0471975511965976,0.3333333333333333,scaled,2000,1333,1666,0.12009977008865194,0.1201021539120195,0.11989112977926328,0.00024403600435028705,0.40046453561438855,0.3996129445207549,0.5539751340815954,0.5605873044596903,0.1741514080900721,239.78225955852656,1
paper_max_T300,ABB,1.0471975511965976,0.3333333333333333,scaled,3000,2000,2500,0.12009382963443967,0.12007951043583358,0.12005928641220924,0.00019306425239487557,0.40079758433087587,0.46108638301253524,0.5539806389933261,0.5605879637965818,0.17439641711803594,360.17785923662774,1
paper_max_T300,ABB,1.0471975511965976,0.3333333333333333,scaled,4000,2666,3333,0.1200952990902415,0.1200903817192189,0.1201123398456298,0.00018954845544258414,0.4011882596272167,0.47399070731512494,0.5539749641958298,0.5605879315158767,0.17428654263711982,480.4493593825192,1
paper_max_T300,ABB,1.0471975511965976,0.3333333333333333,scaled,5000,3333,4166,0.12009527723732707,0.12009750483366327,0.12003807259911459,8.083000494316095e-05,0.4012812417592014,0.4553899614506156,0.5539714544501123,0.5605875067957196,0.17416321910679133,600.190362995573,1
paper_max_T300,ABB,1.0471975511965976,0.3333333333333333,scaled,6000,4000,5000,0.12009573098308096,0.1200992433417718,0.12007057511250221,8.965434828929475e-05,0.4011109881471475,0.44066961819488676,0.5539703396056688,0.5605870994726228,0.1742966690255491,720.4234506750133,1
long_max_Tlast,A,0.9599310885968813,0.3055555555555556,fixed,300,200,250,-0.05264380443472878,-0.052639132202733564,-0.05266674960034829,5.091464199143136e-06,-0.06484958658700934,-0.06492851854230441,0.5032397202263333,0.5328648223711707,0.14856602708175357,-15.800024880104488,1
long_max_Tlast,A,0.9599310885968813,0.3055555555555556,fixed,600,200,250,-0.0526415337041203,-0.05264129863018017,-0.05265346238797051,1.837867657692588e-05,-0.06484952193520799,-0.06485857555237112,0.5033191096328183,0.5328692964675396,0.14746767429993962,-31.592077432782304,1
long_max_Tlast,A,0.9599310885968813,0.3055555555555556,fixed,900,200,250,-0.0526414497709654,-0.0526413748827522,-0.05264932142910643,2.2519635441003993e-05,-0.06485018680241077,-0.06483768846190152,0.5033331202896487,0.5328717431828845,0.1473103863996849,-47.384389286195784,1
long_max_Tlast,A,0.9599310885968813,0.3055555555555556,fixed,1200,200,250,-0.05264141806660934,-0.05264138091420035,-0.05264736942709649,2.4471637450944328e-05,-0.06485051752191817,-0.06484497641567732,0.5033392191322972,0.5328730678556091,0.14724758075241767,-63.176843312515786,1
long_max_Tlast,A,0.9599310885968813,0.3055555555555556,fixed,1500,200,250,-0.052641399120556584,-0.05264137658655622,-0.05264620482064811,2.5636243899326838e-05,-0.06485063475227522,-0.06485550903126336,0.5033423457822208,0.5328736652996497,0.1472136905568101,-78.96930723097216,1
long_max_Tlast,A,0.9599310885968813,0.3055555555555556,fixed,2000,200,250,-0.0526413819613412,-0.05264136976076209,-0.05264498707051173,2.6853994035701267e-05,-0.06485072008918627,-0.06485336969347533,0.5033450487636112,0.5328740783138951,0.1471822180241124,-105.28997414102346,1
long_max_Tlast,A,0.9599310885968813,0.3055555555555556,fixed,3000,200,250,-0.052641367710175545,-0.05264136240815407,-0.052643775972442804,2.8065092104630207e-05,-0.06485081199905375,-0.06485337270884994,0.5033475733663505,0.5328744713259749,0.14715298520171038,-157.93132791732842,1
long_max_Tlast,A,0.9599310885968813,0.3055555555555556,fixed,4000,200,250,-0.05264136174968906,-0.05264135877569952,-0.05264316826179199,2.867280275544587e-05,-0.06485085776981234,-0.06485196998425319,0.5033487796938284,0.5328746647566421,0.1471391379803726,-210.57267304716794,1
long_max_Tlast,A,0.9599310885968813,0.3055555555555556,fixed,5000,200,250,-0.05264135862403064,-0.05264135671691849,-0.05264280558303549,2.903548151194507e-05,-0.06485088590896071,-0.06485239288051237,0.5033494854119328,0.5328747789462165,0.1471310597070799,-263.21402791517744,1
long_max_Tlast,A,0.9599310885968813,0.3055555555555556,fixed,6000,200,250,-0.05264135675326102,-0.0526413554244855,-0.052642562342943476,2.927872160395778e-05,-0.06485090471839008,-0.06485143052607972,0.5033499488917296,0.5328748545442795,0.14712576709478042,-315.85537405766087,1
long_max_Tlast,A,0.9599310885968813,0.3055555555555556,scaled,300,200,250,-0.05264380443472878,-0.052639132202733564,-0.05266674960034829,5.091464199143136e-06,-0.06484958658700934,-0.06492851854230441,0.5032397202263333,0.5328648223711707,0.14856602708175357,-15.800024880104488,1
long_max_Tlast,A,0.9599310885968813,0.3055555555555556,scaled,600,400,500,-0.05264115621416813,-0.05264167952526593,-0.05265346238797051,2.2972991123790254e-06,-0.06485145570801755,-0.06485857555237112,0.5032878789024846,0.5328645093251588,0.14783422365058557,-31.592077432782304,1
long_max_Tlast,A,0.9599310885968813,0.3055555555555556,scaled,900,600,750,-0.052641313788020616,-0.05264111668977342,-0.05264932142910643,1.7603309233338305e-06,-0.06485110042532863,-0.06483768846190152,0.5033059834150055,0.5328657123571806,0.14758915445662246,-47.384389286195784,1
long_max_Tlast,A,0.9599310885968813,0.3055555555555556,scaled,1200,800,1000,-0.052641374413382375,-0.0526414401014465,-0.05264736942709649,1.2279812460769257e-06,-0.06485098793048306,-0.06484497641567732,0.5033166914181691,0.532867479634746,0.1474669092512255,-63.176843312515786,1
long_max_Tlast,A,0.9599310885968813,0.3055555555555556,scaled,1500,1000,1250,-0.05264137739862447,-0.05264135546356329,-0.05264620482064811,9.574210368540337e-07,-0.06485088994344532,-0.06485550903126336,0.5033241102237438,0.5328692571279794,0.14739385893674223,-78.96930723097216,1
long_max_Tlast,A,0.9599310885968813,0.3055555555555556,scaled,2000,1333,1666,-0.05264135657054226,-0.052641363223294366,-0.05264498707051173,7.075454345958909e-07,-0.0648510741536793,-0.06485336969347533,0.5033525164515715,0.532875467632538,0.14710048177503632,-105.28997414102346,1
long_max_Tlast,A,0.9599310885968813,0.3055555555555556,scaled,3000,2000,2500,-0.052641354992100084,-0.05264135631760709,-0.052643775972442804,4.816247219374681e-07,-0.06485097991850006,-0.06485337270884994,0.5033382074050645,0.5328722905551747,0.14724729274439521,-157.93132791732842,1
long_max_Tlast,A,0.9599310885968813,0.3055555555555556,scaled,4000,2666,3333,-0.05264135303693048,-0.052641351761681034,-0.05264316826179199,3.6259555461631843e-07,-0.06485098741472242,-0.06485196998425319,0.5033417749619261,0.5328730752569707,0.14721055720050497,-210.57267304716794,1
long_max_Tlast,A,0.9599310885968813,0.3055555555555556,scaled,5000,3333,4166,-0.05264135208720402,-0.052641352377266,-0.05264280558303549,2.879109597953011e-07,-0.06485100238149358,-0.06485239288051237,0.5033522239749384,0.532875253698163,0.14710037648628507,-263.21402791517744,1
long_max_Tlast,A,0.9599310885968813,0.3055555555555556,scaled,6000,4000,5000,-0.0526413518999908,-0.052641351609870185,-0.052642562342943476,2.432400920127087e-07,-0.06485099443193826,-0.06485143052607972,0.5033452130396336,0.5328737716833176,0.14717387181910996,-315.85537405766087,1
long_max_Tlast,B,0.9599310885968813,0.3055555555555556,fixed,300,200,250,-0.04723591636538686,-0.04730700878424268,-0.04720499591389061,0.003177083813967828,-0.15950578657510947,-0.028329782279509164,0.6254676082220462,0.6476241359494006,0.23608241718589892,-14.161498774167182,1
long_max_Tlast,B,0.9599310885968813,0.3055555555555556,fixed,600,200,250,-0.04774744178264755,-0.047810225036054775,-0.04810124365542366,0.002300938585247013,-0.1570181713447261,-0.2091195379041291,0.6260660899262276,0.647898294226566,0.2345683141732433,-28.860746193254197,1
long_max_Tlast,B,0.9599310885968813,0.3055555555555556,fixed,900,200,250,-0.04770981281558361,-0.04772361160021351,-0.04803051357212796,0.0023515661557304765,-0.15255414504110223,-0.23064375564983364,0.6262491227075249,0.6480196323718638,0.23438091043750325,-43.227462214915164,1
long_max_Tlast,B,0.9599310885968813,0.3055555555555556,fixed,1200,200,250,-0.04772653113214098,-0.047734052824398486,-0.047607412955351425,0.0027746667725070118,-0.15313214582951912,-0.03125583210224786,0.6263142185620714,0.6480623843232546,0.23430266063588498,-57.12889554642171,1
long_max_Tlast,B,0.9599310885968813,0.3055555555555556,fixed,1500,200,250,-0.04773737025387215,-0.047742456779163514,-0.047837309738811534,0.002544769989046902,-0.1541588743086958,-0.17641120795144333,0.6263336466253236,0.6480729091753403,0.23425516641087735,-71.7559646082173,1
long_max_Tlast,B,0.9599310885968813,0.3055555555555556,fixed,2000,200,250,-0.04773169745983051,-0.04773400147317239,-0.04773777807626804,0.0026443016515903944,-0.1525832631340463,-0.10596746446641003,0.626349197735221,0.648080493149943,0.23421046731910067,-95.47555615253609,1
long_max_Tlast,B,0.9599310885968813,0.3055555555555556,fixed,3000,200,250,-0.04773466344751756,-0.047735651138953866,-0.04770878873504201,0.002673290992816428,-0.15273777582661616,-0.06538120733948799,0.6263649443732139,0.6480885770071795,0.23416937058527237,-143.12636620512603,1
long_max_Tlast,B,0.9599310885968813,0.3055555555555556,fixed,4000,200,250,-0.0477356555673017,-0.0477362029019329,-0.047701218471037615,0.002680861256820821,-0.1528441351812987,-0.03790942920400875,0.6263728205802113,0.6480927369106151,0.2341500358042273,-190.80487388415045,1
long_max_Tlast,B,0.9599310885968813,0.3055555555555556,fixed,5000,200,250,-0.047736093646273396,-0.04773644133880321,-0.047703939126671355,0.0026781406011870817,-0.1529217603457559,-0.02764745813722036,0.6263775339648892,0.6480952577230243,0.23413879648972435,-238.51969563335678,1
long_max_Tlast,B,0.9599310885968813,0.3055555555555556,fixed,6000,200,250,-0.04773630986103785,-0.047736550177284266,-0.047712334536550015,0.0026697451913084216,-0.15297478055594035,-0.036121843776793366,0.6263806694261995,0.6480969467470498,0.23413144763156585,-286.2740072193001,1
long_max_Tlast,B,0.9599310885968813,0.3055555555555556,scaled,300,200,250,-0.04723591636538686,-0.04730700878424268,-0.04720499591389061,0.003177083813967828,-0.15950578657510947,-0.028329782279509164,0.6254676082220462,0.6476241359494006,0.23608241718589892,-14.161498774167182,1
long_max_Tlast,B,0.9599310885968813,0.3055555555555556,scaled,600,400,500,-0.048094605608942825,-0.04932688810742102,-0.04810124365542366,0.001354893524371903,-0.1541291102276498,-0.2091195379041291,0.6263520403485913,0.6481118129578911,0.235260265640745,-28.860746193254197,1
long_max_Tlast,B,0.9599310885968813,0.3055555555555556,scaled,900,600,750,-0.04775034018310162,-0.04746544691276724,-0.04803051357212796,0.0009320280391053246,-0.1467949784135602,-0.23064375564983364,0.6264608491998193,0.6481730752371395,0.2349078260769543,-43.227462214915164,1
long_max_Tlast,B,0.9599310885968813,0.3055555555555556,scaled,1200,800,1000,-0.04770089227911156,-0.04744228690824612,-0.047607412955351425,0.0008407079275814175,-0.15274014322896765,-0.03125583210224786,0.626402232767168,0.6481219868905973,0.234690716763164,-57.12889554642171,1
long_max_Tlast,B,0.9599310885968813,0.3055555555555556,scaled,1500,1000,1250,-0.04773625902647193,-0.047843516201215665,-0.047837309738811534,0.0005010425033255411,-0.1572228856170218,-0.17641120795144333,0.6263611422134107,0.648088109179119,0.2345581087156588,-71.7559646082173,1
long_max_Tlast,B,0.9599310885968813,0.3055555555555556,scaled,2000,1333,1666,-0.047719590889982066,-0.04773016800932005,-0.04773777807626804,0.00042145054415149846,-0.15114183524013589,-0.10596746446641003,0.6264208847373263,0.6481250561485556,0.23410481617074436,-95.47555615253609,1
long_max_Tlast,B,0.9599310885968813,0.3055555555555556,scaled,3000,2000,2500,-0.04772209590845211,-0.04773596623002178,-0.04770878873504201,0.00031117682471924757,-0.15296905159880203,-0.06538120733948799,0.6263835903468622,0.6481006908287121,0.23432918893606225,-143.12636620512603,1
long_max_Tlast,B,0.9599310885968813,0.3055555555555556,scaled,4000,2666,3333,-0.0477389069712421,-0.04771456686259742,-0.047701218471037615,0.00024821029211558737,-0.15160179898837017,-0.03790942920400875,0.62639247394314,0.6481064697333249,0.23427288912801483,-190.80487388415045,1
long_max_Tlast,B,0.9599310885968813,0.3055555555555556,scaled,5000,3333,4166,-0.047734127846468716,-0.04772406398633812,-0.047703939126671355,0.00020267674877977315,-0.1531975566554285,-0.02764745813722036,0.6263979667999898,0.6481068394683502,0.23409694365249553,-238.51969563335678,1
long_max_Tlast,B,0.9599310885968813,0.3055555555555556,scaled,6000,4000,5000,-0.04773638812622408,-0.047739435944632876,-0.047712334536550015,0.00016562411014862943,-0.15316544408300736,-0.036121843776793366,0.6263907561093052,0.6481037482595663,0.23421311617261503,-286.2740072193001,1
long_max_Tlast,ABB,0.9599310885968813,0.3055555555555556,fixed,300,200,250,0.11140307072933638,0.11175917299828456,0.11141999361072119,0.001864044491522207,0.373660704127894,0.4573935695724944,0.5732802224480572,0.5796775620988086,0.18572815642529122,33.425998083216356,1
long_max_Tlast,ABB,0.9599310885968813,0.3055555555555556,fixed,600,200,250,0.11152842763622993,0.11153599862774058,0.11142843555631655,0.001872486437117571,0.37275634617219006,0.4422208612481551,0.5733084633194891,0.5796399329693147,0.18440123592335314,66.85706133378993,1
long_max_Tlast,ABB,0.9599310885968813,0.3055555555555556,fixed,900,200,250,0.11153914337269025,0.11154192818103206,0.1114281537887088,0.001872204669509811,0.3728026651691328,0.4253711444857982,0.5733076696216974,0.5796306966629713,0.18419944312454645,100.28533840983792,1
long_max_Tlast,ABB,0.9599310885968813,0.3055555555555556,fixed,1200,200,250,0.1115427030363338,0.11154423583091831,0.11144288235988732,0.0018869332406883377,0.3729210013298486,0.4169775515032039,0.5733069446081855,0.579626601811965,0.18411119017057442,133.73145883186478,1
long_max_Tlast,ABB,0.9599310885968813,0.3055555555555556,fixed,1500,200,250,0.11154398900095333,0.11154495843625693,0.11147064028937378,0.001914691170174801,0.37299572557976596,0.4222677790963063,0.5733079652870073,0.5796244638749471,0.18406130452866976,167.20596043406067,1
long_max_Tlast,ABB,0.9599310885968813,0.3055555555555556,fixed,2000,200,250,0.11154391168425631,0.11154440458122071,0.11140989018407017,0.0018539410648711896,0.3728885351717303,0.41679099447561496,0.5733100819852212,0.5796225617563773,0.18399140891310653,222.81978036814036,1
long_max_Tlast,ABB,0.9599310885968813,0.3055555555555556,fixed,3000,200,250,0.11154356621920736,0.11154375354552776,0.11151807558108472,0.0019621264618857326,0.3727380545290663,0.4382945198722806,0.5733153716524112,0.5796209365897839,0.18399638688353026,334.55422674325416,1
long_max_Tlast,ABB,0.9599310885968813,0.3055555555555556,fixed,4000,200,250,0.11154403588487644,0.11154414671523599,0.11153530926597487,0.0019793601467758826,0.37284285519572086,0.39167347073432407,0.5733131915177742,0.579619858896906,0.18395674450366595,446.14123706389944,1
long_max_Tlast,ABB,0.9599310885968813,0.3055555555555556,fixed,5000,200,250,0.111543840920219,0.11154390629782045,0.11148901416756646,0.0019330650483674744,0.3727343219178278,0.41350705517825237,0.5733154827685034,0.5796194670890659,0.18395809614056466,557.4450708378323,1
long_max_Tlast,ABB,0.9599310885968813,0.3055555555555556,fixed,6000,200,250,0.11154394448070569,0.1115439905629994,0.1115240273762936,0.0019680782570946215,0.37278025486670063,0.4176403182945334,0.5733147530896847,0.5796190222921888,0.18395913498588923,669.1441642577616,1
long_max_Tlast,ABB,0.9599310885968813,0.3055555555555556,scaled,300,200,250,0.11140307072933638,0.11175917299828456,0.11141999361072119,0.001864044491522207,0.373660704127894,0.4573935695724944,0.5732802224480572,0.5796775620988086,0.18572815642529122,33.425998083216356,1
long_max_Tlast,ABB,0.9599310885968813,0.3055555555555556,scaled,600,400,500,0.11146166327128765,0.11123550349027149,0.11142843555631655,0.0008589920900642783,0.3724233372546988,0.4422208612481551,0.5733140250800185,0.5796217282085706,0.185053646119106,66.85706133378993,1
long_max_Tlast,ABB,0.9599310885968813,0.3055555555555556,scaled,900,600,750,0.11150121496756794,0.11152700214137663,0.1114281537887088,0.0005578789026917802,0.37309499777329597,0.4253711444857982,0.5733074815126803,0.5796178927624143,0.18472791535130695,100.28533840983792,1
long_max_Tlast,ABB,0.9599310885968813,0.3055555555555556,scaled,1200,800,1000,0.11153469980955401,0.11151257009103854,0.11144288235988732,0.0004105152249526539,0.3733812704561763,0.4169775515032039,0.5732973253423439,0.5796162322301518,0.18437086603184136,133.73145883186478,1
long_max_Tlast,ABB,0.9599310885968813,0.3055555555555556,scaled,1500,1000,1250,0.11154446018023088,0.11156006378544674,0.11147064028937378,0.00033110664892087305,0.37318089733480336,0.4222677790963063,0.5733098093688711,0.5796167113652552,0.18437324241922212,167.20596043406067,1
long_max_Tlast,ABB,0.9599310885968813,0.3055555555555556,scaled,2000,1333,1666,0.11154855819764228,0.11156783485632503,0.11140989018407017,0.00016990368578824466,0.3726913258543878,0.41679099447561496,0.5733157558058434,0.5796176909940326,0.18383577835207002,222.81978036814036,1
long_max_Tlast,ABB,0.9599310885968813,0.3055555555555556,scaled,3000,2000,2500,0.11154378869499611,0.11153391965278635,0.11151807558108472,0.00017713739711029686,0.37251131856753655,0.4382945198722806,0.5733148465339079,0.5796169666508406,0.18413512391732695,334.55422674325416,1
long_max_Tlast,ABB,0.9599310885968813,0.3055555555555556,scaled,4000,2666,3333,0.1115446736281942,0.11154660687612837,0.11153530926597487,0.00014396896113519353,0.3730873449582077,0.39167347073432407,0.5733050879808778,0.5796165218478725,0.18400588795841596,446.14123706389944,1
long_max_Tlast,ABB,0.9599310885968813,0.3055555555555556,scaled,5000,3333,4166,0.11154298039146024,0.11154437355751853,0.11148901416756646,6.737424808911374e-05,0.3727086256488445,0.41350705517825237,0.5733199355509644,0.5796179201524813,0.18393234137857822,557.4450708378323,1
long_max_Tlast,ABB,0.9599310885968813,0.3055555555555556,scaled,6000,4000,5000,0.11154447504772702,0.11154339735180326,0.1115240273762936,8.204784890895878e-05,0.37267078428462236,0.4176403182945334,0.5733164134062247,0.5796172233376731,0.18405408236938134,669.1441642577616,1
pp_primary_long,A,1.7453292519943295,0.5555555555555556,fixed,300,200,250,-0.05978887172875737,-0.05979423148618228,-0.059765081836295836,5.827004286168558e-06,-0.07425919532700379,-0.07402249615017664,0.6266584697728341,0.6431674689680632,0.21177220824842147,-17.92952455088875,1
pp_primary_long,A,1.7453292519943295,0.5555555555555556,fixed,600,200,250,-0.059788344832142196,-0.059788389999531566,-0.059777851107835275,1.79537478370434e-05,-0.07426199134338622,-0.07422412215862295,0.6267294081291733,0.6431774615952145,0.21022115624806118,-35.866710664701166,1
pp_primary_long,A,1.7453292519943295,0.5555555555555556,fixed,900,200,250,-0.05978820416129929,-0.05978820177958639,-0.05978155779205477,2.1660432056536116e-05,-0.07426322767035407,-0.07429872156146039,0.6267397422739979,0.6431789110061981,0.20999770742090926,-53.80340201284929,1
pp_primary_long,A,1.7453292519943295,0.5555555555555556,fixed,1200,200,250,-0.059788129307925576,-0.059788122057883364,-0.059783152687351716,2.32553273534844e-05,-0.07426370773209957,-0.07429155499108969,0.6267438542134379,0.6431794702013997,0.2099081758721114,-71.73978322482206,1
pp_primary_long,A,1.7453292519943295,0.5555555555555556,fixed,1500,200,250,-0.05978808421010195,-0.05978807705101542,-0.05978404472877751,2.4147368779280087e-05,-0.07426386912898311,-0.0742600866300609,0.6267460364854935,0.6431797517659399,0.209859920884787,-89.67606709316627,1
pp_primary_long,A,1.7453292519943295,0.5555555555555556,fixed,2000,200,250,-0.05978804217311939,-0.05978803659346479,-0.05978502589792497,2.5128537926737138e-05,-0.0742640177326283,-0.07425997158590103,0.626748059202748,0.6431800127333486,0.20981522526011945,-119.57005179584993,1
pp_primary_long,A,1.7453292519943295,0.5555555555555556,fixed,3000,200,250,-0.05978800466371084,-0.05978800137060772,-0.05978601025630083,2.611289630259639e-05,-0.074264173904037,-0.07426275697357432,0.6267499396496187,0.6431802553431971,0.20977370356580424,-179.3580307689025,1
pp_primary_long,A,1.7453292519943295,0.5555555555555556,fixed,4000,200,250,-0.059787988273347,-0.059787986143466566,-0.05978649838629209,2.6601026293857077e-05,-0.07426425331253324,-0.07426293795623645,0.6267508306736608,0.6431803701998859,0.20975403008173227,-239.14599354516835,1
pp_primary_long,A,1.7453292519943295,0.5555555555555556,fixed,5000,200,250,-0.05978797946536823,-0.05978797797908221,-0.059786790914728466,2.6893554730234026e-05,-0.07426430105588619,-0.07426322641803312,0.6267513521715735,0.6431804380991498,0.20974255298077846,-298.9339545736423,1
pp_primary_long,A,1.7453292519943295,0.5555555555555556,fixed,6000,200,250,-0.05978797412260078,-0.05978797302667243,-0.0597869861379826,2.708877798436593e-05,-0.07426433316141347,-0.07426379978988096,0.6267516933059829,0.6431804822556767,0.2097350324053978,-358.7219168278956,1
pp_primary_long,A,1.7453292519943295,0.5555555555555556,scaled,300,200,250,-0.05978887172875737,-0.05979423148618228,-0.059765081836295836,5.827004286168558e-06,-0.07425919532700379,-0.07402249615017664,0.6266584697728341,0.6431674689680632,0.21177220824842147,-17.92952455088875,1
pp_primary_long,A,1.7453292519943295,0.5555555555555556,scaled,600,400,500,-0.05978786783602718,-0.05978827087226787,-0.059777851107835275,2.4641934601304927e-06,-0.07426461436142512,-0.07422412215862295,0.6267083682507533,0.6431752343373324,0.2107422867036344,-35.866710664701166,1
pp_primary_long,A,1.7453292519943295,0.5555555555555556,scaled,900,600,750,-0.05978800222824119,-0.05978814635011022,-0.05978155779205477,1.7384227145866848e-06,-0.0742647448185347,-0.07429872156146039,0.6267237332545905,0.6431772409820834,0.2103958126035521,-53.80340201284929,1
pp_primary_long,A,1.7453292519943295,0.5555555555555556,scaled,1200,800,1000,-0.05978802954639148,-0.05978809475053736,-0.059783152687351716,1.2168170794232824e-06,-0.0742644033852337,-0.07429155499108969,0.6267310221451506,0.6431780383592757,0.2102219366031992,-71.73978322482206,1
pp_primary_long,A,1.7453292519943295,0.5555555555555556,scaled,1500,1000,1250,-0.05978800837414013,-0.059788031056139515,-0.05978404472877751,8.610223356103619e-07,-0.0742642752840323,-0.0742600866300609,0.6267353405986944,0.6431784899533239,0.21011746864627293,-89.67606709316627,1
pp_primary_long,A,1.7453292519943295,0.5555555555555556,scaled,2000,1333,1666,-0.059787978849565646,-0.05978797452039784,-0.05978502589792497,6.065115743594807e-07,-0.07426454636725789,-0.07425997158590103,0.6267534046004956,0.6431807379624244,0.20969896705289384,-119.57005179584993,1
pp_primary_long,A,1.7453292519943295,0.5555555555555556,scaled,3000,2000,2500,-0.05978796818159714,-0.05978796918522575,-0.05978601025630083,4.028286911539336e-07,-0.07426445068964035,-0.07426275697357432,0.626744324606794,0.6431795877834638,0.20990841199420215,-179.3580307689025,1
pp_primary_long,A,1.7453292519943295,0.5555555555555556,scaled,4000,2666,3333,-0.05978796292097036,-0.059787962207886416,-0.05978649838629209,2.966493710329643e-07,-0.07426450624311653,-0.07426293795623645,0.6267465821084043,0.6431798667702839,0.20985600506612445,-239.14599354516835,1
pp_primary_long,A,1.7453292519943295,0.5555555555555556,scaled,5000,3333,4166,-0.05978796110506388,-0.05978796045297361,-0.059786790914728466,2.3450803482427673e-07,-0.07426449689258627,-0.07426322641803312,0.6267533362483679,0.6431806972692726,0.20969892955576208,-298.9339545736423,1
pp_primary_long,A,1.7453292519943295,0.5555555555555556,scaled,6000,4000,5000,-0.059787960193993385,-0.0597879599794462,-0.0597869861379826,1.9610653304025227e-07,-0.07426448414111787,-0.07426379978988096,0.6267488287303492,0.6431801421649928,0.20980372331972857,-358.7219168278956,1
pp_primary_long,B,1.7453292519943295,0.5555555555555556,fixed,300,200,250,-0.012421587127406559,-0.016659500715753037,-0.011396568526418344,0.0035384614343518996,-0.04495281685905141,-0.010404388647630228,0.9175374801787033,0.9178831889084519,0.4257302310757482,-3.418970557925503,1
pp_primary_long,B,1.7453292519943295,0.5555555555555556,fixed,600,200,250,-0.011454481132566934,-0.011475537754135309,-0.011608407057380244,0.0034792477743573347,-0.031384505169029804,-0.059329427570806344,0.9175372263278678,0.917879902775739,0.4226038049099624,-6.965044234428147,1
pp_primary_long,B,1.7453292519943295,0.5555555555555556,fixed,900,200,250,-0.011511619997327522,-0.011524148154256841,-0.011461412985907285,0.0034736169748629583,-0.03639486333583303,-0.01080788219413463,0.9175372167150461,0.9178790954374682,0.4221535754005409,-10.315271687316557,1
pp_primary_long,B,1.7453292519943295,0.5555555555555556,fixed,1200,200,250,-0.01148637939692068,-0.011490165601981614,-0.011549641465551534,0.003420482182528625,-0.0335145944395268,-0.05879332705438407,0.9175372224693511,0.9178787385352017,0.42197324773644124,-13.859569758661841,1
pp_primary_long,B,1.7453292519943295,0.5555555555555556,fixed,1500,200,250,-0.011498175620250373,-0.01150120579261004,-0.01147471080372604,0.003460319157044204,-0.035730383536830265,-0.01139086013552379,0.9175372279843278,0.9178785387461263,0.4218761025096571,-17.21206620558906,1
pp_primary_long,B,1.7453292519943295,0.5555555555555556,fixed,2000,200,250,-0.011493422932521823,-0.011494785234655048,-0.011438455271829066,0.0034965746889411772,-0.03493061972812349,0.029139812852944577,0.9175372154920226,0.9178783464553095,0.42178607294947495,-22.876910543658134,1
pp_primary_long,B,1.7453292519943295,0.5555555555555556,fixed,3000,200,250,-0.011491858314938262,-0.011492363242565515,-0.011514343173887274,0.0034206867868829694,-0.03442958483627598,-0.05711498052918591,0.9175372122805622,0.9178781661136409,0.42170245917927857,-34.54302952166182,1
pp_primary_long,B,1.7453292519943295,0.5555555555555556,fixed,4000,200,250,-0.011493252280282364,-0.011493555535424456,-0.011519151932667171,0.0034158780281030726,-0.035161638160862305,-0.07745078574419284,0.9175372082958761,0.917878079426506,0.42166283585979364,-46.076607730668684,1
pp_primary_long,B,1.7453292519943295,0.5555555555555556,fixed,5000,200,250,-0.011492809087443007,-0.01149299128554911,-0.011471215467334152,0.0034638144934360914,-0.034952871648256924,0.02859712199746771,0.9175372061942533,0.917878028698094,0.4216397192281792,-57.356077336670765,1
pp_primary_long,B,1.7453292519943295,0.5555555555555556,fixed,6000,200,250,-0.011492492128588055,-0.01149261132825892,-0.011502571442256552,0.0034324585185136914,-0.03469310304683728,-0.05429099431310683,0.9175372053223639,0.9178779954802234,0.421624573838379,-69.01542865353932,1
pp_primary_long,B,1.7453292519943295,0.5555555555555556,scaled,300,200,250,-0.012421587127406559,-0.016659500715753037,-0.011396568526418344,0.0035384614343518996,-0.04495281685905141,-0.010404388647630228,0.9175374801787033,0.9178831889084519,0.4257302310757482,-3.418970557925503,1
pp_primary_long,B,1.7453292519943295,0.5555555555555556,scaled,600,400,500,-0.011460269925462382,-0.010557360657882141,-0.011608407057380244,0.0018480033098043618,-0.023738071216225513,-0.059329427570806344,0.9175357684642405,0.9178784223371045,0.42364882287927197,-6.965044234428147,1
pp_primary_long,B,1.7453292519943295,0.5555555555555556,scaled,900,600,750,-0.011488337194661694,-0.01171671152699733,-0.011461412985907285,0.0012281371813636331,-0.04314598688773688,-0.01080788219413463,0.9175362951647661,0.9178780125531334,0.4229523800291478,-10.315271687316557,1
pp_primary_long,B,1.7453292519943295,0.5555555555555556,scaled,1200,800,1000,-0.011454950418920895,-0.01145818980473879,-0.011549641465551534,0.0009153180218582115,-0.03134238645016744,-0.05879332705438407,0.9175364797095451,0.917877901996986,0.42260301164866515,-13.859569758661841,1
pp_primary_long,B,1.7453292519943295,0.5555555555555556,scaled,1500,1000,1250,-0.0115493218872416,-0.011482968444327281,-0.01147471080372604,0.0007486324078706079,-0.03535247757735089,-0.01139086013552379,0.9175366569389227,0.9178778726461378,0.42239331059879903,-17.21206620558906,1
pp_primary_long,B,1.7453292519943295,0.5555555555555556,scaled,2000,1333,1666,-0.011492845199408276,-0.011491691667757762,-0.011438455271829066,0.0005996949978702582,-0.03538268180048217,0.029139812852944577,0.917537197605601,0.917877851443565,0.42155184547866653,-22.876910543658134,1
pp_primary_long,B,1.7453292519943295,0.5555555555555556,scaled,3000,2000,2500,-0.01148659419623195,-0.011436253459872132,-0.011514343173887274,0.0003707575046331471,-0.03346461656663902,-0.05711498052918591,0.9175369235153505,0.9178778385067964,0.42197299922674136,-34.54302952166182,1
pp_primary_long,B,1.7453292519943295,0.5555555555555556,scaled,4000,2666,3333,-0.011500898100763825,-0.011525151371109777,-0.011519151932667171,0.00028846142677692484,-0.034810758748065634,-0.07745078574419284,0.9175369897530675,0.9178778356418799,0.42186763007002365,-46.076607730668684,1
pp_primary_long,B,1.7453292519943295,0.5555555555555556,scaled,5000,3333,4166,-0.011495951065091029,-0.011483169469565953,-0.011471215467334152,0.0002426730989492816,-0.03437862346014725,0.02859712199746771,0.9175371998281638,0.9178778364125881,0.42155185672128814,-57.356077336670765,1
pp_primary_long,B,1.7453292519943295,0.5555555555555556,scaled,6000,4000,5000,-0.011492230670044783,-0.011486835305275597,-0.011502571442256552,0.0001847748926067476,-0.033824465222893375,-0.05429099431310683,0.9175370586100229,0.9178778346114864,0.42176252823315585,-69.01542865353932,1
pp_primary_long,ABB,1.7453292519943295,0.5555555555555556,fixed,300,200,250,0.08754665182895749,0.08717780801373656,0.08881008112617107,0.0014158673768091268,0.30407787419928295,0.2630743089714058,0.10664138363711013,0.13082946989108843,0.023399834599169077,26.643024337851323,1
pp_primary_long,ABB,1.7453292519943295,0.5555555555555556,fixed,600,200,250,0.08803665283247804,0.0880932618417784,0.08876797854703569,0.0014579699559445075,0.29994952169464767,0.30332137650272306,0.09602243675102061,0.11321428404053983,0.021397708652969156,53.260787128221416,1
pp_primary_long,ABB,1.7453292519943295,0.5555555555555556,fixed,900,200,250,0.08823680507436506,0.08827593805127991,0.08855520551694836,0.0016707429860318423,0.2990646931071505,0.2850154728173971,0.09127314825062753,0.10598423766484048,0.02042200535803834,79.69968496525352,1
pp_primary_long,ABB,1.7453292519943295,0.5555555555555556,fixed,1200,200,250,0.08835503707978795,0.08838353515123398,0.08856970005313491,0.001656248449845285,0.29850107280953647,0.29260896788369245,0.08864374076390685,0.10198699882917328,0.019936923122616693,106.2836400637619,1
pp_primary_long,ABB,1.7453292519943295,0.5555555555555556,fixed,1500,200,250,0.08844245723264833,0.08846491534883869,0.08864689246278906,0.0015790560401911374,0.29873022664131943,0.3102966301510069,0.08700431032068844,0.09949785052230299,0.019557271665103747,132.9703386941836,1
pp_primary_long,ABB,1.7453292519943295,0.5555555555555556,fixed,2000,200,250,0.08853078152475945,0.08854642251581657,0.08856572450314315,0.0016602239998370488,0.2991401994778893,0.3228667762547143,0.0853523132468599,0.09699057853934603,0.01917532306340017,177.1314490062863,1
pp_primary_long,ABB,1.7453292519943295,0.5555555555555556,fixed,3000,200,250,0.0885991374771518,0.08860734195397547,0.08865344096071127,0.001572507542268925,0.2999945602417388,0.32907415894166525,0.08371996553367496,0.09449342000757154,0.0187614945013826,265.9603228821338,1
pp_primary_long,ABB,1.7453292519943295,0.5555555555555556,fixed,4000,200,250,0.08860274387549708,0.08860719817949542,0.08864533891297259,0.001580609590007609,0.3004025463567221,0.3101772876125678,0.08279673491419591,0.09309111279535803,0.01852462763387757,354.58135565189036,1
pp_primary_long,ABB,1.7453292519943295,0.5555555555555556,fixed,5000,200,250,0.08858858525666845,0.08859108427318307,0.0885432908056677,0.0016826576973125035,0.30046163890967736,0.2971308514788289,0.08208932770649038,0.09203368993494533,0.01835702728754887,442.7164540283385,1
pp_primary_long,ABB,1.7453292519943295,0.5555555555555556,fixed,6000,200,250,0.08857645196447345,0.08857796225620025,0.08858627948077058,0.0016396690222096194,0.3004079002053088,0.30811471311683253,0.08152819369891794,0.09120229511587366,0.018234109335094305,531.5176768846235,1
pp_primary_long,ABB,1.7453292519943295,0.5555555555555556,scaled,300,200,250,0.08754665182895749,0.08717780801373656,0.08881008112617107,0.0014158673768091268,0.30407787419928295,0.2630743089714058,0.10664138363711013,0.13082946989108843,0.023399834599169077,26.643024337851323,1
pp_primary_long,ABB,1.7453292519943295,0.5555555555555556,scaled,600,400,500,0.08827262694650855,0.08849811449937325,0.08876797854703569,0.0007232382081471533,0.2968164637222715,0.30332137650272306,0.09010249232678097,0.10367146868588305,0.020639165049888164,53.260787128221416,1
pp_primary_long,ABB,1.7453292519943295,0.5555555555555556,scaled,900,600,750,0.08845269682983468,0.08857000782730653,0.08855520551694836,0.00040989544483459317,0.29790004333907477,0.2850154728173971,0.08493598580378003,0.09632887571548848,0.019166109099277347,79.69968496525352,1
pp_primary_long,ABB,1.7453292519943295,0.5555555555555556,scaled,1200,800,1000,0.08856420818369455,0.08860130347449126,0.08856970005313491,0.0003207995694145954,0.2974843363174653,0.29260896788369245,0.08281293376589102,0.09311165438446485,0.01885742022313551,106.2836400637619,1
pp_primary_long,ABB,1.7453292519943295,0.5555555555555556,scaled,1500,1000,1250,0.0886441338734543,0.08869072158677238,0.08864689246278906,0.00032442485924184805,0.29854747455280883,0.3102966301510069,0.0818033011973539,0.0916210061418531,0.018528109908176972,132.9703386941836,1
pp_primary_long,ABB,1.7453292519943295,0.5555555555555556,scaled,2000,1333,1666,0.08867765410226193,0.08867479930292016,0.08856572450314315,0.00015842617369989098,0.30005252561697177,0.3228667762547143,0.0811420828348851,0.09059684916146422,0.01824029399486727,177.1314490062863,1
pp_primary_long,ABB,1.7453292519943295,0.5555555555555556,scaled,3000,2000,2500,0.08863814442895698,0.08861448813851136,0.08865344096071127,0.00015401519438826283,0.30155457617750897,0.32907415894166525,0.08077339921794979,0.08999517851765183,0.018026456730219128,265.9603228821338,1
pp_primary_long,ABB,1.7453292519943295,0.5555555555555556,scaled,4000,2666,3333,0.08856423905321187,0.08853918309315374,0.08864533891297259,0.00011697659891564405,0.30166828432722975,0.3101772876125678,0.08032495180712772,0.08932370190148381,0.017883970825479933,354.58135565189036,1
pp_primary_long,ABB,1.7453292519943295,0.5555555555555556,scaled,5000,3333,4166,0.08852659477030021,0.08852235769388127,0.0885432908056677,0.00010234390847872754,0.3009916542139121,0.2971308514788289,0.07967987806697838,0.08840391408109578,0.017774124480367384,442.7164540283385,1
pp_primary_long,ABB,1.7453292519943295,0.5555555555555556,scaled,6000,4000,5000,0.0885322597396684,0.08854489700044743,0.08858627948077058,5.692175874129346e-05,0.3004229523621729,0.30811471311683253,0.07911522634434633,0.08761181665482141,0.017693378564463392,531.5176768846235,1
