phi_index,phi,phi_over_pi,v_fit_A,v_fit2_A,v_T_A,delta_v_A,stable_A,v_fit_B,v_fit2_B,v_T_B,delta_v_B,stable_B,v_fit_ABB,v_fit2_ABB,v_T_ABB,delta_v_ABB,stable_ABB,adv_v,deltaP_late_mean_ABB,deltaP_final_ABB,w_loc3_ABB,w_loc5_ABB,P0bar_ABB,strict,win_ABB,pp_primary,pp_sensitivity,mismatch_sign
0,0.0,0.0,-0.046358375440009,-0.04635179467036225,-0.04658884577161809,6.427117527853937e-05,1,-0.18038370487442612,-0.18044255482390595,-0.18105797428482154,0.00015946080904186144,1,-0.012772412970832656,-0.01239727788134569,-0.011384537953393436,0.0007850816360159916,1,0.03358596246917635,0.08865627729897604,0.09418732224753723,0.050660429364567085,0.0973380885214805,0.004689238974007689,1,0,0,0,1
1,0.08726646259971647,0.027777777777777776,-0.0463668511480943,-0.04636496465778902,-0.046578770406332855,6.525600957684591e-05,1,-0.17627585968395026,-0.17634815284980446,-0.17676459260926136,0.00011237714702180823,1,-0.0034148343771288653,-0.0033098022269626806,-0.0021916416314178497,0.0010425654409521382,1,0.04295201677096543,0.07485383789706039,0.1037312777885191,0.2032310319050855,0.253340068484601,0.0449286838296359,1,0,0,0,0
2,0.17453292519943295,0.05555555555555555,-0.04653840710503901,-0.04655130387583678,-0.04667026880996791,4.807107933555571e-05,1,-0.16863494472037097,-0.16861086529384808,-0.16907916195664868,9.942173787616526e-05,1,0.006238317583813521,0.006667038891836469,0.007430896520618783,0.0009612752166682599,1,0.05277672468885253,0.0907424046938449,0.13981518224918,0.42097220415585207,0.4497764923354437,0.12042222983477777,1,0,0,0,0
3,0.2617993877991494,0.08333333333333333,-0.046847481565919995,-0.04683015530920581,-0.0469637690582501,3.0179260082356663e-05,1,-0.15975996714836402,-0.1596967489656563,-0.1599988305207079,5.576912890917218e-05,1,0.016701003899870448,0.016552761521411264,0.01792367957133537,0.000866127001058252,1,0.06354848546579045,0.11968188182242746,0.17757653622413755,0.5229911149619046,0.5406172634798287,0.16329245866767786,1,1,0,0,0
4,0.3490658503988659,0.1111111111111111,-0.04722528435564377,-0.047254273460885274,-0.047355432073371874,2.685925850061388e-05,1,-0.14978147411570347,-0.1500584501397887,-0.14987100871158138,3.8437265551360955e-05,1,0.028610372072157542,0.02662518209065067,0.029210964336497815,0.0008911165431357941,1,0.07583565642780131,0.1398742637065614,0.2100112114589775,0.5721073449402739,0.5843767879333053,0.18659300823520367,1,1,0,0,0
5,0.4363323129985824,0.1388888888888889,-0.047822952099258915,-0.047779662469739886,-0.04790082053128752,2.491406403483387e-05,1,-0.13857841476653987,-0.13857703507052888,-0.1386030475742587,3.569124688904135e-05,1,0.04025106480884744,0.03778045440400192,0.04118679881689373,0.0010830720514190123,1,0.08807401690810635,0.1675783155657217,0.24492376294396695,0.5974221290600127,0.6077382373719541,0.1990671848925852,1,1,0,0,0
6,0.5235987755982988,0.16666666666666666,-0.04847929738857835,-0.04850484431471416,-0.04854718629748175,1.0406434448939628e-05,1,-0.12617899990993398,-0.12619778586404026,-0.12620908271687298,3.9338951983519665e-05,1,0.05277929259443081,0.051274311481980216,0.053737876189001055,0.0011408278601500038,1,0.10125858998300916,0.20461561875157824,0.27288237577581265,0.6106049695275476,0.6188453932698199,0.20588805197615448,1,1,0,0,0
7,0.6108652381980153,0.19444444444444445,-0.04920499250386167,-0.04923743726489469,-0.04927401565599534,9.889673521529252e-06,1,-0.1124073580416347,-0.11251273932237828,-0.11248955729994113,5.140503808803709e-05,1,0.06646512511135272,0.06649418750615244,0.06645661258107205,0.0011972061438217524,1,0.1156701176152144,0.23866461858383353,0.2936584605683015,0.6135057764530047,0.620673909498182,0.20763076770000194,1,1,0,0,0
8,0.6981317007977318,0.2222222222222222,-0.05001971410539768,-0.050013906430618336,-0.05006589261210124,1.250101893435912e-05,1,-0.09721634602385362,-0.09688727570854351,-0.0972429629921126,0.00018148384289934372,1,0.07895283461979884,0.07948159881921642,0.07899806597923283,0.0012601856823787339,1,0.1289725487251965,0.2789593382702115,0.3393826485192185,0.6099492361795646,0.6165799829655302,0.20571142815256438,1,1,0,0,0
9,0.7853981633974483,0.25,-0.050862898067860776,-0.05085410299210991,-0.05090548853560196,1.0354377604500364e-05,1,-0.08034174586747714,-0.08113022502179565,-0.08055285251039351,0.0005832751624751387,1,0.09096312372140675,0.09085219163066426,0.09085306847963338,0.0015158077120513702,1,0.1418260217892675,0.31056711259338177,0.3877107932364458,0.6017875346041317,0.6080283668506882,0.20117445080433383,1,1,0,0,0
10,0.8726646259971648,0.2777777777777778,-0.05174193245784704,-0.05173666590950728,-0.05177706846677268,7.162496603208002e-06,1,-0.06138123193574013,-0.06366987647176738,-0.06167349993912366,0.002308283910651465,1,0.10162424667594457,0.10174354718914252,0.1014944931075641,0.00141196791072222,1,0.1533661791337916,0.3441432510287198,0.39628302888660455,0.5893137358401755,0.595572512607535,0.1942877492801357,1,1,0,0,0
11,0.9599310885968813,0.3055555555555556,-0.052643804434728825,-0.052639132202733904,-0.052666749600348436,5.091464199108442e-06,1,-0.047235916365386946,-0.04730700878424301,-0.047204995913890685,0.0031770838139678,1,0.11140307072933658,0.11175917299828439,0.1114199936107212,0.0018640444915221516,1,0.15863898709472352,0.373660704127894,0.4573935695724948,0.5732802224480577,0.579677562098809,0.18572815642529142,1,1,0,0,0
12,1.0471975511965976,0.3333333333333333,-0.05354750247179133,-0.05354435789014368,-0.053562106044308964,4.326521487532653e-06,1,-0.03879155192411197,-0.03875175760480491,-0.0380846711139849,0.0028291809126490333,1,0.1203908143897894,0.12053513662681453,0.1199414263245996,0.0021343872574163952,1,0.15918236631390137,0.40298969393240447,0.49080025377130576,0.5539169355050061,0.5606677055645828,0.17583604833778332,1,1,0,0,0
13,1.1344640137963142,0.3611111111111111,-0.054442847635631605,-0.054439530066423075,-0.05445286590713124,4.8064618810989e-06,1,-0.02999410799805783,-0.027974216567871323,-0.030528923068463172,0.002971210814171489,1,0.12777511300575226,0.12742966297153058,0.12688005358124518,0.0020218314152929545,1,0.15776922100381008,0.42919820009806103,0.49913221607393643,0.5314804510265615,0.5387990343964888,0.16515966784435135,1,1,0,0,0
14,1.2217304763960306,0.3888888888888889,-0.055324740488364284,-0.05531951608610291,-0.05533149833030386,4.270934748390465e-06,1,-0.02510859163144585,-0.030490307885248723,-0.025797940002575626,0.00362143948667875,1,0.1332428064093217,0.13260304934495828,0.13212422048040853,0.001994219880202458,1,0.15835139804076756,0.45252926207518085,0.5128827072694278,0.506185004241382,0.514308163377226,0.15396797869682027,1,1,0,0,0
15,1.3089969389957472,0.4166666666666667,-0.056186935759683296,-0.05618308836297553,-0.056189576112262996,2.8053525495397302e-06,1,-0.020840523118042298,-0.01898333694433294,-0.020768483308046547,0.003796307383908737,1,0.13631952649892606,0.13575425234849667,0.1351907850634846,0.0022115625365627667,1,0.15716004961696836,0.4730007685640124,0.5401461886015805,0.47810289712901627,0.4873638446509445,0.14240853043810983,1,1,0,0,0
16,1.3962634015954636,0.4444444444444444,-0.057018284770772455,-0.057016889626653286,-0.05701375035300096,3.5178633646937296e-06,1,-0.01770122094580185,-0.012243126449997152,-0.0182015938939875,0.0034341283580259473,1,0.13611641027447466,0.13598129025205888,0.13526584965465238,0.0026201060891198613,1,0.1538176312202765,0.4889325399144787,0.5778767531343267,0.4467141538943494,0.4577964780040205,0.13041180543250283,1,1,0,0,0
17,1.48352986419518,0.4722222222222222,-0.057804965212560275,-0.057800441503309104,-0.05779340852689093,2.943662783992662e-06,1,-0.016327215514569678,-0.014931355401142573,-0.016514333887082032,0.0036474132396243798,1,0.1313649182630892,0.13189163297890574,0.1312388245115365,0.0030174096242171766,1,0.14769213377765886,0.4966725208619231,0.6114074492403818,0.4101172292173514,0.42452635070408457,0.11742396871285081,1,1,0,0,0
18,1.5707963267948966,0.5,-0.05853787724443366,-0.058533447967914654,-0.05852412901204294,4.851241148372265e-06,1,-0.015372458835805805,-0.018724238873111594,-0.014705388218126315,0.0038830114398700436,1,0.12083352057243694,0.12215452644312087,0.1219751200672286,0.003127707654219533,1,0.13620597940824275,0.48874291220429666,0.6139369859316702,0.36311023073562554,0.38357002307676846,0.10164341762837263,1,1,0,0,0
19,1.658062789394613,0.5277777777777778,-0.05920622534628948,-0.059210774092562986,-0.05918849784275838,8.388333548124682e-06,1,-0.014057313029031014,-0.019186882442206416,-0.012911764433836742,0.003628411447532098,1,0.10517735958086415,0.10696393054714498,0.10741251872359235,0.0026998335142622704,1,0.11923467260989516,0.44333960015335033,0.5274782351264266,0.2877842118760865,0.31762551673961587,0.07691812230898819,1,1,0,0,0
20,1.7453292519943295,0.5555555555555556,-0.059788871728756944,-0.05979423148618138,-0.0597650818362956,5.8270042861893745e-06,1,-0.012421587127406567,-0.016659500715753044,-0.011396568526418353,0.003538461434351896,1,0.08754665182895759,0.08717780801373662,0.08881008112617111,0.001415867376809099,1,0.09996823895636416,0.30407787419928317,0.2630743089714065,0.10664138363710993,0.13082946989108818,0.023399834599169028,1,1,0,1,0
21,1.832595714594046,0.5833333333333333,-0.06026855105539692,-0.0602740020244743,-0.06024909868625012,1.3101574189891552e-05,1,-0.010754378687213469,-0.01283381606473038,-0.010234462235138127,0.003856859178058175,1,0.07698926136360208,0.07855648661895573,0.07756220327103236,0.0015197454847946795,1,0.08774364005081556,0.14116907807746792,0.16911574739349955,0.17974175791019634,0.2146031953567061,0.02953481310900191,1,1,0,0,0
22,1.9198621771937625,0.6111111111111112,-0.060624396601195146,-0.06064198259431617,-0.06060340978031967,2.078714426015371e-05,1,-0.009272699229301944,-0.0090505805901726,-0.009375168937423652,0.0038086163702812197,1,0.08582002434769175,0.08329972750989201,0.07898933188089452,0.0016921851333938642,1,0.09509272357699369,0.39592544488553105,0.3207243440857733,0.42043449762842805,0.46073206635007763,0.09037373957102518,1,1,0,0,0
23,2.007128639793479,0.6388888888888888,-0.06080791051836203,-0.06080639034346315,-0.06077304319691381,3.0488071250493742e-05,1,-0.008066679766814838,-0.005951953945187501,-0.008735938002441861,0.003902892264449849,1,0.08247532850873063,0.08213602446474792,0.08120087598974648,0.0019586399516602626,1,0.09054200827554547,0.4870947551215705,0.2956280329703374,0.5452099077582042,0.575406160600209,0.1334858370106618,0,1,0,0,0
24,2.0943951023931953,0.6666666666666666,-0.06077079706357607,-0.06071231918542663,-0.06075532806986622,4.488547793031483e-05,1,-0.007140162420516672,-0.0037073732291168678,-0.008245544534519597,0.003675878004105104,0,0.08723508993014721,0.08364069992357033,0.08184571810745687,0.0023747546114090134,1,0.09437525235066388,0.5694249972587856,0.30248917455830643,0.623222155306932,0.6468199341902217,0.1679359678278305,0,1,0,0,0
25,2.1816615649929116,0.6944444444444444,-0.060446401534582424,-0.06037722026062409,-0.060496032854980536,0.00014856718544412756,1,-0.006455224659029996,-0.0022368308624960477,-0.007854496480262076,0.0037883062627932767,0,0.08407384151583056,0.08505978203924695,0.08053204063139965,0.004106923285056047,1,0.09052906617486055,0.5768609270328767,0.6935975536151184,0.6728093904875289,0.6938829786398171,0.18621760991856878,0,1,0,0,0
26,2.2689280275926285,0.7222222222222222,-0.05969544072708076,-0.059814031840755684,-0.05988697634489895,0.0002878122499705635,1,-0.005961162719387149,-0.0013731466789618544,-0.0075318982413089125,0.0036719735847057598,0,0.07543834896558567,0.07262801081254779,0.06908217688127713,0.003160276903956108,1,0.08139951168497282,0.5623938155307132,0.24576564934480172,0.708447566159548,0.7278517105211137,0.2043024737298298,0,1,0,0,0
27,2.356194490192345,0.75,-0.05879398268423515,-0.05913441732736945,-0.059043973763542895,0.0004124580777140341,1,-0.005610198168978629,-0.0009462434488447624,-0.007259571183631019,0.003435584401122127,0,0.06202267378004717,0.06292300187645991,0.05993144095314449,0.0032678547359324545,1,0.0676328719490258,0.5382034059202113,0.5334971662984255,0.733158639776239,0.7528875818362015,0.21522971735565705,0,1,0,0,0
28,2.443460952792061,0.7777777777777778,-0.05786757564956489,-0.057588821331233254,-0.05800891311889283,0.00037872782943067923,1,-0.00536344876913712,-0.000808399772126285,-0.007027121441598586,0.003542570326909103,0,0.048743060672064645,0.04683421042725333,0.04826983586073746,0.0039008231581652564,1,0.05410650944120177,0.5230978773868553,0.65789228217835,0.7489712394881718,0.7705294087549123,0.21707864530367393,0,1,0,0,0
29,2.5307274153917776,0.8055555555555555,-0.056804412935050654,-0.0567076549149479,-0.05673743890474216,0.0005183944757382181,1,-0.005191166310825953,-0.0008482797267539754,-0.006828618833010679,0.0035856555329396647,0,0.03463784307477485,0.03965856527630437,0.033090219254052415,0.0029117208007647666,1,0.0398290093856008,0.4995375775852489,0.31199394070760195,0.7541184527536983,0.7794017595261584,0.22096738047509107,0,1,0,0,0
30,2.6179938779914944,0.8333333333333334,-0.056048975045185544,-0.056269883552519266,-0.056251462499454875,0.00048721523331094613,1,-0.005071188614549531,-0.0009854931425557906,-0.006660592991544263,0.0036886205932789105,0,0.02076082667344074,0.02140222717615037,0.020126820456262004,0.004515347311083131,1,0.02583201528799027,0.4736245397297388,0.11633046336673547,0.7534079492143605,0.7812994731599456,0.2194009463915584,0,1,0,0,0
31,2.705260340591211,0.8611111111111112,-0.05522440812872766,-0.0551102242558594,-0.05506148675359431,0.000604935891046314,1,-0.0049878997158200825,-0.0011627762117021041,-0.00652090632370547,0.0037312470082649994,0,0.008502905094915024,0.00025668795176976924,0.013083756567215079,0.004118748567855251,0,0.013490804810735106,0.46012372404854907,0.26521296131966365,0.7090203693171587,0.7426309549663377,0.2077773779584902,0,0,0,0,0
32,2.792526803190927,0.8888888888888888,-0.054506528098220465,-0.05425355885050752,-0.05485243057281463,0.0006210452158820559,1,-0.004930808958211928,-0.0013433746280784532,-0.00640815388745128,0.003737979595696234,0,0.013396372798342819,0.012127399498635477,0.015783463772297838,0.0018690678776453057,1,0.018327181756554747,0.45485750695263005,0.48115515911424644,0.5958637490548302,0.6221043528731299,0.1823242265977063,0,1,0,0,0
33,2.8797932657906435,0.9166666666666666,-0.05400385010092788,-0.05426775621324547,-0.054081364690767915,0.00039685422655268143,1,-0.004892458780061105,-0.0015029206535711965,-0.006321359899190802,0.0037274168366846815,0,0.025132456584369318,0.025663585126860504,0.02370338241239345,0.0013111261592678447,1,0.030024915364430423,0.455432842381932,0.43916450872117396,0.5087059514338407,0.5238016952248702,0.15400688683344546,0,1,0,0,0
34,2.96705972839036,0.9444444444444444,-0.05357241173884508,-0.05387315504109469,-0.053449819510149224,0.0006449433827164647,1,-0.004867829306734889,-0.0016252389422728522,-0.006259832856068714,0.0037118629506670458,0,0.035881461074350605,0.03677319730969016,0.032282436125563765,0.0013139972888718474,1,0.0407492903810855,0.4315202272364963,0.41587523948197613,0.46576977591655105,0.4821105415783409,0.13283399370169596,0,1,0,0,0
35,3.0543261909900767,0.9722222222222222,-0.05331803603540478,-0.05348878538451381,-0.05322994734088053,0.0006480182598970555,1,-0.004854216471322953,-0.0017019412907868059,-0.006223101284297272,0.003699051334651201,0,0.043100542480530614,0.04289115171552786,0.03897372776805026,0.0008881016633198388,1,0.04795475895185357,0.3880377695304109,0.3496984281174497,0.4166701577195977,0.43387166788782106,0.11016587762918698,0,1,0,0,0
36,3.141592653589793,1.0,-0.053239617881800545,-0.05335556527248213,-0.05318703797825772,0.0005869579637308164,1,-0.004849940900834541,-0.0017282395964989337,-0.006210888004275595,0.0036941080431352655,0,0.04809669963141539,0.04748597996245382,0.04438667356972339,0.000893862847250515,1,0.052946640532249935,0.3476137287809197,0.33525614711859275,0.36064206894716627,0.3761919805699398,0.08706077185742932,0,1,0,0,0
37,3.2288591161895095,1.0277777777777777,-0.05331803603540489,-0.053488785384513765,-0.05322994734088039,0.0006480182598970832,1,-0.0048542164713229665,-0.0017019412907868553,-0.006223101284297273,0.0036990513346511814,0,0.04951557808536746,0.04921667748245016,0.04614132972421743,0.0006911223319446824,1,0.05436979455669043,0.29890866557091,0.28755790125595176,0.30755823215093,0.32425163045507155,0.06674862435094597,0,1,0,0,0
38,3.316125578789226,1.0555555555555556,-0.053572411738845346,-0.05387315504109537,-0.05344981951014951,0.0006449433827164161,1,-0.004867829306734901,-0.0016252389422728936,-0.006259832856068709,0.0037118629506670458,0,0.04467182824534746,0.045059604938053575,0.041655759386513405,0.0007789893420708724,1,0.04953965755208236,0.22686687341074993,0.23063407237636002,0.25770134494526714,0.2740596149179868,0.05062850622046457,0,1,0,0,0
39,3.4033920413889427,1.0833333333333335,-0.05400385010092817,-0.054267756213245325,-0.054081364690767963,0.0003968542265527439,1,-0.0048924587800610875,-0.0015029206535711332,-0.006321359899190793,0.00372741683668473,0,0.031707045252029525,0.03079737733800538,0.02940868746969914,0.0005221404885518872,1,0.03659950403209061,0.13709078253959994,0.1402390948172339,0.21538855753364383,0.23098814302318246,0.03930811411390821,0,1,0,0,0
40,3.490658503988659,1.1111111111111112,-0.05450652809822025,-0.054253558850507436,-0.05485243057281446,0.0006210452158821114,1,-0.0049308089582119395,-0.0013433746280784478,-0.006408153887451284,0.0037379795956962425,0,0.01199923204780513,0.012459618420755658,0.010095365645650958,0.0006448913306017941,1,0.01693004100601707,0.03983638882236888,0.05718607511823187,0.20297784730969867,0.22327317917553996,0.035170809393391934,0,1,0,0,0
41,3.5779249665883754,1.1388888888888888,-0.05522440812872718,-0.055110224255858604,-0.05506148675359394,0.0006049358910464459,1,-0.00498789971582008,-0.00116277621170212,-0.006520906323705472,0.003731247008264992,0,-0.01651756080621629,-0.014862803634327987,-0.0173352442335572,0.0010259713888522738,1,-0.011529661090396208,-0.06466960026322452,-0.012956301050745411,0.22548625569931685,0.24958811893148977,0.03784032398691876,0,0,0,0,0
42,3.665191429188092,1.1666666666666665,-0.05604897504518564,-0.05626988355251945,-0.05625146249945483,0.0004872152333110502,1,-0.005071188614549557,-0.000985493142555819,-0.006660592991544281,0.003688620593278889,0,-0.057475323428971915,-0.05770034866753572,-0.05272592900783947,0.0010855875431691475,1,-0.05240413481442236,-0.18344468462899918,-0.08994707721946615,0.2368127057635164,0.2591582988845636,0.03977277431863946,0,0,0,0,0
43,3.752457891787808,1.1944444444444444,-0.05680441293504999,-0.05670765491494783,-0.056737438904741706,0.000518394475738114,1,-0.005191166310825933,-0.0008482797267538747,-0.006828618833010675,0.003585655532939691,0,-0.10047978332506168,-0.10112647078690999,-0.09075959309126447,0.0027121395387430802,1,-0.09528861701423574,-0.3052667438543002,-0.2474570806119799,0.23751170420388842,0.2587615357669333,0.040305890585674554,0,0,0,0,0
44,3.839724354387525,1.2222222222222223,-0.05786757564956459,-0.057588821331232894,-0.058008913118892544,0.00037872782943064454,1,-0.005363448769137135,-0.0008083997721263366,-0.007027121441598583,0.0035425703269090624,0,-0.1396513626418301,-0.1383426167046786,-0.12601606789506287,0.0038007014801353795,1,-0.13428791387269295,-0.4197813271204046,-0.48294288711225924,0.24666790872801742,0.2663903844917942,0.04260973023403232,0,0,0,0,0
45,3.9269908169872414,1.25,-0.058793982684234344,-0.05913441732736816,-0.05904397376354254,0.0004124580777140341,1,-0.005610198168978624,-0.0009462434488446577,-0.0072595711836310394,0.0034355844011221834,0,-0.16932208090858883,-0.1679238945311071,-0.15140205810442728,0.005512581867711475,1,-0.1637118827396102,-0.5094097198722307,-0.5304604178769017,0.26062566116884756,0.2793612941299858,0.04789833238768566,0,0,0,0,0
46,4.014257279586958,1.2777777777777777,-0.05969544072708074,-0.05981403184075563,-0.059886976344899236,0.00028781224997070226,1,-0.005961162719387169,-0.0013731466789619047,-0.00753189824130892,0.0036719735847057415,0,-0.18485669838630056,-0.18217674843985582,-0.16248681100182166,0.0036077307173711104,1,-0.17889553566691338,-0.5700026453656302,-0.44841331506993753,0.2791603330661766,0.29774723372778306,0.05217209028763965,0,0,0,0,0
47,4.101523742186674,1.3055555555555556,-0.06044640153458285,-0.06037722026062481,-0.0604960328549808,0.00014856718544421083,1,-0.0064552246590300144,-0.0022368308624960906,-0.007854496480262076,0.0037883062627932507,0,-0.17950590033800112,-0.1783546237302911,-0.15830293426093667,0.005977574206349617,1,-0.17305067567897112,-0.5811567349752927,-0.6639331807415123,0.3007839649060719,0.3193975600778719,0.05860425012900888,0,0,0,0,0
48,4.1887902047863905,1.3333333333333333,-0.06077079706357547,-0.060712319185426356,-0.06075532806986587,4.4885477930356465e-05,1,-0.007140162420516642,-0.0037073732291166986,-0.008245544534519592,0.003675878004105241,0,-0.15018627188680433,-0.14883550230366005,-0.1316604801748576,0.003444956827525242,1,-0.14304610946628768,-0.527490719220448,-0.4085599630733975,0.3247950407470851,0.34316125576167966,0.06757436633250184,0,0,0,0,0
49,4.276056667386107,1.361111111111111,-0.06080791051836307,-0.060806390343463086,-0.06077304319691426,3.0488071250424353e-05,1,-0.008066679766814838,-0.0059519539451874815,-0.008735938002441867,0.0039028922644498178,1,-0.10184979564730279,-0.10194707160057663,-0.08950516545778922,0.002393683779207706,1,-0.09378311588048795,-0.3696429883566902,-0.28777105564414307,0.34696344653614725,0.3659443909922057,0.07330586165888268,0,0,0,0,0
50,4.363323129985823,1.3888888888888888,-0.06062439660119562,-0.06064198259431715,-0.06060340978031997,2.078714426023004e-05,1,-0.009272699229301913,-0.009050580590172531,-0.009375168937423642,0.003808616370281251,1,-0.0475569986011516,-0.044742442985845905,-0.040976433423152596,0.0013199946009714997,1,-0.038284299371849684,-0.18865056010553696,-0.12981319287076915,0.3651995582419504,0.3828319901501724,0.0842145066258054,1,0,0,0,0
51,4.4505895925855405,1.4166666666666667,-0.060268551055396434,-0.06027400202447287,-0.0602490986862504,1.3101574189690324e-05,1,-0.010754378687213469,-0.012833816064730379,-0.010234462235138124,0.0038568591780581713,1,-0.0049053215678992535,-0.00550730734548079,-0.004748516240546087,0.0012211353482254987,1,0.005849057119314215,0.042476333511827336,-0.006219463818453841,0.3612918855998146,0.3761754183360027,0.08772125647520047,1,0,0,0,0
52,4.537856055185257,1.4444444444444444,-0.05978887172875738,-0.059794231486181834,-0.05976508183629581,5.827004286224069e-06,1,-0.012421587127406587,-0.016659500715753076,-0.011396568526418354,0.0035384614343519066,1,0.010214946022385539,0.0123485990844778,0.00965781057812625,0.0020095585576717333,1,0.022636533149792123,0.0380712411413126,-0.05565342178685678,0.4234255527220453,0.45158529411318343,0.11107157234523785,1,1,0,0,0
53,4.625122517784973,1.4722222222222223,-0.059206225346289595,-0.05921077409256314,-0.05918849784275868,8.388333548096927e-06,1,-0.01405731302903103,-0.019186882442206406,-0.012911764433836726,0.003628411447532112,1,0.005315049089140547,0.009261662339612238,0.008460616148487613,0.0037216282418087348,0,0.019372362118171577,-0.10304601758640436,-0.023749292127287658,0.6682917467904493,0.7030930119243258,0.18397572724483086,1,0,0,0,0
54,4.71238898038469,1.5,-0.05853787724443448,-0.05853344796791614,-0.05852412901204337,4.851241148524921e-06,1,-0.015372458835805815,-0.018724238873111546,-0.01470538821812631,0.003883011439870042,1,0.004493453759315547,0.008745934354938029,0.005169437044399047,0.004241122592843638,0,0.01986591259512136,-0.15316185548472164,0.010760377376329955,0.7318362576000256,0.7558976591604012,0.21125036551325163,1,0,0,0,0
55,4.799655442984406,1.5277777777777777,-0.057804965212560955,-0.05780044150330982,-0.05779340852689141,2.9436627839579677e-06,1,-0.01632721551456972,-0.01493135540114262,-0.016514333887082042,0.0036474132396243537,1,0.002376840003279221,0.005252551134587353,0.0008915063592630871,0.004049600524234852,0,0.01870405551784894,-0.16703607414333171,-0.04177884427723996,0.7466294672483944,0.7641258259023951,0.22179760690629347,1,0,0,0,0
56,4.886921905584122,1.5555555555555556,-0.057018284770771706,-0.057016889626652405,-0.0570137503530007,3.517863364659035e-06,1,-0.017701220945801937,-0.012243126449997118,-0.018201593893987546,0.003434128358025982,1,-0.00038917363776676896,0.0005398117296420362,-0.0034322409120380827,0.003203439439900666,0,0.017312047308035167,-0.16750603232597633,-0.12498394184252898,0.7424028973877189,0.7563752667565083,0.22441942667433723,1,0,0,0,0
57,4.974188368183839,1.5833333333333333,-0.05618693575968396,-0.0561830883629775,-0.05618957611226321,2.805352549803408e-06,1,-0.020840523118042287,-0.018983336944332848,-0.020768483308046495,0.003796307383908744,1,-0.0035838242894975602,-0.004293389320437884,-0.007349209586229192,0.003185306907058939,0,0.017256698828544727,-0.1621100918473251,-0.19599579361695693,0.7273468458936907,0.7396273168149475,0.22160040886869287,1,0,0,0,0
58,5.061454830783555,1.611111111111111,-0.05532474048836404,-0.05531951608610333,-0.0553314983303036,4.270934748175359e-06,1,-0.02510859163144574,-0.03049030788524854,-0.025797940002575553,0.0036214394866787188,1,-0.006822490720921098,-0.008109114484869975,-0.010553153466863599,0.0031129775089170633,0,0.01828610091052464,-0.15233654836218868,-0.2166754020114893,0.704057505108345,0.715621061582959,0.21423707841010928,1,0,0,0,0
59,5.148721293383272,1.6388888888888888,-0.05444284763563181,-0.0544395300664224,-0.054452865907131096,4.806461881133595e-06,1,-0.02999410799805774,-0.02797421656787132,-0.030528923068463124,0.002971210814171496,1,-0.009902850888369086,-0.01032682201162349,-0.012875345293578129,0.002673248750735782,1,0.020091257109688655,-0.13869475258204467,-0.16714943162517154,0.6730370375266209,0.6844648629922037,0.20249913116795698,1,0,0,0,0
60,5.235987755982989,1.6666666666666667,-0.053547502471791936,-0.053544357890143696,-0.05356210604430923,4.32652148749102e-06,1,-0.03879155192411198,-0.038751757604804954,-0.03808467111398489,0.002829180912649054,1,-0.013302835244314958,-0.01165304714187781,-0.01435085493995634,0.0025508621150896905,1,0.025488716679797026,-0.12479615612652989,-0.061053348751931025,0.6338948886637024,0.6457472569579565,0.1861814919880229,1,0,0,0,0
61,5.323254218582705,1.6944444444444444,-0.05264380443472938,-0.05263913220273418,-0.052666749600348624,5.091464199115381e-06,1,-0.04723591636538696,-0.047307008784242946,-0.0472049959138907,0.003177083813967814,1,-0.01757742345191879,-0.014711296820557572,-0.01591951147868187,0.0023765365729544463,1,0.02965849291346817,-0.1152378990596078,-0.04985330836436974,0.5860453613976452,0.5989638113119597,0.16536838162417658,1,0,0,0,0
62,5.410520681182422,1.7222222222222223,-0.05174193245784735,-0.05173666590950821,-0.05177706846677362,7.16249660290269e-06,1,-0.061381231935740216,-0.06366987647176742,-0.061673499939123744,0.002308283910651465,1,-0.019117536640001508,-0.01787241886686491,-0.01844557900088649,0.0030857107692755376,1,0.03262439581784584,-0.09143435545923333,-0.28088243117649275,0.5298931330908149,0.5440027756321392,0.14223095885284043,1,0,0,0,0
63,5.497787143782138,1.75,-0.05086289806785983,-0.0508541029921087,-0.05090548853560189,1.0354377604458731e-05,1,-0.08034174586747718,-0.0811302250217957,-0.08055285251039353,0.0005832751624751248,1,-0.015710214434719934,-0.01756698316623302,-0.01710521841408969,0.0017194795681170095,1,0.0351526836331399,-0.06952815025115133,-0.06677708093107498,0.4648639225235371,0.48134964431823823,0.11760933926337706,1,0,0,0,0
64,5.585053606381854,1.7777777777777777,-0.05001971410539741,-0.05001390643061842,-0.050065892612101044,1.2501018934352182e-05,1,-0.09721634602385361,-0.09688727570854355,-0.09724296299211248,0.0001814838428993576,1,-0.017289163776430708,-0.016177045837621862,-0.017200957815367346,0.0024435395870110455,1,0.032730550328966705,-0.06859019124415999,-0.19638789828985487,0.39419683172231373,0.4123690300625521,0.09335219777897402,1,0,0,0,0
65,5.672320068981571,1.8055555555555556,-0.049204992503862274,-0.04923743726489499,-0.049274015655995713,9.889673521494557e-06,1,-0.11240735804163497,-0.1125127393223783,-0.11248955729994117,5.140503808805097e-05,1,-0.015258086629450555,-0.019755714945764925,-0.013906173262406547,0.0013548921913470562,1,0.03394690587441172,-0.039235553068486036,0.015773036103576832,0.32038616281821314,0.3414790028616758,0.07228557596378708,1,0,0,0,0
66,5.759586531581287,1.8333333333333333,-0.0484792973885775,-0.04850484431471334,-0.048547186297481254,1.0406434448842483e-05,1,-0.1261789999099338,-0.12619778586403982,-0.12620908271687267,3.9338951983519665e-05,1,-0.011586937542211885,-0.010127991692820538,-0.010871383383470839,0.001177371919066401,1,0.036892359846365616,-0.015366174760407823,0.03900895296235363,0.23280638126720957,0.25312558158184206,0.053606806949619036,1,0,0,0,0
67,5.8468529941810035,1.861111111111111,-0.04782295209925842,-0.047779662469739324,-0.047900820531287,2.491406403495877e-05,1,-0.13857841476653968,-0.1385770350705287,-0.13860304757425865,3.569124688909686e-05,1,-0.00656978141823559,-0.0029258509180601494,-0.006979949014471032,0.0007534561726042005,0,0.041253170681022834,3.982945741503602e-05,0.029637577224064626,0.14326528194176924,0.15788349056364157,0.03837799789859296,1,0,0,0,0
68,5.93411945678072,1.8888888888888888,-0.047225284355642716,-0.047254273460884726,-0.04735543207337164,2.6859258500648575e-05,1,-0.1497814741157027,-0.15005845013978786,-0.14987100871158085,3.843726555138871e-05,1,-0.004495251461861277,-0.0013277096037379351,-0.004387849409779344,0.0004890713448728844,0,0.04273003289378144,0.01121133657157714,0.013770381332582737,0.10573138598308088,0.11215249779372752,0.03254767666500364,1,0,0,0,0
69,6.021385919380437,1.9166666666666667,-0.0468474815659199,-0.04683015530920596,-0.046963769058250004,3.0179260082224824e-05,1,-0.1597599671483638,-0.15969674896565642,-0.1599988305207078,5.576912890917218e-05,1,-0.0037051414222754393,-0.002570620002408789,-0.003935284035395862,0.00037520781802507196,1,0.04314234014364446,0.013576925651982675,0.008988481531527925,0.09454399245049128,0.09834154033179883,0.02939763706527606,1,0,0,0,0
70,6.1086523819801535,1.9444444444444444,-0.046538407105038655,-0.04655130387583627,-0.04667026880996739,4.807107933556959e-05,1,-0.16863494472037088,-0.16861086529384783,-0.1690791619566487,9.942173787624853e-05,1,-0.005365695912408246,-0.005231788384386197,-0.00592026503064614,0.000456625493385052,1,0.04117271119263041,0.030281921223354973,0.023026119112133647,0.07986119464716591,0.08692297816898117,0.022739274107923722,1,0,0,0,0
71,6.19591884457987,1.9722222222222223,-0.046366851148092844,-0.04636496465778686,-0.04657877040633195,6.525600957690836e-05,1,-0.17627585968395004,-0.17634815284980393,-0.1767645926092611,0.00011237714702178048,1,-0.010644859311771053,-0.010717943640116022,-0.011207542876749165,0.0006904470840218297,1,0.03572199183632179,0.05346548383480586,0.05643238890593938,0.05181707687989137,0.072572218955693,0.010062829330854716,1,0,0,0,0
