policy,phi_index,phi,phi_over_pi,strict_all_T,drift_all_T,pp_primary_all_T,pp_sensitivity_all_T,T_last,v_fit_A_T_last,v_fit_B_T_last,v_fit_ABB_T_last,w_loc3_ABB_T_last,w_loc5_ABB_T_last,adv_v_T_last
fixed,0,0.0,0.0,1,0,0,0,1500,-0.04635784342379527,-0.18037712902641098,-0.012840191904881717,0.013112376476038976,0.023370746683013928,0.033517651518913553
fixed,1,0.08726646259971647,0.027777777777777776,1,0,0,0,1500,-0.04638516066420255,-0.17642033766883186,-0.0031782050460342458,0.21335094714481936,0.2522714567464701,0.0432069556181683
fixed,2,0.17453292519943295,0.05555555555555555,1,0,0,0,1500,-0.046533671750688906,-0.16888967998104126,0.00648631997677531,0.4255748778775064,0.45293058620140486,0.053019991727464216
fixed,3,0.2617993877991494,0.08333333333333333,1,1,0,0,1500,-0.046821890498227894,-0.1599182230146492,0.017156484563075343,0.5228141952533631,0.5397970613390848,0.06397837506130324
fixed,4,0.3490658503988659,0.1111111111111111,1,1,0,0,1500,-0.04725434688227531,-0.14982865537293427,0.028557096128105933,0.5705897681614969,0.5825632686563827,0.07581144301038124
fixed,5,0.4363323129985824,0.1388888888888889,1,1,0,0,1500,-0.04781047793318295,-0.1386160462460715,0.04052812880147433,0.5976046009170055,0.6074603696323125,0.08833860673465728
fixed,6,0.5235987755982988,0.16666666666666666,1,1,0,0,1500,-0.04847008459201126,-0.1262014381378,0.053393873291921905,0.6107438206670538,0.6189174907183259,0.10186395788393317
fixed,7,0.6108652381980153,0.19444444444444445,1,1,0,0,1500,-0.049211497277769516,-0.11246738413226286,0.06637337791822442,0.6135424364160188,0.6205951949003392,0.11558487519599395
fixed,8,0.6981317007977318,0.2222222222222222,1,1,0,0,1500,-0.05001558860599071,-0.09723040066214718,0.07897193161391516,0.6100640025417685,0.6165393197002923,0.12898752021990587
fixed,9,0.7853981633974483,0.25,1,1,0,0,1500,-0.05086486296059363,-0.08011857486220432,0.09084547540965474,0.6017617190254125,0.6079689899343887,0.14171033837024838
fixed,10,0.8726646259971648,0.2777777777777778,1,1,0,0,1500,-0.05174446763878253,-0.06197515794441659,0.10175019240154348,0.58935504443579,0.5955216218112009,0.15349466004032603
fixed,11,0.9599310885968813,0.3055555555555556,1,1,0,0,1500,-0.0526413991205566,-0.04773737025387215,0.11154398900095333,0.5733079652870073,0.5796244638749471,0.15928135925482548
fixed,12,1.0471975511965976,0.3333333333333333,1,1,0,0,1500,-0.05354415455974783,-0.03760431506429082,0.12009705088000977,0.5539668548865307,0.5605963494986216,0.1577013659443006
fixed,13,1.1344640137963142,0.3611111111111111,1,1,0,0,1500,-0.05444246645859459,-0.03040147920465683,0.1272088090855477,0.5315785899013614,0.5387002287857748,0.15761028829020454
fixed,14,1.2217304763960306,0.3888888888888889,1,1,0,0,1500,-0.0553268374539362,-0.025152816172534093,0.13253295288349343,0.5062842210308455,0.5141515876404557,0.15768576905602752
fixed,15,1.3089969389957472,0.4166666666666667,1,1,0,0,1500,-0.05618808468184286,-0.021251149227402774,0.13548999494010835,0.47811087451500217,0.4870616672473318,0.15674114416751112
fixed,16,1.3962634015954636,0.4444444444444444,1,1,0,0,1500,-0.05701690274248628,-0.018290774078180198,0.1352430422976717,0.4465994816070621,0.45720973676803645,0.1535338163758519
fixed,17,1.48352986419518,0.4722222222222222,1,1,0,0,1500,-0.057803393892954975,-0.01598536897118081,0.13069381642647715,0.4100243503500233,0.4233841100353285,0.14667918539765795
fixed,18,1.5707963267948966,0.5,1,1,0,0,1500,-0.058536499981784146,-0.014156885468555633,0.12070934612954119,0.36272402240080054,0.3809904592008476,0.13486623159809683
fixed,19,1.658062789394613,0.5277777777777778,1,1,0,0,1500,-0.05920330761733467,-0.012682409707965707,0.10573842545002632,0.2819404668001628,0.3092619458113941,0.11842083515799202
fixed,20,1.7453292519943295,0.5555555555555556,1,1,0,1,1500,-0.059788084210101955,-0.011498175620250373,0.08844245723264832,0.08700431032068844,0.09949785052230299,0.0999406328528987
fixed,21,1.832595714594046,0.5833333333333333,1,1,0,0,1500,-0.06027087836722264,-0.01050705695887102,0.0793201643340198,0.1931261555820185,0.22296601833707794,0.08982722129289082
fixed,22,1.9198621771937625,0.6111111111111112,1,1,0,0,1500,-0.06062526416234966,-0.009702589542183776,0.08007740864519446,0.4107038086412269,0.44747880994318995,0.08977999818737824
fixed,50,4.363323129985823,1.3888888888888888,1,0,0,0,1500,-0.060625264162348286,-0.009702589542183775,-0.04570328950219746,0.3574629655752405,0.3729680093642709,-0.036000699960013684
fixed,51,4.4505895925855405,1.4166666666666667,1,0,0,0,1500,-0.06027087836722284,-0.010507056958871,-0.004544994502429464,0.3597386746409545,0.37108606244845826,0.005962062456441537
fixed,52,4.537856055185257,1.4444444444444444,1,1,0,0,1500,-0.05978808421010162,-0.011498175620250375,0.011745529147819067,0.4006896839143561,0.41560823201694747,0.023243704768069442
fixed,53,4.625122517784973,1.4722222222222223,1,0,0,0,1500,-0.059203307617334264,-0.012682409707965718,0.008724184328593208,0.6643685735045812,0.6990569195878239,0.021406594036558924
fixed,54,4.71238898038469,1.5,1,0,0,0,1500,-0.058536499981783986,-0.014156885468555598,0.005076253735610981,0.7319338433534143,0.7547901213210978,0.01923313920416658
fixed,55,4.799655442984406,1.5277777777777777,1,0,0,0,1500,-0.057803393892954844,-0.015985368971180733,0.0010508601565908558,0.746566425445243,0.7633431250207161,0.01703622912777159
fixed,56,4.886921905584122,1.5555555555555556,1,0,0,0,1500,-0.057016902742485547,-0.01829077407818013,-0.002838955735245971,0.7420449935759843,0.7558315857602269,0.015451818342934161
fixed,57,4.974188368183839,1.5833333333333333,1,0,0,0,1500,-0.05618808468184322,-0.021251149227402753,-0.006355938333087276,0.7270026824327314,0.7392172826377532,0.014895210894315478
fixed,58,5.061454830783555,1.611111111111111,1,0,0,0,1500,-0.05532683745393543,-0.025152816172534006,-0.009493340158947969,0.7038077713401619,0.7152847450352227,0.015659476013586037
fixed,59,5.148721293383272,1.6388888888888888,1,0,0,0,1500,-0.05444246645859475,-0.030401479204656776,-0.012229669061343469,0.6728343012476748,0.6842047732231263,0.01817181014331331
fixed,60,5.235987755982989,1.6666666666666667,1,0,0,0,1500,-0.05354415455974696,-0.03760431506429091,-0.014469049821706855,0.6338609113324613,0.6455677057461272,0.02313526524258406
fixed,61,5.323254218582705,1.6944444444444444,1,0,0,0,1500,-0.05264139912055759,-0.04773737025387216,-0.016151358451481454,0.5862545504498472,0.5988568145967816,0.03158601180239071
fixed,62,5.410520681182422,1.7222222222222223,1,0,0,0,1500,-0.05174446763878325,-0.06197515794441666,-0.017143299204723034,0.529829099413698,0.5439193750363548,0.03460116843406022
fixed,63,5.497787143782138,1.75,1,0,0,0,1500,-0.050864862960593386,-0.08011857486220421,-0.017282211889875474,0.46534687550464804,0.4813771682922333,0.03358265107071791
fixed,64,5.585053606381854,1.7777777777777777,1,0,0,0,1500,-0.0500155886059899,-0.09723040066214707,-0.016472832976186604,0.3943096161690893,0.4125960777015936,0.03354275562980329
fixed,65,5.672320068981571,1.8055555555555556,1,0,0,0,1500,-0.049211497277769106,-0.11246738413226282,-0.014635046970551782,0.3187905684328588,0.33911770222269677,0.03457645030721732
fixed,66,5.759586531581287,1.8333333333333333,1,0,0,0,1500,-0.04847008459201152,-0.12620143813780002,-0.011743518022312443,0.2380947764016144,0.25865852696386193,0.036726566569699075
fixed,67,5.8468529941810035,1.861111111111111,1,0,0,0,1500,-0.047810477933182625,-0.13861604624607138,-0.007724719670876268,0.140635016062363,0.1523476559067445,0.040085758262306356
fixed,68,5.93411945678072,1.8888888888888888,1,0,0,0,1500,-0.04725434688227461,-0.14982865537293374,-0.004087064071706445,0.10019724935201527,0.10299458031152998,0.04316728281056816
fixed,69,6.021385919380437,1.9166666666666667,1,0,0,0,1500,-0.04682189049822778,-0.15991822301464936,-0.0034660517873604225,0.09336689777518781,0.0964642570260017,0.04335583871086736
fixed,70,6.1086523819801535,1.9444444444444444,1,0,0,0,1500,-0.04653367175068925,-0.1688896799810413,-0.005352058697743085,0.08053106426375453,0.08586544673840256,0.04118161305294617
fixed,71,6.19591884457987,1.9722222222222223,1,0,0,0,1500,-0.04638516066420156,-0.1764203376688325,-0.010854124816614267,0.04570405334793049,0.05488991499309546,0.03553103584758729
scaled,0,0.0,0.0,1,0,0,0,1500,-0.04635777580307318,-0.18037710020800862,-0.012839099095551297,0.004090389024932235,0.006594439894897757,0.033518676707521886
scaled,1,0.08726646259971647,0.027777777777777776,1,0,0,0,1500,-0.04639008121487549,-0.17642687758630093,-0.0031660067319670233,0.21326572734792576,0.2510802685585543,0.04322407448290847
scaled,2,0.17453292519943295,0.05555555555555555,1,0,0,0,1500,-0.046534938374499464,-0.16889319474509396,0.006493036398124413,0.4258725118805111,0.453125560701313,0.05302797477262388
scaled,3,0.2617993877991494,0.08333333333333333,1,1,0,0,1500,-0.04682224919824149,-0.15991949843222528,0.017164798926450536,0.5227060439884254,0.5396451825039216,0.06398704812469203
scaled,4,0.3490658503988659,0.1111111111111111,1,1,0,0,1500,-0.04725405694031721,-0.14982865934572673,0.02855930995826174,0.5703541382342163,0.5822254914242337,0.07581336689857895
scaled,5,0.4363323129985824,0.1388888888888889,1,1,0,0,1500,-0.047810532422852346,-0.1386158948071731,0.040540404656194635,0.5977224250025958,0.6075077340019344,0.08835093707904698
scaled,6,0.5235987755982988,0.16666666666666666,1,1,0,0,1500,-0.04847000088467075,-0.1262015555106346,0.053376531164346964,0.6107613976414821,0.6189198900448524,0.10184653204901772
scaled,7,0.6108652381980153,0.19444444444444445,1,1,0,0,1500,-0.04921150314834568,-0.11246727290086915,0.0663726943287549,0.6135721265322281,0.6205921822765462,0.11558419747710058
scaled,8,0.6981317007977318,0.2222222222222222,1,1,0,0,1500,-0.0500155255142093,-0.09722974487381646,0.07897087459126621,0.610056997967991,0.6165302413002481,0.12898640010547552
scaled,9,0.7853981633974483,0.25,1,1,0,0,1500,-0.050864842613961445,-0.08011558330972515,0.09084455257992503,0.6017546085826749,0.6079600998328965,0.14170939519388648
scaled,10,0.8726646259971648,0.2777777777777778,1,1,0,0,1500,-0.051744452153420335,-0.06200841144448378,0.10174691914471459,0.5893655353948805,0.5955154864634603,0.15349137129813492
scaled,11,0.9599310885968813,0.3055555555555556,1,1,0,0,1500,-0.05264137739862448,-0.04773625902647193,0.11154446018023088,0.5733098093688711,0.5796167113652552,0.1592807192067028
scaled,12,1.0471975511965976,0.3333333333333333,1,1,0,0,1500,-0.0535441144173145,-0.03759745388876026,0.12011083772269526,0.553971906322731,0.5605869864217521,0.15770829161145553
scaled,13,1.1344640137963142,0.3611111111111111,1,1,0,0,1500,-0.05444243406039638,-0.03038425736620183,0.12719351843648463,0.5315896082934727,0.5386879631192745,0.15757777580268645
scaled,14,1.2217304763960306,0.3888888888888889,1,1,0,0,1500,-0.05532681627120982,-0.02520395664056511,0.1325222407030111,0.5062702652783145,0.514127964678731,0.1577261973435762
scaled,15,1.3089969389957472,0.4166666666666667,1,1,0,0,1500,-0.05618805955305878,-0.021291216766887753,0.13547037759224947,0.4780972863236913,0.4870205046072831,0.15676159435913722
scaled,16,1.3962634015954636,0.4444444444444444,1,1,0,0,1500,-0.05701685214207132,-0.018336628876263108,0.1352243989508221,0.4466010002644771,0.4571366576769084,0.15356102782708522
scaled,17,1.48352986419518,0.4722222222222222,1,1,0,0,1500,-0.05780333484866449,-0.015975347257143998,0.13073105516880448,0.4099923391281121,0.42322700190286944,0.14670640242594848
scaled,18,1.5707963267948966,0.5,1,1,0,0,1500,-0.05853643479925874,-0.014197588434723485,0.12067465532125504,0.3625646613587652,0.3805449785224003,0.13487224375597853
scaled,19,1.658062789394613,0.5277777777777778,1,1,0,0,1500,-0.05920321872590563,-0.0126155902106749,0.10577493658194881,0.28084027610673107,0.30761837374965345,0.11839052679262371
scaled,20,1.7453292519943295,0.5555555555555556,1,1,0,1,1500,-0.05978800837414013,-0.0115493218872416,0.08864413387345428,0.0818033011973539,0.0916210061418531,0.10019345576069588
scaled,21,1.832595714594046,0.5833333333333333,1,1,0,0,1500,-0.060270768282271556,-0.010490117672067398,0.07927592369597787,0.19192526194487125,0.22095829292047445,0.08976604136804527
scaled,22,1.9198621771937625,0.6111111111111112,1,1,0,0,1500,-0.060625162333344806,-0.009699431677485928,0.08013509320788002,0.4101175387451207,0.44566463479372714,0.08983452488536595
scaled,50,4.363323129985823,1.3888888888888888,1,0,0,0,1500,-0.06062516233334298,-0.009699431677485913,-0.045804185720952316,0.3563193128398297,0.3710306975773852,-0.0361047540434664
scaled,51,4.4505895925855405,1.4166666666666667,1,0,0,0,1500,-0.06027076828227165,-0.010490117672067343,-0.004628776531187375,0.3589173730093279,0.3697973228894588,0.005861341140879968
scaled,52,4.537856055185257,1.4444444444444444,1,1,0,0,1500,-0.059788008374140514,-0.011549321887241592,0.011770983409696964,0.3940426080188312,0.4056097458436746,0.023320305296938557
scaled,53,4.625122517784973,1.4722222222222223,1,0,0,0,1500,-0.05920321872590446,-0.012615590210674906,0.008812465298984476,0.6636256437360989,0.6983668078969817,0.021428055509659382
scaled,54,4.71238898038469,1.5,1,0,0,0,1500,-0.05853643479925823,-0.014197588434723447,0.004984829363720427,0.7319108355698494,0.7546070383397262,0.019182417798443874
scaled,55,4.799655442984406,1.5277777777777777,1,0,0,0,1500,-0.0578033348486639,-0.01597534725714394,0.0011910011001092858,0.7465488459441004,0.7632350713489886,0.017166348357253225
scaled,56,4.886921905584122,1.5555555555555556,1,0,0,0,1500,-0.05701685214207072,-0.01833662887626301,-0.0028845487060706206,0.7419217336664664,0.7557516105130329,0.01545208017019239
scaled,57,4.974188368183839,1.5833333333333333,1,0,0,0,1500,-0.05618805955305833,-0.021291216766887777,-0.006423973358232273,0.7269737074791415,0.7391648932317595,0.014867243408655504
scaled,58,5.061454830783555,1.611111111111111,1,0,0,0,1500,-0.05532681627120872,-0.02520395664056502,-0.009534551798191902,0.7038413049942612,0.7152479348905566,0.01566940484237312
scaled,59,5.148721293383272,1.6388888888888888,1,0,0,0,1500,-0.05444243406039622,-0.030384257366201723,-0.01229700205708686,0.6727859116004117,0.6841691354374789,0.018087255309114862
scaled,60,5.235987755982989,1.6666666666666667,1,0,0,0,1500,-0.0535441144173143,-0.037597453888760395,-0.014382811896809773,0.6338488055246831,0.6455425589874619,0.02321464199195062
scaled,61,5.323254218582705,1.6944444444444444,1,0,0,0,1500,-0.05264137739862538,-0.04773625902647196,-0.016147682385117976,0.5862558839964576,0.5988322304050501,0.031588576641353984
scaled,62,5.410520681182422,1.7222222222222223,1,0,0,0,1500,-0.05174445215342117,-0.0620084114444838,-0.017188451689980795,0.5297395689498123,0.5438881652765114,0.03455600046344037
scaled,63,5.497787143782138,1.75,1,0,0,0,1500,-0.05086484261395963,-0.0801155833097249,-0.0172905608183942,0.4653634128548859,0.4813613554300355,0.03357428179556543
scaled,64,5.585053606381854,1.7777777777777777,1,0,0,0,1500,-0.05001552551420852,-0.09722974487381628,-0.016455884096286934,0.39423656469605517,0.41261130835333903,0.03355964141792159
scaled,65,5.672320068981571,1.8055555555555556,1,0,0,0,1500,-0.04921150314834503,-0.11246727290086904,-0.014631766311419886,0.31888316102245967,0.3390415674508562,0.03457973683692514
scaled,66,5.759586531581287,1.8333333333333333,1,0,0,0,1500,-0.048470000884670086,-0.12620155551063483,-0.011700366793024743,0.23840565113208403,0.2589908417999938,0.03676963409164534
scaled,67,5.8468529941810035,1.861111111111111,1,0,0,0,1500,-0.04781053242285191,-0.13861589480717276,-0.007820433593599362,0.14134414121198757,0.15313870889439143,0.03999009882925254
scaled,68,5.93411945678072,1.8888888888888888,1,0,0,0,1500,-0.04725405694031622,-0.14982865934572617,-0.004083615566477339,0.09897082697379019,0.1011253365745526,0.04317044137383889
scaled,69,6.021385919380437,1.9166666666666667,1,0,0,0,1500,-0.04682224919824176,-0.15991949843222605,-0.0034694858466351756,0.09320060965293483,0.09622687307354301,0.04335276335160659
scaled,70,6.1086523819801535,1.9444444444444444,1,0,0,0,1500,-0.04653493837449908,-0.1688931947450939,-0.0053603837723292394,0.0805727635884084,0.08573357034211457,0.041174554602169844
scaled,71,6.19591884457987,1.9722222222222223,1,0,0,0,1500,-0.046390081214874604,-0.17642687758630168,-0.010846138427670822,0.04470026091455776,0.052642030310347865,0.03554394278720378
