policy,phi_index,phi,phi_over_pi,strict_raw_all_T,drift_raw_all_T,T_last,v_fit_A_T_last,v_fit_B_T_last,v_fit_ABB_T_last,adv_v_T_last
fixed,0,0.0,0.0,1,0,1500,-0.04635784342379527,-0.18037712902641098,-0.012840191904881717,0.033517651518913553
fixed,1,0.08726646259971647,0.027777777777777776,1,0,1500,-0.04638516066420255,-0.17642033766883186,-0.0031782050460342458,0.0432069556181683
fixed,2,0.17453292519943295,0.05555555555555555,1,1,1500,-0.046533671750688906,-0.16888967998104126,0.00648631997677531,0.053019991727464216
fixed,3,0.2617993877991494,0.08333333333333333,1,1,1500,-0.046821890498227894,-0.1599182230146492,0.017156484563075343,0.06397837506130324
fixed,4,0.3490658503988659,0.1111111111111111,1,1,1500,-0.04725434688227531,-0.14982865537293427,0.028557096128105933,0.07581144301038124
fixed,5,0.4363323129985824,0.1388888888888889,1,1,1500,-0.04781047793318295,-0.1386160462460715,0.04052812880147433,0.08833860673465728
fixed,6,0.5235987755982988,0.16666666666666666,1,1,1500,-0.04847008459201126,-0.1262014381378,0.053393873291921905,0.10186395788393317
fixed,7,0.6108652381980153,0.19444444444444445,1,1,1500,-0.049211497277769516,-0.11246738413226286,0.06637337791822442,0.11558487519599395
fixed,8,0.6981317007977318,0.2222222222222222,1,1,1500,-0.05001558860599071,-0.09723040066214718,0.07897193161391516,0.12898752021990587
fixed,9,0.7853981633974483,0.25,1,1,1500,-0.05086486296059363,-0.08011857486220432,0.09084547540965474,0.14171033837024838
fixed,10,0.8726646259971648,0.2777777777777778,1,1,1500,-0.05174446763878253,-0.06197515794441659,0.10175019240154348,0.15349466004032603
fixed,11,0.9599310885968813,0.3055555555555556,1,1,1500,-0.0526413991205566,-0.04773737025387215,0.11154398900095333,0.15928135925482548
fixed,12,1.0471975511965976,0.3333333333333333,1,1,1500,-0.05354415455974783,-0.03760431506429082,0.12009705088000977,0.1577013659443006
fixed,13,1.1344640137963142,0.3611111111111111,1,1,1500,-0.05444246645859459,-0.03040147920465683,0.1272088090855477,0.15761028829020454
fixed,14,1.2217304763960306,0.3888888888888889,1,1,1500,-0.0553268374539362,-0.025152816172534093,0.13253295288349343,0.15768576905602752
fixed,15,1.3089969389957472,0.4166666666666667,1,1,1500,-0.05618808468184286,-0.021251149227402774,0.13548999494010835,0.15674114416751112
fixed,16,1.3962634015954636,0.4444444444444444,1,1,1500,-0.05701690274248628,-0.018290774078180198,0.1352430422976717,0.1535338163758519
fixed,17,1.48352986419518,0.4722222222222222,1,1,1500,-0.057803393892954975,-0.01598536897118081,0.13069381642647715,0.14667918539765795
fixed,18,1.5707963267948966,0.5,1,1,1500,-0.058536499981784146,-0.014156885468555633,0.12070934612954119,0.13486623159809683
fixed,19,1.658062789394613,0.5277777777777778,1,1,1500,-0.05920330761733467,-0.012682409707965707,0.10573842545002632,0.11842083515799202
fixed,20,1.7453292519943295,0.5555555555555556,1,1,1500,-0.059788084210101955,-0.011498175620250373,0.08844245723264832,0.0999406328528987
fixed,21,1.832595714594046,0.5833333333333333,1,1,1500,-0.06027087836722264,-0.01050705695887102,0.0793201643340198,0.08982722129289082
fixed,22,1.9198621771937625,0.6111111111111112,1,1,1500,-0.06062526416234966,-0.009702589542183776,0.08007740864519446,0.08977999818737824
fixed,23,2.007128639793479,0.6388888888888888,1,1,1500,-0.060814123453815906,-0.009016601447246912,0.08575712919775212,0.09477373064499903
fixed,24,2.0943951023931953,0.6666666666666666,1,1,1500,-0.06077921640702459,-0.008443219654433766,0.0880652262050301,0.09650844585946386
fixed,25,2.1816615649929116,0.6944444444444444,1,1,1500,-0.06041254228976349,-0.007969311651136925,0.08436446094354799,0.09233377259468492
fixed,26,2.2689280275926285,0.7222222222222222,1,1,1500,-0.0597089647245039,-0.007565357026280914,0.075332101663279,0.08289745868955992
fixed,27,2.356194490192345,0.75,1,1,1500,-0.05881613013940132,-0.007218609967910891,0.0627204631432311,0.06993907311114199
fixed,28,2.443460952792061,0.7777777777777778,1,1,1500,-0.05784762292275386,-0.0069264103359141654,0.048353626223603986,0.05528003655951815
fixed,29,2.5307274153917776,0.8055555555555555,1,1,1500,-0.05688900884544142,-0.006684714702679539,0.03384187633291312,0.04052659103559266
fixed,30,2.6179938779914944,0.8333333333333334,1,1,1500,-0.05599579509312364,-0.0064871222433649555,0.020666668646345178,0.027153790889710133
fixed,31,2.705260340591211,0.8611111111111112,1,1,1500,-0.05520502240786621,-0.006327459337723281,0.010760209672148713,0.017087669009871995
fixed,32,2.792526803190927,0.8888888888888888,1,1,1500,-0.0545362159642936,-0.0062011504286473935,0.013027317193454015,0.019228467622101408
fixed,33,2.8797932657906435,0.9166666666666666,1,1,1500,-0.05400524445633889,-0.006105206800948019,0.025717714282126176,0.0318229210830742
fixed,34,2.96705972839036,0.9444444444444444,1,1,1500,-0.053622176008472085,-0.006037768579907229,0.03613753011965249,0.042175298699559716
fixed,35,3.0543261909900767,0.9722222222222222,1,1,1500,-0.05339163658953554,-0.005997712895820812,0.0434286991529157,0.04942641204873652
fixed,36,3.141592653589793,1.0,1,1,1500,-0.05331398534984075,-0.0059844268489621065,0.04819264939976403,0.05417707624872614
fixed,37,3.2288591161895095,1.0277777777777777,1,1,1500,-0.053391636589535794,-0.005997712895820786,0.04948018018101144,0.05547789307683223
fixed,38,3.316125578789226,1.0555555555555556,1,1,1500,-0.05362217600847225,-0.00603776857990723,0.04440889228901457,0.0504466608689218
fixed,39,3.4033920413889427,1.0833333333333335,1,1,1500,-0.05400524445633931,-0.006105206800948037,0.03162987649482859,0.03773508329577663
fixed,40,3.490658503988659,1.1111111111111112,1,1,1500,-0.05453621596429297,-0.0062011504286474,0.01215415321961387,0.018355303648261267
fixed,41,3.5779249665883754,1.1388888888888888,1,0,1500,-0.05520502240786601,-0.006327459337723292,-0.017572172827060153,-0.011244713489336863
fixed,42,3.665191429188092,1.1666666666666665,1,0,1500,-0.05599579509312314,-0.006487122243364945,-0.05760778899547929,-0.051120666752114345
fixed,43,3.752457891787808,1.1944444444444444,1,0,1500,-0.05688900884544193,-0.006684714702679539,-0.10026165131315903,-0.0935769366104795
fixed,44,3.839724354387525,1.2222222222222223,1,0,1500,-0.0578476229227538,-0.006926410335914143,-0.1397610245148532,-0.13283461417893905
fixed,45,3.9269908169872414,1.25,1,0,1500,-0.05881613013940133,-0.0072186099679109016,-0.17001033935154883,-0.16279172938363792
fixed,46,4.014257279586958,1.2777777777777777,1,0,1500,-0.0597089647245046,-0.0075653570262809,-0.18499550212526564,-0.17743014509898475
fixed,47,4.101523742186674,1.3055555555555556,1,0,1500,-0.06041254228976381,-0.007969311651136944,-0.17968106526194466,-0.1717117536108077
fixed,48,4.1887902047863905,1.3333333333333333,1,0,1500,-0.06077921640702492,-0.008443219654433773,-0.15149856170352663,-0.14305534204909287
fixed,49,4.276056667386107,1.361111111111111,1,0,1500,-0.060814123453815816,-0.009016601447246909,-0.10296445302855402,-0.09394785158130711
fixed,50,4.363323129985823,1.3888888888888888,1,0,1500,-0.060625264162348286,-0.009702589542183775,-0.04570328950219746,-0.036000699960013684
fixed,51,4.4505895925855405,1.4166666666666667,1,0,1500,-0.06027087836722284,-0.010507056958871,-0.004544994502429464,0.005962062456441537
fixed,52,4.537856055185257,1.4444444444444444,1,1,1500,-0.05978808421010162,-0.011498175620250375,0.011745529147819067,0.023243704768069442
fixed,53,4.625122517784973,1.4722222222222223,1,1,1500,-0.059203307617334264,-0.012682409707965718,0.008724184328593208,0.021406594036558924
fixed,54,4.71238898038469,1.5,1,1,1500,-0.058536499981783986,-0.014156885468555598,0.005076253735610981,0.01923313920416658
fixed,55,4.799655442984406,1.5277777777777777,1,1,1500,-0.057803393892954844,-0.015985368971180733,0.0010508601565908558,0.01703622912777159
fixed,56,4.886921905584122,1.5555555555555556,1,0,1500,-0.057016902742485547,-0.01829077407818013,-0.002838955735245971,0.015451818342934161
fixed,57,4.974188368183839,1.5833333333333333,1,0,1500,-0.05618808468184322,-0.021251149227402753,-0.006355938333087276,0.014895210894315478
fixed,58,5.061454830783555,1.611111111111111,1,0,1500,-0.05532683745393543,-0.025152816172534006,-0.009493340158947969,0.015659476013586037
fixed,59,5.148721293383272,1.6388888888888888,1,0,1500,-0.05444246645859475,-0.030401479204656776,-0.012229669061343469,0.01817181014331331
fixed,60,5.235987755982989,1.6666666666666667,1,0,1500,-0.05354415455974696,-0.03760431506429091,-0.014469049821706855,0.02313526524258406
fixed,61,5.323254218582705,1.6944444444444444,1,0,1500,-0.05264139912055759,-0.04773737025387216,-0.016151358451481454,0.03158601180239071
fixed,62,5.410520681182422,1.7222222222222223,1,0,1500,-0.05174446763878325,-0.06197515794441666,-0.017143299204723034,0.03460116843406022
fixed,63,5.497787143782138,1.75,1,0,1500,-0.050864862960593386,-0.08011857486220421,-0.017282211889875474,0.03358265107071791
fixed,64,5.585053606381854,1.7777777777777777,1,0,1500,-0.0500155886059899,-0.09723040066214707,-0.016472832976186604,0.03354275562980329
fixed,65,5.672320068981571,1.8055555555555556,1,0,1500,-0.049211497277769106,-0.11246738413226282,-0.014635046970551782,0.03457645030721732
fixed,66,5.759586531581287,1.8333333333333333,1,0,1500,-0.04847008459201152,-0.12620143813780002,-0.011743518022312443,0.036726566569699075
fixed,67,5.8468529941810035,1.861111111111111,1,0,1500,-0.047810477933182625,-0.13861604624607138,-0.007724719670876268,0.040085758262306356
fixed,68,5.93411945678072,1.8888888888888888,1,0,1500,-0.04725434688227461,-0.14982865537293374,-0.004087064071706445,0.04316728281056816
fixed,69,6.021385919380437,1.9166666666666667,1,0,1500,-0.04682189049822778,-0.15991822301464936,-0.0034660517873604225,0.04335583871086736
fixed,70,6.1086523819801535,1.9444444444444444,1,0,1500,-0.04653367175068925,-0.1688896799810413,-0.005352058697743085,0.04118161305294617
fixed,71,6.19591884457987,1.9722222222222223,1,0,1500,-0.04638516066420156,-0.1764203376688325,-0.010854124816614267,0.03553103584758729
scaled,0,0.0,0.0,1,0,1500,-0.04635777580307318,-0.18037710020800862,-0.012839099095551297,0.033518676707521886
scaled,1,0.08726646259971647,0.027777777777777776,1,0,1500,-0.04639008121487549,-0.17642687758630093,-0.0031660067319670233,0.04322407448290847
scaled,2,0.17453292519943295,0.05555555555555555,1,1,1500,-0.046534938374499464,-0.16889319474509396,0.006493036398124413,0.05302797477262388
scaled,3,0.2617993877991494,0.08333333333333333,1,1,1500,-0.04682224919824149,-0.15991949843222528,0.017164798926450536,0.06398704812469203
scaled,4,0.3490658503988659,0.1111111111111111,1,1,1500,-0.04725405694031721,-0.14982865934572673,0.02855930995826174,0.07581336689857895
scaled,5,0.4363323129985824,0.1388888888888889,1,1,1500,-0.047810532422852346,-0.1386158948071731,0.040540404656194635,0.08835093707904698
scaled,6,0.5235987755982988,0.16666666666666666,1,1,1500,-0.04847000088467075,-0.1262015555106346,0.053376531164346964,0.10184653204901772
scaled,7,0.6108652381980153,0.19444444444444445,1,1,1500,-0.04921150314834568,-0.11246727290086915,0.0663726943287549,0.11558419747710058
scaled,8,0.6981317007977318,0.2222222222222222,1,1,1500,-0.0500155255142093,-0.09722974487381646,0.07897087459126621,0.12898640010547552
scaled,9,0.7853981633974483,0.25,1,1,1500,-0.050864842613961445,-0.08011558330972515,0.09084455257992503,0.14170939519388648
scaled,10,0.8726646259971648,0.2777777777777778,1,1,1500,-0.051744452153420335,-0.06200841144448378,0.10174691914471459,0.15349137129813492
scaled,11,0.9599310885968813,0.3055555555555556,1,1,1500,-0.05264137739862448,-0.04773625902647193,0.11154446018023088,0.1592807192067028
scaled,12,1.0471975511965976,0.3333333333333333,1,1,1500,-0.0535441144173145,-0.03759745388876026,0.12011083772269526,0.15770829161145553
scaled,13,1.1344640137963142,0.3611111111111111,1,1,1500,-0.05444243406039638,-0.03038425736620183,0.12719351843648463,0.15757777580268645
scaled,14,1.2217304763960306,0.3888888888888889,1,1,1500,-0.05532681627120982,-0.02520395664056511,0.1325222407030111,0.1577261973435762
scaled,15,1.3089969389957472,0.4166666666666667,1,1,1500,-0.05618805955305878,-0.021291216766887753,0.13547037759224947,0.15676159435913722
scaled,16,1.3962634015954636,0.4444444444444444,1,1,1500,-0.05701685214207132,-0.018336628876263108,0.1352243989508221,0.15356102782708522
scaled,17,1.48352986419518,0.4722222222222222,1,1,1500,-0.05780333484866449,-0.015975347257143998,0.13073105516880448,0.14670640242594848
scaled,18,1.5707963267948966,0.5,1,1,1500,-0.05853643479925874,-0.014197588434723485,0.12067465532125504,0.13487224375597853
scaled,19,1.658062789394613,0.5277777777777778,1,1,1500,-0.05920321872590563,-0.0126155902106749,0.10577493658194881,0.11839052679262371
scaled,20,1.7453292519943295,0.5555555555555556,1,1,1500,-0.05978800837414013,-0.0115493218872416,0.08864413387345428,0.10019345576069588
scaled,21,1.832595714594046,0.5833333333333333,1,1,1500,-0.060270768282271556,-0.010490117672067398,0.07927592369597787,0.08976604136804527
scaled,22,1.9198621771937625,0.6111111111111112,1,1,1500,-0.060625162333344806,-0.009699431677485928,0.08013509320788002,0.08983452488536595
scaled,23,2.007128639793479,0.6388888888888888,1,1,1500,-0.060813931229465455,-0.009002863405310889,0.08588644126012401,0.09488930466543491
scaled,24,2.0943951023931953,0.6666666666666666,1,1,1500,-0.06077946924695315,-0.008451347324296128,0.0881053543500236,0.09655670167431973
scaled,25,2.1816615649929116,0.6944444444444444,1,1,1500,-0.06040956970328318,-0.00801986566333965,0.084393824655107,0.09241369031844665
scaled,26,2.2689280275926285,0.7222222222222222,1,1,1500,-0.059709481522510995,-0.007603513783569635,0.07537575368241928,0.08297926746598891
scaled,27,2.356194490192345,0.75,1,1,1500,-0.058818144098634326,-0.0072070651948915486,0.06276711584244973,0.06997418103734128
scaled,28,2.443460952792061,0.7777777777777778,1,1,1500,-0.05785015033055788,-0.00687764142354406,0.048314450543251876,0.055192091966795934
scaled,29,2.5307274153917776,0.8055555555555555,1,1,1500,-0.05688820663526398,-0.006629755664889401,0.03386522823309692,0.04049498389798632
scaled,30,2.6179938779914944,0.8333333333333334,1,1,1500,-0.05599437048285051,-0.006448140857472909,0.020644179317137457,0.027092320174610367
scaled,31,2.705260340591211,0.8611111111111112,1,1,1500,-0.05520899608962489,-0.006311905625957509,0.01072930745319789,0.017041213079155397
scaled,32,2.792526803190927,0.8888888888888888,1,1,1500,-0.054541699606323976,-0.006206869914101746,0.012846174984238276,0.019053044898340022
scaled,33,2.8797932657906435,0.9166666666666666,1,1,1500,-0.05400703793786973,-0.006126472901781015,0.025730226706020334,0.03185669960780135
scaled,34,2.96705972839036,0.9444444444444444,1,1,1500,-0.05362010452593288,-0.006068807017036191,0.03614911555900348,0.042217922576039665
scaled,35,3.0543261909900767,0.9722222222222222,1,1,1500,-0.05339690761112226,-0.006033904093826176,0.043441550466457785,0.04947545456028396
scaled,36,3.141592653589793,1.0,1,1,1500,-0.05331502041845691,-0.006022202754154354,0.048186720380833326,0.05420892313498768
scaled,37,3.2288591161895095,1.0277777777777777,1,1,1500,-0.05339690761112289,-0.006033904093826166,0.04948243189196013,0.0555163359857863
scaled,38,3.316125578789226,1.0555555555555556,1,1,1500,-0.05362010452593351,-0.006068807017036203,0.04440683584272467,0.050475642859760875
scaled,39,3.4033920413889427,1.0833333333333335,1,1,1500,-0.05400703793787017,-0.006126472901781015,0.03162493192171562,0.037751404823496634
scaled,40,3.490658503988659,1.1111111111111112,1,1,1500,-0.05454169960632338,-0.006206869914101742,0.012226335291214684,0.018433205205316425
scaled,41,3.5779249665883754,1.1388888888888888,1,0,1500,-0.055208996089624866,-0.006311905625957529,-0.017560162947484068,-0.011248257321526539
scaled,42,3.665191429188092,1.1666666666666665,1,0,1500,-0.055994370482850275,-0.006448140857472915,-0.05759808576607278,-0.051149944908599865
scaled,43,3.752457891787808,1.1944444444444444,1,0,1500,-0.05688820663526501,-0.006629755664889414,-0.10026974617627099,-0.09363999051138158
scaled,44,3.839724354387525,1.2222222222222223,1,0,1500,-0.057850150330558486,-0.006877641423544066,-0.1397615656927751,-0.132883924269231
scaled,45,3.9269908169872414,1.25,1,0,1500,-0.058818144098634464,-0.007207065194891552,-0.1700233342522162,-0.16281626905732463
scaled,46,4.014257279586958,1.2777777777777777,1,0,1500,-0.059709481522511654,-0.007603513783569625,-0.18500771984186595,-0.17740420605829632
scaled,47,4.101523742186674,1.3055555555555556,1,0,1500,-0.06040956970328348,-0.008019865663339685,-0.17967324819313152,-0.17165338252979184
scaled,48,4.1887902047863905,1.3333333333333333,1,0,1500,-0.06077946924695359,-0.00845134732429613,-0.15151803153426036,-0.1430666842099642
scaled,49,4.276056667386107,1.361111111111111,1,0,1500,-0.06081393122946497,-0.009002863405310852,-0.10299178093830874,-0.09398891753299789
scaled,50,4.363323129985823,1.3888888888888888,1,0,1500,-0.06062516233334298,-0.009699431677485913,-0.045804185720952316,-0.0361047540434664
scaled,51,4.4505895925855405,1.4166666666666667,1,0,1500,-0.06027076828227165,-0.010490117672067343,-0.004628776531187375,0.005861341140879968
scaled,52,4.537856055185257,1.4444444444444444,1,1,1500,-0.059788008374140514,-0.011549321887241592,0.011770983409696964,0.023320305296938557
scaled,53,4.625122517784973,1.4722222222222223,1,1,1500,-0.05920321872590446,-0.012615590210674906,0.008812465298984476,0.021428055509659382
scaled,54,4.71238898038469,1.5,1,1,1500,-0.05853643479925823,-0.014197588434723447,0.004984829363720427,0.019182417798443874
scaled,55,4.799655442984406,1.5277777777777777,1,1,1500,-0.0578033348486639,-0.01597534725714394,0.0011910011001092858,0.017166348357253225
scaled,56,4.886921905584122,1.5555555555555556,1,0,1500,-0.05701685214207072,-0.01833662887626301,-0.0028845487060706206,0.01545208017019239
scaled,57,4.974188368183839,1.5833333333333333,1,0,1500,-0.05618805955305833,-0.021291216766887777,-0.006423973358232273,0.014867243408655504
scaled,58,5.061454830783555,1.611111111111111,1,0,1500,-0.05532681627120872,-0.02520395664056502,-0.009534551798191902,0.01566940484237312
scaled,59,5.148721293383272,1.6388888888888888,1,0,1500,-0.05444243406039622,-0.030384257366201723,-0.01229700205708686,0.018087255309114862
scaled,60,5.235987755982989,1.6666666666666667,1,0,1500,-0.0535441144173143,-0.037597453888760395,-0.014382811896809773,0.02321464199195062
scaled,61,5.323254218582705,1.6944444444444444,1,0,1500,-0.05264137739862538,-0.04773625902647196,-0.016147682385117976,0.031588576641353984
scaled,62,5.410520681182422,1.7222222222222223,1,0,1500,-0.05174445215342117,-0.0620084114444838,-0.017188451689980795,0.03455600046344037
scaled,63,5.497787143782138,1.75,1,0,1500,-0.05086484261395963,-0.0801155833097249,-0.0172905608183942,0.03357428179556543
scaled,64,5.585053606381854,1.7777777777777777,1,0,1500,-0.05001552551420852,-0.09722974487381628,-0.016455884096286934,0.03355964141792159
scaled,65,5.672320068981571,1.8055555555555556,1,0,1500,-0.04921150314834503,-0.11246727290086904,-0.014631766311419886,0.03457973683692514
scaled,66,5.759586531581287,1.8333333333333333,1,0,1500,-0.048470000884670086,-0.12620155551063483,-0.011700366793024743,0.03676963409164534
scaled,67,5.8468529941810035,1.861111111111111,1,0,1500,-0.04781053242285191,-0.13861589480717276,-0.007820433593599362,0.03999009882925254
scaled,68,5.93411945678072,1.8888888888888888,1,0,1500,-0.04725405694031622,-0.14982865934572617,-0.004083615566477339,0.04317044137383889
scaled,69,6.021385919380437,1.9166666666666667,1,0,1500,-0.04682224919824176,-0.15991949843222605,-0.0034694858466351756,0.04335276335160659
scaled,70,6.1086523819801535,1.9444444444444444,1,0,1500,-0.04653493837449908,-0.1688931947450939,-0.0053603837723292394,0.041174554602169844
scaled,71,6.19591884457987,1.9722222222222223,1,0,1500,-0.046390081214874604,-0.17642687758630168,-0.010846138427670822,0.03554394278720378
