label,sequence,phi,phi_over_pi,policy,metric_name,n_points,T_min,T_max,limit_estimate_deg1,rmse_deg1,limit_estimate_deg2,rmse_deg2
paper_max_T300,A,1.0471975511965976,0.3333333333333333,fixed,v_fit,7,6000,24000,-0.05354409783185706,2.1099234803904796e-10,-0.053544099004805085,1.0951995484228952e-11
paper_max_T300,A,1.0471975511965976,0.3333333333333333,fixed,deltaP_late_mean,7,6000,24000,-0.06578969387189851,2.3913426315496734e-10,-0.06578969265076842,9.520992779634509e-11
paper_max_T300,A,1.0471975511965976,0.3333333333333333,fixed,w_loc3,7,6000,24000,0.5269241458536883,4.83024549008441e-09,0.5269241191649685,5.877679283056808e-10
paper_max_T300,A,1.0471975511965976,0.3333333333333333,fixed,w_loc5,7,6000,24000,0.5539312846246185,1.195359165770826e-09,0.553931278382437,4.1409359896319995e-10
paper_max_T300,A,1.0471975511965976,0.3333333333333333,fixed,P0bar,7,6000,24000,0.15798987458893443,5.1759947876720434e-08,0.15799016270847988,4.845576895000689e-10
paper_max_T300,A,1.0471975511965976,0.3333333333333333,scaled,v_fit,7,6000,24000,-0.053544099063080684,5.210523279456107e-11,-0.0535440993529274,1.9708314527896727e-12
paper_max_T300,A,1.0471975511965976,0.3333333333333333,scaled,deltaP_late_mean,7,6000,24000,-0.06578969452018948,9.785903690880483e-10,-0.06578969117494221,7.723416186841765e-10
paper_max_T300,A,1.0471975511965976,0.3333333333333333,scaled,w_loc3,7,6000,24000,0.5269243916524639,1.705898791275e-06,0.5269218780022128,1.6450508406817354e-06
paper_max_T300,A,1.0471975511965976,0.3333333333333333,scaled,w_loc5,7,6000,24000,0.5539313297747677,3.2232031515637136e-07,0.5539308544476722,3.1080435748380355e-07
paper_max_T300,A,1.0471975511965976,0.3333333333333333,scaled,P0bar,7,6000,24000,0.15798686572957268,2.0628772006425665e-05,0.1580172526449489,1.989343866461834e-05
paper_max_T300,B,1.0471975511965976,0.3333333333333333,fixed,v_fit,7,6000,24000,-0.037607770493115124,8.720575210019749e-08,-0.03760746134178984,6.723552537298464e-08
paper_max_T300,B,1.0471975511965976,0.3333333333333333,fixed,deltaP_late_mean,7,6000,24000,-0.1184889388524607,8.652311571759046e-05,-0.11826435073397067,7.654108056217825e-05
paper_max_T300,B,1.0471975511965976,0.3333333333333333,fixed,w_loc3,7,6000,24000,0.7174904952122557,9.956333887997803e-09,0.7174905264934119,8.218982002990423e-09
paper_max_T300,B,1.0471975511965976,0.3333333333333333,fixed,w_loc5,7,6000,24000,0.7300175767510362,7.800429325331334e-09,0.7300176100525343,5.005913598374233e-09
paper_max_T300,B,1.0471975511965976,0.3333333333333333,fixed,P0bar,7,6000,24000,0.278183645709867,9.485689172873238e-08,0.2781841733741646,3.5775651709885886e-09
paper_max_T300,B,1.0471975511965976,0.3333333333333333,scaled,v_fit,7,6000,24000,-0.037608162096267196,6.673268081183804e-07,-0.037606279040291006,5.752369202898278e-07
paper_max_T300,B,1.0471975511965976,0.3333333333333333,scaled,deltaP_late_mean,7,6000,24000,-0.11873086994962899,0.000349675764940991,-0.11793388109873536,0.000319022373315811
paper_max_T300,B,1.0471975511965976,0.3333333333333333,scaled,w_loc3,7,6000,24000,0.7174905614460104,8.154222761313836e-07,0.7174895938174011,7.96679710386193e-07
paper_max_T300,B,1.0471975511965976,0.3333333333333333,scaled,w_loc5,7,6000,24000,0.730017566102045,1.0035127941746926e-07,0.7300175685910509,1.0035028332929562e-07
paper_max_T300,B,1.0471975511965976,0.3333333333333333,scaled,P0bar,7,6000,24000,0.2781783205425063,3.634217153686333e-05,0.27823196308231907,3.5041328239959e-05
paper_max_T300,ABB,1.0471975511965976,0.3333333333333333,fixed,v_fit,7,6000,24000,0.12009567069763447,2.3639629540070036e-08,0.12009572888476151,2.120313402263558e-08
paper_max_T300,ABB,1.0471975511965976,0.3333333333333333,fixed,deltaP_late_mean,7,6000,24000,0.4009714294264342,2.0852243542554e-05,0.4010163138747204,1.9230280803066733e-05
paper_max_T300,ABB,1.0471975511965976,0.3333333333333333,fixed,w_loc3,7,6000,24000,0.5539765752408807,4.393425105951942e-07,0.5539753810263643,3.834051194323166e-07
paper_max_T300,ABB,1.0471975511965976,0.3333333333333333,fixed,w_loc5,7,6000,24000,0.560587773866462,3.28312740083299e-08,0.560587677134689,2.785565285550882e-08
paper_max_T300,ABB,1.0471975511965976,0.3333333333333333,fixed,P0bar,7,6000,24000,0.1741969732875297,2.9068477492378335e-06,0.17420473428622868,2.5506897977955657e-06
paper_max_T300,ABB,1.0471975511965976,0.3333333333333333,scaled,v_fit,7,6000,24000,0.12009557990510492,1.246535382030394e-07,0.12009549763643267,1.2377436841779428e-07
paper_max_T300,ABB,1.0471975511965976,0.3333333333333333,scaled,deltaP_late_mean,7,6000,24000,0.40094970114787215,0.00010301864476933183,0.4011342502589061,9.75385272276771e-05
paper_max_T300,ABB,1.0471975511965976,0.3333333333333333,scaled,w_loc3,7,6000,24000,0.553977665194977,2.3563379000496895e-06,0.5539698178744872,1.888148243075312e-06
paper_max_T300,ABB,1.0471975511965976,0.3333333333333333,scaled,w_loc5,7,6000,24000,0.5605879318089005,2.0318110951524408e-07,0.5605870892497227,1.3554934111826355e-07
paper_max_T300,ABB,1.0471975511965976,0.3333333333333333,scaled,P0bar,7,6000,24000,0.17418954946752024,1.9659181666521103e-05,0.1742279038321752,1.841227410669193e-05
refined_max_T6000,A,0.9285151620609833,0.29555555555555557,fixed,v_fit,7,6000,24000,-0.052317222717133065,1.9935476487762945e-10,-0.052317223825408335,1.0268492305295015e-11
refined_max_T6000,A,0.9285151620609833,0.29555555555555557,fixed,deltaP_late_mean,7,6000,24000,-0.06452564218621953,4.88564414933958e-10,-0.0645256395014177,7.800672322482845e-11
refined_max_T6000,A,0.9285151620609833,0.29555555555555557,fixed,w_loc3,7,6000,24000,0.4940108104241027,7.084372075735172e-09,0.49401077108890495,5.076636645244948e-10
refined_max_T6000,A,0.9285151620609833,0.29555555555555557,fixed,w_loc5,7,6000,24000,0.5245158650828479,2.742405797372743e-09,0.5245158499497582,3.6129719291654643e-10
refined_max_T6000,A,0.9285151620609833,0.29555555555555557,fixed,P0bar,7,6000,24000,0.1429128091884909,4.610585858456226e-08,0.1429130658450308,1.290387331661215e-10
refined_max_T6000,A,0.9285151620609833,0.29555555555555557,scaled,v_fit,7,6000,24000,-0.05231722393864554,2.0610211649091502e-11,-0.05231722403083605,1.2268326276521178e-11
refined_max_T6000,A,0.9285151620609833,0.29555555555555557,scaled,deltaP_late_mean,7,6000,24000,-0.06452564105426851,8.156156003871543e-10,-0.06452564252694265,7.71519148735515e-10
refined_max_T6000,A,0.9285151620609833,0.29555555555555557,scaled,w_loc3,7,6000,24000,0.49401106730237593,1.85717443890202e-06,0.49400834692773943,1.79172595644829e-06
refined_max_T6000,A,0.9285151620609833,0.29555555555555557,scaled,w_loc5,7,6000,24000,0.5245159130803195,3.9811021123320716e-07,0.5245153379686133,3.8447132284518555e-07
refined_max_T6000,A,0.9285151620609833,0.29555555555555557,scaled,P0bar,7,6000,24000,0.14291008314321005,1.8659355522758987e-05,0.1429375752957535,1.799391551623303e-05
refined_max_T6000,B,0.9285151620609833,0.29555555555555557,fixed,v_fit,7,6000,24000,-0.05233088572743949,6.370678178674126e-08,-0.05233105016326839,5.64445791113118e-08
refined_max_T6000,B,0.9285151620609833,0.29555555555555557,fixed,deltaP_late_mean,7,6000,24000,-0.16884365398875223,6.820729037152921e-05,-0.16889857454534332,6.7489986984527e-05
refined_max_T6000,B,0.9285151620609833,0.29555555555555557,fixed,w_loc3,7,6000,24000,0.5818231137407137,2.1662081065871403e-07,0.5818241368025346,1.14667341887085e-07
refined_max_T6000,B,0.9285151620609833,0.29555555555555557,fixed,w_loc5,7,6000,24000,0.6071483755756009,1.956477620639307e-07,0.6071493056382281,1.0180192066988371e-07
refined_max_T6000,B,0.9285151620609833,0.29555555555555557,fixed,P0bar,7,6000,24000,0.21624212103715365,1.3157278136330475e-07,0.21624282783332413,3.450182974844217e-08
refined_max_T6000,B,0.9285151620609833,0.29555555555555557,scaled,v_fit,7,6000,24000,-0.05232986647932916,8.073321474107405e-07,-0.0523336004163509,4.4929084151116353e-07
refined_max_T6000,B,0.9285151620609833,0.29555555555555557,scaled,deltaP_late_mean,7,6000,24000,-0.16915683729936462,0.0003071779769963537,-0.16855727310765192,0.00028767662579026553
refined_max_T6000,B,0.9285151620609833,0.29555555555555557,scaled,w_loc3,7,6000,24000,0.5818238004945322,6.910882852715286e-07,0.5818238877225518,6.909106175590415e-07
refined_max_T6000,B,0.9285151620609833,0.29555555555555557,scaled,w_loc5,7,6000,24000,0.6071488872993233,4.4708717658083896e-07,0.6071501114465021,3.8926674480720343e-07
refined_max_T6000,B,0.9285151620609833,0.29555555555555557,scaled,P0bar,7,6000,24000,0.21623815000477603,2.8470534228212022e-05,0.21628036370897102,2.744204064113443e-05
refined_max_T6000,ABB,0.9285151620609833,0.29555555555555557,fixed,v_fit,7,6000,24000,0.10815446045726071,6.002947213718534e-09,0.10815443102550602,2.8428608520069243e-09
refined_max_T6000,ABB,0.9285151620609833,0.29555555555555557,fixed,deltaP_late_mean,7,6000,24000,0.3620290761309104,4.1247730517186275e-06,0.3620272422823143,4.111596697066526e-06
refined_max_T6000,ABB,0.9285151620609833,0.29555555555555557,fixed,w_loc3,7,6000,24000,0.5794857852682762,1.9261534270359478e-07,0.5794856581498052,1.9125692058643927e-07
refined_max_T6000,ABB,0.9285151620609833,0.29555555555555557,fixed,w_loc5,7,6000,24000,0.5857162678577483,2.3741399279094152e-08,0.5857162433027908,2.3328024818669298e-08
refined_max_T6000,ABB,0.9285151620609833,0.29555555555555557,fixed,P0bar,7,6000,24000,0.18714382281797387,2.6664926910362963e-06,0.1871545816587404,1.8370629996635757e-06
refined_max_T6000,ABB,0.9285151620609833,0.29555555555555557,scaled,v_fit,7,6000,24000,0.10815446554545473,4.018553451428217e-08,0.10815431409648256,2.957529521677312e-08
refined_max_T6000,ABB,0.9285151620609833,0.29555555555555557,scaled,deltaP_late_mean,7,6000,24000,0.36205048879992485,2.420483580149176e-05,0.3619892818075282,2.1563387073741098e-05
refined_max_T6000,ABB,0.9285151620609833,0.29555555555555557,scaled,w_loc3,7,6000,24000,0.5794859078898765,7.198317770202734e-07,0.5794858633444643,7.19787297259512e-07
refined_max_T6000,ABB,0.9285151620609833,0.29555555555555557,scaled,w_loc5,7,6000,24000,0.5857163735690604,9.174875395663407e-08,0.585716234926455,8.83036797795424e-08
refined_max_T6000,ABB,0.9285151620609833,0.29555555555555557,scaled,P0bar,7,6000,24000,0.18713076535866904,2.887329147773804e-05,0.1872016558756159,2.5913186882282436e-05
pp_primary_mid_T6000,A,1.7535935734890633,0.5581861707899305,fixed,v_fit,7,6000,24000,-0.05983840121812591,5.396610457567425e-10,-0.05983840421638778,3.3719686500273084e-11
pp_primary_mid_T6000,A,1.7535935734890633,0.5581861707899305,fixed,deltaP_late_mean,7,6000,24000,-0.07436686027373315,4.1857697418400456e-10,-0.0743668580534326,1.269734038253454e-10
pp_primary_mid_T6000,A,1.7535935734890633,0.5581861707899305,fixed,w_loc3,7,6000,24000,0.6272429566731801,3.12522276614545e-09,0.6272429392779382,4.666874988132713e-11
pp_primary_mid_T6000,A,1.7535935734890633,0.5581861707899305,fixed,w_loc5,7,6000,24000,0.6436211139071223,4.0997141889551215e-10,0.6436211116323993,3.313320961487025e-11
pp_primary_mid_T6000,A,1.7535935734890633,0.5581861707899305,fixed,P0bar,7,6000,24000,0.20997617258874557,6.896504202563261e-08,0.20997655648902797,4.3136924225244766e-10
pp_primary_mid_T6000,A,1.7535935734890633,0.5581861707899305,scaled,v_fit,7,6000,24000,-0.059838404484962214,1.3256996131310235e-10,-0.05983840522247977,4.678947798720638e-12
pp_primary_mid_T6000,A,1.7535935734890633,0.5581861707899305,scaled,deltaP_late_mean,7,6000,24000,-0.07436686046886466,1.341454477180225e-09,-0.07436685314879303,2.652198335363616e-10
pp_primary_mid_T6000,A,1.7535935734890633,0.5581861707899305,scaled,w_loc3,7,6000,24000,0.6272431272141585,1.1736856735444725e-06,0.6272413960074216,1.1317337307226477e-06
pp_primary_mid_T6000,A,1.7535935734890633,0.5581861707899305,scaled,w_loc5,7,6000,24000,0.6436211347255182,1.4365526475791413e-07,0.643620921937371,1.3847624670134462e-07
pp_primary_mid_T6000,A,1.7535935734890633,0.5581861707899305,scaled,P0bar,7,6000,24000,0.20997217471612747,2.7414573613427165e-05,0.21001255785493328,2.6437329086780397e-05
pp_primary_mid_T6000,B,1.7535935734890633,0.5581861707899305,fixed,v_fit,7,6000,24000,-0.011391649158674017,5.588989139843063e-08,-0.011391697175432466,5.5220259560837e-08
pp_primary_mid_T6000,B,1.7535935734890633,0.5581861707899305,fixed,deltaP_late_mean,7,6000,24000,-0.03466612551869057,7.792185466709231e-05,-0.03467371870710136,7.790991488211207e-05
pp_primary_mid_T6000,B,1.7535935734890633,0.5581861707899305,fixed,w_loc3,7,6000,24000,0.9182661508318849,7.076081783528905e-11,0.918266150519199,4.303418708734563e-11
pp_primary_mid_T6000,B,1.7535935734890633,0.5581861707899305,fixed,w_loc5,7,6000,24000,0.918597081698664,2.7436937981410205e-10,0.9185970832255179,6.867353004175144e-12
pp_primary_mid_T6000,B,1.7535935734890633,0.5581861707899305,fixed,P0bar,7,6000,24000,0.422201850000941,1.3876226257479423e-07,0.4222026224381077,7.374136781066513e-10
pp_primary_mid_T6000,B,1.7535935734890633,0.5581861707899305,scaled,v_fit,7,6000,24000,-0.011390754787330683,8.101304020483857e-07,-0.011394283053021726,5.045673872815249e-07
pp_primary_mid_T6000,B,1.7535935734890633,0.5581861707899305,scaled,deltaP_late_mean,7,6000,24000,-0.03512283062307448,0.0003955520421077551,-0.03404506565018824,0.0003449302384276211
pp_primary_mid_T6000,B,1.7535935734890633,0.5581861707899305,scaled,w_loc3,7,6000,24000,0.9182661567910735,3.605831008894867e-08,0.9182661031707384,3.474794725729947e-08
pp_primary_mid_T6000,B,1.7535935734890633,0.5581861707899305,scaled,w_loc5,7,6000,24000,0.9185970831214391,3.4443079720600445e-10,0.9185970828508552,3.4098371436732233e-10
pp_primary_mid_T6000,B,1.7535935734890633,0.5581861707899305,scaled,P0bar,7,6000,24000,0.4221938134465097,5.512242371332497e-05,0.42227501172300586,5.3157480909866345e-05
pp_primary_mid_T6000,ABB,1.7535935734890633,0.5581861707899305,fixed,v_fit,7,6000,24000,0.0870468875834,6.617863624201987e-07,0.08704935721268453,4.910619991714935e-07
pp_primary_mid_T6000,ABB,1.7535935734890633,0.5581861707899305,fixed,deltaP_late_mean,7,6000,24000,0.2898711480976025,1.9792988065110354e-05,0.2897889460906511,1.3179753274620635e-05
pp_primary_mid_T6000,ABB,1.7535935734890633,0.5581861707899305,fixed,w_loc3,7,6000,24000,0.08324083875033239,9.681433005994883e-06,0.08320296407881575,6.887566737315569e-06
pp_primary_mid_T6000,ABB,1.7535935734890633,0.5581861707899305,fixed,w_loc5,7,6000,24000,0.09262612800248529,1.3094867202440082e-05,0.0925745338498068,9.250577347152762e-06
pp_primary_mid_T6000,ABB,1.7535935734890633,0.5581861707899305,fixed,P0bar,7,6000,24000,0.0180076655795192,4.516902571447573e-07,0.01800533512696897,1.6959755472607937e-07
pp_primary_mid_T6000,ABB,1.7535935734890633,0.5581861707899305,scaled,v_fit,7,6000,24000,0.08704886886366911,4.199842879584672e-06,0.08705595171879077,4.002471367331782e-06
pp_primary_mid_T6000,ABB,1.7535935734890633,0.5581861707899305,scaled,deltaP_late_mean,7,6000,24000,0.2900053273398531,0.00013709031795345418,0.2894213767777556,8.825876698375271e-05
pp_primary_mid_T6000,ABB,1.7535935734890633,0.5581861707899305,scaled,w_loc3,7,6000,24000,0.08327412821300517,5.4889404158990694e-05,0.08305259797324464,3.780418798884701e-05
pp_primary_mid_T6000,ABB,1.7535935734890633,0.5581861707899305,scaled,w_loc5,7,6000,24000,0.09266792559790386,7.409412675306558e-05,0.09236868156990727,5.099238935643711e-05
pp_primary_mid_T6000,ABB,1.7535935734890633,0.5581861707899305,scaled,P0bar,7,6000,24000,0.0180051241108031,1.877138760649192e-06,0.017997847978521525,1.3472890968129977e-06
pp_primary_left_T6000,A,1.733178845836952,0.5516879611545139,fixed,v_fit,7,6000,24000,-0.059712138059723294,4.609614105530237e-10,-0.059712140619137995,3.308948976312742e-11
pp_primary_left_T6000,A,1.733178845836952,0.5516879611545139,fixed,deltaP_late_mean,7,6000,24000,-0.07411370522349477,2.6785999261857103e-10,-0.07411370543149952,2.6524095718288675e-10
pp_primary_left_T6000,A,1.733178845836952,0.5516879611545139,fixed,w_loc3,7,6000,24000,0.6260099017175097,3.114988404216019e-09,0.6260098843881111,1.0998132847366566e-10
pp_primary_left_T6000,A,1.733178845836952,0.5516879611545139,fixed,w_loc5,7,6000,24000,0.6425120275917762,4.0358286426185944e-10,0.6425120253657396,5.451301800287299e-11
pp_primary_left_T6000,A,1.733178845836952,0.5516879611545139,fixed,P0bar,7,6000,24000,0.20927746861131166,6.872660009430387e-08,0.20927785118678907,3.506619700390404e-10
pp_primary_left_T6000,A,1.733178845836952,0.5516879611545139,scaled,v_fit,7,6000,24000,-0.05971214090327799,1.0497106364144104e-10,-0.059712141477132205,1.9799158343876333e-11
pp_primary_left_T6000,A,1.733178845836952,0.5516879611545139,scaled,deltaP_late_mean,7,6000,24000,-0.07411370479317757,1.8468576588263991e-09,-0.07411371045341963,1.5417501726048272e-09
pp_primary_left_T6000,A,1.733178845836952,0.5516879611545139,scaled,w_loc3,7,6000,24000,0.626010073030064,1.1801345209894183e-06,0.6260083345615958,1.1380630847082668e-06
pp_primary_left_T6000,A,1.733178845836952,0.5516879611545139,scaled,w_loc5,7,6000,24000,0.6425120485275163,1.4511150657111897e-07,0.6425118347988749,1.3994013119759086e-07
pp_primary_left_T6000,A,1.733178845836952,0.5516879611545139,scaled,P0bar,7,6000,24000,0.20927348404024043,2.732352365737684e-05,0.2093137335890363,2.6349498581561163e-05
pp_primary_left_T6000,B,1.733178845836952,0.5516879611545139,fixed,v_fit,7,6000,24000,-0.011644715868346879,4.2665076875081235e-08,-0.011644678562402781,4.213546023356434e-08
pp_primary_left_T6000,B,1.733178845836952,0.5516879611545139,fixed,deltaP_late_mean,7,6000,24000,-0.03544424372421333,6.739869183050449e-05,-0.03536472402624767,6.58674857032882e-05
pp_primary_left_T6000,B,1.733178845836952,0.5516879611545139,fixed,w_loc3,7,6000,24000,0.9164407799906256,5.01654378539141e-11,0.9164407801753724,3.761834531542827e-11
pp_primary_left_T6000,B,1.733178845836952,0.5516879611545139,fixed,w_loc5,7,6000,24000,0.9167963676026258,2.9616294593572793e-10,0.9167963692509027,6.305750278506165e-12
pp_primary_left_T6000,B,1.733178845836952,0.5516879611545139,fixed,P0bar,7,6000,24000,0.42057393335372184,1.384207887461705e-07,0.4205747038867916,8.38017357172402e-10
pp_primary_left_T6000,B,1.733178845836952,0.5516879611545139,scaled,v_fit,7,6000,24000,-0.011645424227330921,3.880122465750746e-07,-0.011643515698968956,1.8168448673490227e-07
pp_primary_left_T6000,B,1.733178845836952,0.5516879611545139,scaled,deltaP_late_mean,7,6000,24000,-0.03528356991515995,0.00033677250377935666,-0.03558708163308549,0.0003323296434769708
pp_primary_left_T6000,B,1.733178845836952,0.5516879611545139,scaled,w_loc3,7,6000,24000,0.9164407862275042,3.832424138843489e-08,0.916440729862885,3.696248667239802e-08
pp_primary_left_T6000,B,1.733178845836952,0.5516879611545139,scaled,w_loc5,7,6000,24000,0.9167963690442322,3.537049972613801e-10,0.916796368874759,3.5239235172464127e-10
pp_primary_left_T6000,B,1.733178845836952,0.5516879611545139,scaled,P0bar,7,6000,24000,0.4205659276142987,5.491040226751083e-05,0.42064681458088743,5.295296763067805e-05
pp_primary_left_T6000,ABB,1.733178845836952,0.5516879611545139,fixed,v_fit,7,6000,24000,0.09141279219531742,5.354526384201361e-06,0.09138386579239333,1.29194969463494e-06
pp_primary_left_T6000,ABB,1.733178845836952,0.5516879611545139,fixed,deltaP_late_mean,7,6000,24000,0.32211683264927243,2.3085056519634178e-05,0.3221551145028151,2.2036959279858297e-05
pp_primary_left_T6000,ABB,1.733178845836952,0.5516879611545139,fixed,w_loc3,7,6000,24000,0.10188914759200493,9.368554698429612e-05,0.10140588437876288,3.521999830054899e-05
pp_primary_left_T6000,ABB,1.733178845836952,0.5516879611545139,fixed,w_loc5,7,6000,24000,0.11824394240683068,0.00012274304626258044,0.11761203089083548,4.6689376442336565e-05
pp_primary_left_T6000,ABB,1.733178845836952,0.5516879611545139,fixed,P0bar,7,6000,24000,0.023668508616990297,2.4777066877673816e-05,0.02353949124727996,8.760532489303216e-06
pp_primary_left_T6000,ABB,1.733178845836952,0.5516879611545139,scaled,v_fit,7,6000,24000,0.09138552866319732,8.51926075321341e-06,0.09142418034532636,4.936332589307201e-06
pp_primary_left_T6000,ABB,1.733178845836952,0.5516879611545139,scaled,deltaP_late_mean,7,6000,24000,0.321946052111636,0.00013012953659338823,0.32243468167704314,9.60669352778288e-05
pp_primary_left_T6000,ABB,1.733178845836952,0.5516879611545139,scaled,w_loc3,7,6000,24000,0.10173119687629614,0.0003561290435661761,0.10020328000140351,0.000226917855154882
pp_primary_left_T6000,ABB,1.733178845836952,0.5516879611545139,scaled,w_loc5,7,6000,24000,0.11803732745547013,0.00046644181790260643,0.11603852403119315,0.00029772610983401266
pp_primary_left_T6000,ABB,1.733178845836952,0.5516879611545139,scaled,P0bar,7,6000,24000,0.023648932780471758,9.934660994979638e-05,0.023204738926956174,5.918224279119995e-05
pp_primary_right_T6000,A,1.7740083011411747,0.5646843804253472,fixed,v_fit,7,6000,24000,-0.05995899201542831,5.869760517761677e-10,-0.05995899527689406,3.5716466172903046e-11
pp_primary_right_T6000,A,1.7740083011411747,0.5646843804253472,fixed,deltaP_late_mean,7,6000,24000,-0.07461895446044198,3.0405258246160246e-10,-0.07461895276909539,1.1557949776749434e-11
pp_primary_right_T6000,A,1.7740083011411747,0.5646843804253472,fixed,w_loc3,7,6000,24000,0.6283971199336206,2.9190909073033972e-09,0.6283971036868307,5.5313496715825264e-11
pp_primary_right_T6000,A,1.7740083011411747,0.5646843804253472,fixed,w_loc5,7,6000,24000,0.6446594950386957,3.020182436148522e-10,0.6446594933632918,2.5154681830241103e-11
pp_primary_right_T6000,A,1.7740083011411747,0.5646843804253472,fixed,P0bar,7,6000,24000,0.2106316009832493,6.923674922831124e-08,0.21063198639786931,3.760590123365617e-10
pp_primary_right_T6000,A,1.7740083011411747,0.5646843804253472,scaled,v_fit,7,6000,24000,-0.05995899548433045,1.6403104035557714e-10,-0.05995899639599414,9.234347513799813e-12
pp_primary_right_T6000,A,1.7740083011411747,0.5646843804253472,scaled,deltaP_late_mean,7,6000,24000,-0.07461895634309765,2.284236211608898e-09,-0.07461894543000684,1.1723803699015748e-09
pp_primary_right_T6000,A,1.7740083011411747,0.5646843804253472,scaled,w_loc3,7,6000,24000,0.6283972903356483,1.1673519014871519e-06,0.628395569566995,1.1256804189708467e-06
pp_primary_right_T6000,A,1.7740083011411747,0.5646843804253472,scaled,w_loc5,7,6000,24000,0.6446595160900046,1.4215345156696236e-07,0.6446593060746434,1.3705572438208016e-07
pp_primary_right_T6000,A,1.7740083011411747,0.5646843804253472,scaled,P0bar,7,6000,24000,0.2106275913205458,2.7499880310855534e-05,0.2106680997050221,2.6519615354814326e-05
pp_primary_right_T6000,B,1.7740083011411747,0.5646843804253472,fixed,v_fit,7,6000,24000,-0.011149794076519516,3.541401822484187e-08,-0.011149654935322155,2.5087630756466517e-08
pp_primary_right_T6000,B,1.7740083011411747,0.5646843804253472,fixed,deltaP_late_mean,7,6000,24000,-0.033848632651482455,6.169690387513357e-05,-0.033625804716615186,4.694900901027582e-05
pp_primary_right_T6000,B,1.7740083011411747,0.5646843804253472,fixed,w_loc3,7,6000,24000,0.9200107494527073,9.033205257995038e-11,0.9200107489585153,1.6692115904698392e-11
pp_primary_right_T6000,B,1.7740083011411747,0.5646843804253472,fixed,w_loc5,7,6000,24000,0.9203192162832031,2.612956139575044e-10,0.9203192177376766,2.760141076509652e-12
pp_primary_right_T6000,B,1.7740083011411747,0.5646843804253472,fixed,P0bar,7,6000,24000,0.4237628005186222,1.3918485819765964e-07,0.4237635753074477,7.652928034960149e-10
pp_primary_right_T6000,B,1.7740083011411747,0.5646843804253472,scaled,v_fit,7,6000,24000,-0.011150052866572805,7.216147706423501e-07,-0.011146392776057758,2.9736394767894956e-07
pp_primary_right_T6000,B,1.7740083011411747,0.5646843804253472,scaled,deltaP_late_mean,7,6000,24000,-0.03359400652444661,0.00017689546480707398,-0.0340667459440908,0.00015517775969962541
pp_primary_right_T6000,B,1.7740083011411747,0.5646843804253472,scaled,w_loc3,7,6000,24000,0.9200107547738876,3.3705753953361345e-08,0.9200107043818541,3.24673962742822e-08
pp_primary_right_T6000,B,1.7740083011411747,0.5646843804253472,scaled,w_loc5,7,6000,24000,0.9203192176172273,2.95447182346887e-10,0.920319217377374,2.922884431380806e-10
pp_primary_right_T6000,B,1.7740083011411747,0.5646843804253472,scaled,P0bar,7,6000,24000,0.4237547335470898,5.532637298904165e-05,0.42383623156547295,5.33541938584375e-05
pp_primary_right_T6000,ABB,1.7740083011411747,0.5646843804253472,fixed,v_fit,7,6000,24000,0.08418899773768926,9.521483663345584e-07,0.0841942134614107,1.6944094859108382e-07
pp_primary_right_T6000,ABB,1.7740083011411747,0.5646843804253472,fixed,deltaP_late_mean,7,6000,24000,0.26383279609087273,1.2814065079477714e-05,0.26377794273391464,8.191593148637779e-06
pp_primary_right_T6000,ABB,1.7740083011411747,0.5646843804253472,fixed,w_loc3,7,6000,24000,0.1002014821360169,2.7880466778838573e-06,0.1001972558621301,2.6826871422428332e-06
pp_primary_right_T6000,ABB,1.7740083011411747,0.5646843804253472,fixed,w_loc5,7,6000,24000,0.11379002886167942,3.6663517318191284e-06,0.11378452145323127,3.5303433651320084e-06
pp_primary_right_T6000,ABB,1.7740083011411747,0.5646843804253472,fixed,P0bar,7,6000,24000,0.019974064596984375,1.2691476406644292e-06,0.019971008421922738,1.1442568259728933e-06
pp_primary_right_T6000,ABB,1.7740083011411747,0.5646843804253472,scaled,v_fit,7,6000,24000,0.08420302505779294,7.022933739099971e-06,0.08417506006850976,4.90763137493821e-06
pp_primary_right_T6000,ABB,1.7740083011411747,0.5646843804253472,scaled,deltaP_late_mean,7,6000,24000,0.26372240789311385,5.1731019013805995e-05,0.26388519975494185,4.2671942742934674e-05
pp_primary_right_T6000,ABB,1.7740083011411747,0.5646843804253472,scaled,w_loc3,7,6000,24000,0.10016193224796827,2.2290063961350568e-05,0.10025418092485786,1.490744210494147e-05
pp_primary_right_T6000,ABB,1.7740083011411747,0.5646843804253472,scaled,w_loc5,7,6000,24000,0.11374120796477845,2.9234955298209358e-05,0.11386046439314135,1.989296604182425e-05
pp_primary_right_T6000,ABB,1.7740083011411747,0.5646843804253472,scaled,P0bar,7,6000,24000,0.019967607386480155,4.6877700122400876e-06,0.019983532503735472,3.7136391647655366e-06
