label,phi,phi_over_pi,L,mode_index,eigenphase,abs_eigenvalue_minus_1,w_loc3,w_loc5,P0,ipr,overlap_weight,tail_fit_ok,tail_kappa,tail_rmse_log,tail_d_min,tail_d_max,rank_by_w_loc5
paper_max_T300,1.0471975511965976,0.3333333333333333,120,0,0.1783795134494012,2.4424906541753444e-15,0.989181905181058,0.9986265492688685,0.36197053720857203,0.26812602448508266,0.27862696680213656,1,1.1412150342090133,0.09726414766240403,6,30,1
paper_max_T300,1.0471975511965976,0.3333333333333333,120,1,-2.9632131401403905,2.6645352591003757e-15,0.9891819051810579,0.9986265492688682,0.3619705372085721,0.26812602448508277,0.27862696680213656,1,1.1412150341794525,0.09726414768487593,6,30,2
paper_max_T300,1.0471975511965976,0.3333333333333333,120,3,-0.3913982268093227,0.0,0.9877695280431176,0.996598316154384,0.2425042906977058,0.19821732391248403,0.002166529866993991,1,1.026320250967177,0.15758429164429574,6,30,3
paper_max_T300,1.0471975511965976,0.3333333333333333,120,2,2.750194426780465,3.3306690738754696e-15,0.9877695280431174,0.9965983161543837,0.2425042906977053,0.19821732391248392,0.002166529866993939,1,1.026320250994531,0.15758429161689194,6,30,4
paper_max_T300,1.0471975511965976,0.3333333333333333,120,20,1.663117834962906,1.1102230246251565e-15,0.04806599927886042,0.06414584196925165,0.009666614597407265,0.004269019992115946,0.0046994291144198935,1,0.00046272683054760335,0.044594795813893806,6,30,5
paper_max_T300,1.0471975511965976,0.3333333333333333,120,42,-1.4635678573026885,1.5543122344752192e-15,0.04801984355142265,0.06411073371581942,0.00984457257637424,0.004273347973784715,0.004687793929823481,1,0.0005081843500978365,0.05358751476039148,6,30,6
paper_max_T300,1.0471975511965976,0.3333333333333333,120,34,-1.4934086780011164,5.10702591327572e-15,0.04801435750224654,0.06408497523036398,0.009450179785448858,0.004264052716824897,0.004694511272521236,1,0.00024402796055550402,0.03571977213108794,6,30,7
paper_max_T300,1.0471975511965976,0.3333333333333333,120,22,1.6929018348596858,8.881784197001252e-15,0.0478680011758406,0.06397432195849836,0.00997848998167742,0.004276890038357659,0.004660380137975647,1,0.00029116046967031793,0.056662403079518184,6,30,8
paper_max_T300,1.0471975511965976,0.3333333333333333,120,16,1.6332269000989994,4.884981308350689e-15,0.047872599105557856,0.06393330595840824,0.00920050376935089,0.004258597653572392,0.004672654748567802,1,4.226685035630832e-05,0.03187379879066,6,30,9
paper_max_T300,1.0471975511965976,0.3333333333333333,120,60,-1.4338460143116547,4.3298697960381105e-15,0.04760241479091374,0.06373088320994609,0.010062530700566173,0.004279508613653464,0.004618341770842327,1,2.7214975527989715e-05,0.05903684548862009,6,30,10
paper_max_T300,1.0471975511965976,0.3333333333333333,120,26,-1.5233417879547202,2.4424906541753444e-15,0.04764820037932157,0.0636961166616829,0.008922468248860936,0.004252808115251394,0.004633849792904076,1,0.0,0.02548471827933659,6,30,11
paper_max_T300,1.0471975511965976,0.3333333333333333,120,14,1.6032606075670475,1.5543122344752192e-15,0.04734843995044178,0.06337902912813856,0.008620590005867157,0.0042468365607555465,0.004578433000922726,1,0.0,0.01342623423100064,6,30,12
paper_max_T300,1.0471975511965976,0.3333333333333333,120,49,1.7225576257190232,4.551914400963142e-15,0.04721500850000544,0.0633741825464925,0.010090697859359852,0.004281081792981598,0.0045631771787436656,1,0.0,0.06633099370270597,6,30,13
paper_max_T300,1.0471975511965976,0.3333333333333333,120,28,-1.5533314188693006,1.7763568394002505e-15,0.04698039043145075,0.06298816111243302,0.008299018084408829,0.004240832162472225,0.00450704676996091,1,0.0,0.002657694503785373,6,30,14
paper_max_T300,1.0471975511965976,0.3333333333333333,120,62,-1.4042587642139504,2.6645352591003757e-15,0.0466980312395668,0.06289759746754776,0.010057036346676306,0.00428151437490747,0.004496665341849275,1,0.00022103125711548649,0.07231062632220987,6,30,15
paper_max_T300,1.0471975511965976,0.3333333333333333,120,12,1.5732581210942416,1.1102230246251565e-15,0.046550890514287624,0.06253019578853825,0.007961537394376487,0.004234938687735075,0.004420593214043169,1,4.413317749721246e-05,0.001186489204395694,6,30,16
paper_max_T300,1.0471975511965976,0.3333333333333333,160,1,0.17837951344940695,3.552713678800501e-15,0.9891819051810578,0.9986265492688684,0.36197053720857136,0.2681260244850825,0.2786269668021361,1,1.1396919529635232,0.08304216306220094,6,40,1
paper_max_T300,1.0471975511965976,0.3333333333333333,160,0,-2.963213140140391,2.886579864025407e-15,0.9891819051810576,0.9986265492688682,0.36197053720857225,0.2681260244850826,0.2786269668021368,1,1.1396919483588346,0.08304217078977007,6,40,2
paper_max_T300,1.0471975511965976,0.3333333333333333,160,2,2.750194426780469,2.220446049250313e-15,0.9877695280431171,0.9965983161543838,0.24250429069770502,0.1982173239124838,0.0021665298669940273,1,1.02362803304321,0.1348027898076379,6,40,3
paper_max_T300,1.0471975511965976,0.3333333333333333,160,3,-0.39139822680932634,4.884981308350689e-15,0.9877695280431171,0.9965983161543837,0.2425042906977054,0.19821732391248392,0.0021665298669940377,1,1.0236280300107987,0.13480279387244595,6,40,4
paper_max_T300,1.0471975511965976,0.3333333333333333,160,389,-0.7993065282266509,1.1102230246251565e-15,0.023563140764839775,0.046445167283674725,0.00039496089014951554,0.004390560485689189,0.0003174497620647217,1,0.001674362428767588,0.6766610394865782,6,40,5
paper_max_T300,1.0471975511965976,0.3333333333333333,160,433,2.326986018449621,1.6653345369377348e-15,0.025067355062907016,0.045643646908233526,0.0004719115186555791,0.004336700617608284,0.0003620289176950074,1,0.0,0.5654862921840071,6,40,6
paper_max_T300,1.0471975511965976,0.3333333333333333,160,97,1.795491118141518,1.7763568394002505e-15,0.03305237195090066,0.045502015765943836,0.007185943395725808,0.003202628456739256,0.002568999707523599,1,0.0003200753776719174,0.08705575104267557,6,40,7
paper_max_T300,1.0471975511965976,0.3333333333333333,160,47,-1.335227666939375,3.552713678800501e-15,0.03298583025101183,0.045476907833006695,0.00721247842786746,0.0032068094502751988,0.002567392075959936,1,0.00047749063254896434,0.089975261394904,6,40,8
paper_max_T300,1.0471975511965976,0.3333333333333333,160,50,-1.3569985636116042,1.354472090042691e-14,0.03301091598736654,0.04542145309085129,0.00711174059557383,0.003197592979605227,0.002574190391181022,1,0.00013604896995615833,0.08661130009320725,6,40,9
paper_max_T300,1.0471975511965976,0.3333333333333333,160,308,-0.7901072775705933,2.220446049250313e-16,0.02188522271550983,0.04533482816967139,0.0003270806925363777,0.004395621860841737,0.0002761839355619198,1,0.0,0.690703058803459,6,40,10
paper_max_T300,1.0471975511965976,0.3333333333333333,160,113,1.8172196731992427,7.105427357601002e-15,0.032790084882106114,0.04532352128409747,0.007181253187149416,0.003209815427005701,0.0025691327163986366,1,0.00048179742376588475,0.09473693213839592,6,40,11
paper_max_T300,1.0471975511965976,0.3333333333333333,160,96,1.7736699817182873,4.440892098500626e-15,0.03288379767491761,0.04525885775315529,0.007000253769328245,0.0031920385556401896,0.0025827096422057815,1,0.0,0.08316302283974718,6,40,12
paper_max_T300,1.0471975511965976,0.3333333333333333,160,46,-1.3788773027156638,5.440092820663267e-15,0.0326920469812554,0.0450363173095433,0.006861120656452921,0.0031862607565419326,0.0025939617624804122,1,0.0,0.07725600751370383,6,40,13
paper_max_T300,1.0471975511965976,0.3333333333333333,160,57,-1.313534032332742,5.10702591327572e-15,0.03244837530070947,0.04502379952170484,0.007083919310306384,0.0032114253727591803,0.0025734173148609135,1,0.00025494242778736095,0.09642162682706555,6,40,14
paper_max_T300,1.0471975511965976,0.3333333333333333,160,91,1.7517274804660652,4.440892098500626e-16,0.032454079231552434,0.0447729791707044,0.006702695588682105,0.003180491309736604,0.0026071689736266697,1,0.00017779684552784344,0.07448125817460224,6,40,15
paper_max_T300,1.0471975511965976,0.3333333333333333,160,424,-0.808733561126776,3.1086244689504383e-15,0.02302646477536742,0.04472206281703667,0.000651038023664374,0.004398226621077062,0.00037353329112165353,1,0.0,0.63075256116597,6,40,16
paper_max_T300,1.0471975511965976,0.3333333333333333,220,1,-2.9632131401403905,3.6637359812630166e-15,0.9891819051810578,0.9986265492688682,0.36197053720857025,0.2681260244850824,0.2786269668021353,1,1.1396919519483493,0.08304216617991803,6,40,1
paper_max_T300,1.0471975511965976,0.3333333333333333,220,0,0.17837951344940534,3.774758283725532e-15,0.9891819051810576,0.9986265492688682,0.3619705372085704,0.26812602448508244,0.2786269668021354,1,1.1396919406770525,0.08304218147561991,6,40,2
paper_max_T300,1.0471975511965976,0.3333333333333333,220,3,-0.3913982268093252,5.551115123125783e-15,0.9877695280431174,0.9965983161543839,0.24250429069770463,0.19821732391248395,0.00216652986699402,1,1.0236280309239618,0.13480279270080836,6,40,3
paper_max_T300,1.0471975511965976,0.3333333333333333,220,2,2.750194426780463,3.3306690738754696e-15,0.9877695280431175,0.9965983161543835,0.24250429069770446,0.1982173239124839,0.0021665298669940073,1,1.0236280325498224,0.13480279046436652,6,40,4
paper_max_T300,1.0471975511965976,0.3333333333333333,220,115,-1.4623423934384483,6.661338147750939e-16,0.026415248973805545,0.0352901335447488,0.005420384437760265,0.0023084204879212818,0.0025558463216829633,1,0.0,0.04955191474066441,6,40,5
paper_max_T300,1.0471975511965976,0.3333333333333333,220,69,1.6874545881729197,2.1094237467877974e-15,0.026407509014332427,0.03528557344510727,0.005472430147286636,0.0023097469812019857,0.0025608483554493263,1,0.0,0.05459961483319206,6,40,6
paper_max_T300,1.0471975511965976,0.3333333333333333,220,66,1.6710368845632313,1.5543122344752192e-15,0.026395721428344145,0.03526831970883949,0.005357931787124141,0.002307003091213933,0.002548904664061935,1,1.2026606648434667e-05,0.04615746358049752,6,40,7
paper_max_T300,1.0471975511965976,0.3333333333333333,220,121,-1.4459430065862222,2.220446049250313e-15,0.026368121754889614,0.035250474808454446,0.005512121940338082,0.002310947472950242,0.002563775438991341,1,3.3764658779961955e-05,0.0588313365732011,6,40,8
paper_max_T300,1.0471975511965976,0.3333333333333333,220,110,-1.478777863807306,6.661338147750939e-16,0.026353051573275305,0.03522401395206969,0.005286863414210122,0.002305527765446667,0.0025401460712791432,1,9.912415150647968e-05,0.04459634745178038,6,40,9
paper_max_T300,1.0471975511965976,0.3333333333333333,220,70,1.7038353142157203,5.10702591327572e-15,0.026292550717378158,0.03518047768646692,0.00553739206584865,0.0023119861885496805,0.002564480288924396,1,0.00013404893583567098,0.06068481112405879,6,40,10
paper_max_T300,1.0471975511965976,0.3333333333333333,220,64,1.6545844129268095,6.439293542825908e-15,0.026291042156967467,0.03516075874406565,0.005208793110077143,0.0023040244328204986,0.0025296801215605865,1,0.00016923639004429002,0.04249269952363892,6,40,11
paper_max_T300,1.0471975511965976,0.3333333333333333,220,100,-1.4952463559893574,2.4424906541753444e-15,0.0262131306577973,0.035081724743987866,0.0051251463881577,0.002302519451312995,0.0025176029183655163,1,0.00018556379656256523,0.038049489395033304,6,40,12
paper_max_T300,1.0471975511965976,0.3333333333333333,220,124,-1.4295811015276265,3.774758283725532e-15,0.026176234384259835,0.03507114869436163,0.005546102348653129,0.002312828726533874,0.0025628046936134485,1,0.00025198849960639567,0.06127207668779057,6,40,13
paper_max_T300,1.0471975511965976,0.3333333333333333,220,62,1.6381010885266007,1.3322676295501878e-15,0.026122366263930268,0.03498969763486648,0.005037158013728941,0.0023010354176995537,0.0025039967939949567,1,0.0001490322006248866,0.03205826314423151,6,40,14
paper_max_T300,1.0471975511965976,0.3333333333333333,220,72,1.7201783846041205,2.4424906541753444e-15,0.026014752112409025,0.0349181390440187,0.005536110835546655,0.0023134447461390806,0.002558581016006137,1,0.0003714363745250671,0.06312324857643604,6,40,15
paper_max_T300,1.0471975511965976,0.3333333333333333,220,93,-1.5117431295744292,3.3306690738754696e-15,0.026021401955961643,0.03488707912876702,0.004945875771731514,0.0022995911965601698,0.0024889300943348657,1,8.812438196016651e-05,0.027160611735295947,6,40,16
paper_max_T300,1.0471975511965976,0.3333333333333333,300,0,0.17837951344939998,1.3322676295501878e-15,0.9891819051810578,0.9986265492688683,0.3619705372085699,0.2681260244850822,0.2786269668021353,1,1.1396919399442111,0.08304217956878365,6,40,1
paper_max_T300,1.0471975511965976,0.3333333333333333,300,1,-2.96321314014039,6.661338147750939e-15,0.9891819051810579,0.9986265492688682,0.3619705372085714,0.2681260244850826,0.2786269668021361,1,1.1396919370477259,0.08304218643216411,6,40,2
paper_max_T300,1.0471975511965976,0.3333333333333333,300,2,2.750194426780467,1.3322676295501878e-15,0.9877695280431175,0.9965983161543839,0.24250429069770538,0.19821732391248403,0.002166529866993987,1,1.0236280309906132,0.13480279255550953,6,40,3
paper_max_T300,1.0471975511965976,0.3333333333333333,300,3,-0.3913982268093244,5.329070518200751e-15,0.9877695280431174,0.9965983161543837,0.24250429069770424,0.19821732391248367,0.0021665298669939956,1,1.0236280342655895,0.134802788084421,6,40,4
paper_max_T300,1.0471975511965976,0.3333333333333333,300,164,-1.4968020970102494,1.7763568394002505e-15,0.019557798206025857,0.02607094763859782,0.003822581893393775,0.0016845537428783267,0.001976871692322964,1,0.00017326506930354763,0.036104307594403307,6,40,5
paper_max_T300,1.0471975511965976,0.3333333333333333,300,57,1.6508560496023725,3.9968028886505635e-15,0.019551587165787126,0.026066986534105826,0.003852614420921619,0.0016850577259031854,0.001985117428683278,1,0.00018137629397788183,0.040138961549257376,6,40,6
paper_max_T300,1.0471975511965976,0.3333333333333333,300,54,1.6387221483769312,1.3322676295501878e-15,0.01955074163474728,0.026061608625690288,0.003787813476234093,0.0016840231648813113,0.001967605313298574,1,0.00014079379708298537,0.03167555721794964,6,40,7
paper_max_T300,1.0471975511965976,0.3333333333333333,300,159,-1.4846742429776674,8.881784197001252e-16,0.019530488721723412,0.026048173653705098,0.0038772386483361208,0.0016855264612875146,0.0019922411461388923,1,0.00015776527915247325,0.042973165229901064,6,40,8
paper_max_T300,1.0471975511965976,0.3333333333333333,300,153,-1.5089415896997955,3.3306690738754696e-15,0.019531941744770926,0.02604042587097458,0.003748930440986665,0.0016834742568912367,0.001957409575137668,1,9.6658060447037e-05,0.02799308766784571,6,40,9
paper_max_T300,1.0471975511965976,0.3333333333333333,300,61,1.6629774438645053,0.0,0.019492808614545616,0.026012881198512364,0.0038957372781061234,0.0016859511463590887,0.0019981318222249715,1,0.00010576363294479252,0.0445553422966297,6,40,10
paper_max_T300,1.0471975511965976,0.3333333333333333,300,50,1.6265775641918097,1.7763568394002505e-15,0.019502811407039702,0.026008746323197524,0.003706498825676282,0.001682914723426566,0.0019463654348606829,1,5.255042434272538e-05,0.025692819835295932,6,40,11
paper_max_T300,1.0471975511965976,0.3333333333333333,300,150,-1.5210907216495513,5.773159728050814e-15,0.019464640742594908,0.025967797815930584,0.003661027222422421,0.001682351592790892,0.001934543484667246,1,1.5626085672824564e-05,0.024255561065959292,6,40,12
paper_max_T300,1.0471975511965976,0.3333333333333333,300,169,-1.4725596808812813,3.3306690738754696e-15,0.019436804652094963,0.025959429804052057,0.003907356775351671,0.0016863231371372469,0.002002669458801352,1,3.989719312373856e-05,0.04559781093573882,6,40,13
paper_max_T300,1.0471975511965976,0.3333333333333333,300,46,1.6144244702084527,2.220446049250313e-16,0.01941858981140047,0.02591868324145774,0.0036129661622296355,0.0016817911496922297,0.001922004089324265,1,0.0,0.022479811428832777,6,40,14
paper_max_T300,1.0471975511965976,0.3333333333333333,300,65,1.6750848363927742,1.5543122344752192e-15,0.019360718931807807,0.025886118792555538,0.003911318589162808,0.0016866343310023898,0.002005725977165662,1,0.0,0.04716474631590322,6,40,15
paper_max_T300,1.0471975511965976,0.3333333333333333,300,152,-1.5332471527389824,2.220446049250313e-15,0.01936568472960316,0.025862377992275035,0.003562708820213226,0.0016812389076330278,0.0019087976791684678,1,0.0,0.01948640189342856,6,40,16
refined_max_T6000,0.9285151620609833,0.29555555555555557,120,1,-3.0753520641515713,1.9984014443252818e-15,0.990271596970646,0.9987865133978124,0.365973569012874,0.27341222087226263,0.29253045804306577,1,1.16484119313511,0.10808532752322027,6,30,1
refined_max_T6000,0.9285151620609833,0.29555555555555557,120,0,0.06624058943822328,6.661338147750939e-16,0.990271596970646,0.9987865133978124,0.3659735690128733,0.27341222087226263,0.2925304580430655,1,1.1648411929459397,0.10808532765286892,6,30,2
refined_max_T6000,0.9285151620609833,0.29555555555555557,120,51,2.656496149073897,4.884981308350689e-15,0.9817170283212979,0.9945756709854459,0.2185759145053371,0.18545681061410046,0.0007863817003965321,1,0.931020809431608,0.1334895783255015,6,30,3
refined_max_T6000,0.9285151620609833,0.29555555555555557,120,52,-0.4850965045159027,1.0103029524088925e-14,0.981717028321298,0.9945756709854457,0.21857591450533737,0.18545681061410063,0.0007863817003965698,1,0.9310208094226731,0.13348957833884825,6,30,4
refined_max_T6000,0.9285151620609833,0.29555555555555557,120,38,1.570318119420074,8.881784197001252e-16,0.0495003038584161,0.06550945813925857,0.009940289630523189,0.0042713292862039225,0.0043801026115207475,1,3.658920022248321e-05,0.0010215241662100637,6,30,5
refined_max_T6000,0.9285151620609833,0.29555555555555557,120,12,-1.5862230475859678,2.220446049250313e-16,0.04952123309886311,0.06548967249619682,0.009715658557323252,0.00427001346992056,0.0044170245648623395,1,1.548566604145442e-05,0.004686197676021084,6,30,6
refined_max_T6000,0.9285151620609833,0.29555555555555557,120,14,-1.556317465760473,3.885780586188048e-15,0.049396915224222425,0.06544031234736389,0.010131472983820654,0.004272201196194323,0.004325051451885463,1,1.0493759123130251e-05,0.0054376374246578995,6,30,7
refined_max_T6000,0.9285151620609833,0.29555555555555557,120,36,1.5404350216556069,1.5543122344752192e-15,0.049454709213029045,0.0653762417310019,0.00945801816370506,0.004268219069652825,0.004434363430537619,1,0.0,0.01583368381985052,6,30,8
refined_max_T6000,0.9285151620609833,0.29555555555555557,120,40,1.60023549353696,1.5543122344752192e-15,0.04921671178411409,0.0652884847455574,0.01028910612138454,0.004272685686647893,0.004253717933070641,1,0.0,0.01571920528846439,6,30,9
refined_max_T6000,0.9285151620609833,0.29555555555555557,120,10,-1.61607298478875,6.661338147750939e-16,0.04929676691618816,0.06516643372362083,0.009168254099618176,0.004265942219661796,0.004431110958550937,1,4.0499079161595756e-05,0.025755811714652698,6,30,10
refined_max_T6000,0.9285151620609833,0.29555555555555557,120,16,-1.5263987458087822,5.773159728050814e-15,0.04896552116242428,0.06506114933061773,0.010413267497809527,0.004272850502902565,0.00416828082275056,1,3.573593980682487e-05,0.023374667796719897,6,30,11
refined_max_T6000,0.9285151620609833,0.29555555555555557,120,34,1.5106286534328126,1.1102230246251565e-16,0.049044722089545766,0.06485973141639442,0.008847761470317973,0.004263216559974789,0.00440674256913463,1,0.00019204191366496928,0.03025171485935939,6,30,12
refined_max_T6000,0.9285151620609833,0.29555555555555557,120,42,1.6301456278642004,1.2212453270876722e-15,0.04864883169220761,0.06476568032222035,0.010504026420604261,0.004272763310941844,0.004071187196093903,1,0.00017209111297373058,0.02612495371892411,6,30,13
refined_max_T6000,0.9285151620609833,0.29555555555555557,120,8,-1.6458258924354696,3.885780586188048e-15,0.048697271161271684,0.06445782256015155,0.008498456825086374,0.004260117008920689,0.0043612355453173995,1,0.00042863372301447814,0.03595288578457009,6,30,14
refined_max_T6000,0.9285151620609833,0.29555555555555557,120,18,-1.4965063362120599,5.662137425588298e-15,0.048271250553772065,0.0644088713222984,0.010561228626991454,0.004272480239280882,0.003965090335374683,1,0.00036237611665194594,0.030881411683244226,6,30,15
refined_max_T6000,0.9285151620609833,0.29555555555555557,120,44,1.6600122457041182,0.0,0.047835979548006405,0.06399615658245099,0.010584271935246733,0.004272034904234795,0.0038527904912984486,1,0.0004792152660815183,0.03900235119470895,6,30,16
refined_max_T6000,0.9285151620609833,0.29555555555555557,160,0,-3.075352064151571,1.7763568394002505e-15,0.990271596970646,0.9987865133978124,0.3659735690128734,0.27341222087226275,0.29253045804306516,1,1.1633567089473873,0.0920749939867061,6,40,1
refined_max_T6000,0.9285151620609833,0.29555555555555557,160,1,0.06624058943822522,5.329070518200751e-15,0.990271596970646,0.9987865133978123,0.3659735690128726,0.27341222087226247,0.29253045804306477,1,1.1633567645700356,0.09207492230120325,6,40,2
refined_max_T6000,0.9285151620609833,0.29555555555555557,160,2,2.6564961490738908,5.995204332975845e-15,0.981717028321298,0.994575670985446,0.2185759145053368,0.18545681061410083,0.0007863817003965807,1,0.9285787801461999,0.1143793113080649,6,40,3
refined_max_T6000,0.9285151620609833,0.29555555555555557,160,3,-0.48509650451590697,2.4424906541753444e-15,0.9817170283212977,0.9945756709854457,0.21857591450533587,0.18545681061410074,0.0007863817003965799,1,0.9285787802289367,0.11437931114247975,6,40,4
refined_max_T6000,0.9285151620609833,0.29555555555555557,160,429,2.3267313958665103,3.774758283725532e-15,0.022260332945224916,0.044556990598312,0.00046717630038736166,0.004364588593356594,0.00032312764278866603,1,0.0,0.6747621169447504,6,40,5
refined_max_T6000,0.9285151620609833,0.29555555555555557,160,439,-0.8207292465370568,2.6645352591003757e-15,0.02289297895551802,0.044059053072538636,0.0003711631227267677,0.004245782719768961,0.0002990022948583815,1,0.0,0.6279970869165233,6,40,6
refined_max_T6000,0.9285151620609833,0.29555555555555557,160,9,1.5831506014215104,2.55351295663786e-15,0.031832088018859006,0.044032384476246904,0.005538555670044105,0.0031477368813730274,0.00349161708325378,1,3.0771607973390427e-06,0.0025227676780854285,6,40,7
refined_max_T6000,0.9285151620609833,0.29555555555555557,160,396,-0.7995264476551569,1.3322676295501878e-15,0.02024182676851208,0.04403215475576521,0.0003695070610524381,0.004404701423835318,0.0002780185241950987,1,0.0037080210716586913,0.7785324545873439,6,40,8
refined_max_T6000,0.9285151620609833,0.29555555555555557,160,49,-1.569793659316213,4.551914400963142e-15,0.03183286620022138,0.04401482796762093,0.005449140349790783,0.0031475135018751137,0.0034878855032938988,1,1.833873250381912e-05,0.0009760750897302284,6,40,9
refined_max_T6000,0.9285151620609833,0.29555555555555557,160,58,-1.547088470904512,2.220446049250313e-15,0.03175203656949947,0.04396936192496271,0.005599319919151232,0.0031477213756087087,0.0034846229702069466,1,0.0,0.009904396199502232,6,40,10
refined_max_T6000,0.9285151620609833,0.29555555555555557,160,75,-1.7398664789765752,4.218847493575595e-15,0.03199219921461709,0.04396708014542526,0.004252851893727578,0.003166039358710262,0.002472489722031847,1,0.0004361643297013503,0.08331288641234234,6,40,11
refined_max_T6000,0.9285151620609833,0.29555555555555557,160,79,1.390796167153597,5.10702591327572e-15,0.03197696409667773,0.04395090739248357,0.0041144584384894215,0.0031684598645681616,0.002427382875371632,1,0.0001446873101663318,0.08545091184164633,6,40,12
refined_max_T6000,0.9285151620609833,0.29555555555555557,160,38,1.412706344576141,1.1102230246251565e-14,0.03195790592494164,0.04394217809338672,0.004375089162787677,0.003163627264283089,0.002510241372508819,1,0.0005767816249777662,0.07838436598902866,6,40,13
refined_max_T6000,0.9285151620609833,0.29555555555555557,160,7,1.560449863689433,6.661338147750939e-15,0.03175374599169427,0.04391637341495506,0.005332577338253884,0.0031470680695064607,0.0034730301481957814,1,1.3545852179674496e-05,0.004636497381987449,6,40,14
refined_max_T6000,0.9285151620609833,0.29555555555555557,160,78,-1.7616762190348634,6.217248937900877e-15,0.03190944320126857,0.04389132932975682,0.003960720820508243,0.00317096951734115,0.002375350344279607,1,0.0,0.09163451982308483,6,40,15
refined_max_T6000,0.9285151620609833,0.29555555555555557,160,69,-1.7178568732146562,2.886579864025407e-15,0.03187749151876101,0.043878792350089846,0.0044807355077939905,0.0031611694332473904,0.0025404239597042475,1,0.00048512608742022807,0.0705222641265323,6,40,16
refined_max_T6000,0.9285151620609833,0.29555555555555557,220,1,-3.075352064151568,6.8833827526759706e-15,0.9902715969706462,0.9987865133978124,0.36597356901287365,0.27341222087226275,0.29253045804306516,1,1.1633567179239714,0.09207497625893787,6,40,1
refined_max_T6000,0.9285151620609833,0.29555555555555557,220,0,0.06624058943822396,3.774758283725532e-15,0.9902715969706462,0.9987865133978124,0.3659735690128734,0.27341222087226286,0.29253045804306504,1,1.163356749395576,0.09207494056883861,6,40,2
refined_max_T6000,0.9285151620609833,0.29555555555555557,220,3,2.65649614907389,3.774758283725532e-15,0.981717028321298,0.9945756709854459,0.2185759145053373,0.1854568106141007,0.0007863817003965646,1,0.9285787804218707,0.11437931091382472,6,40,3
refined_max_T6000,0.9285151620609833,0.29555555555555557,220,2,-0.48509650451590186,4.6629367034256575e-15,0.9817170283212978,0.9945756709854457,0.21857591450533667,0.18545681061410071,0.0007863817003965737,1,0.9285787799727465,0.1143793115533971,6,40,4
refined_max_T6000,0.9285151620609833,0.29555555555555557,220,22,-1.5959241913058888,2.6645352591003757e-15,0.026728772221854886,0.03554842205060868,0.005113630316267488,0.002300961606342207,0.0023319977678128026,1,0.0,0.012825410247384397,6,40,5
refined_max_T6000,0.9285151620609833,0.29555555555555557,220,60,1.5374274190715342,9.658940314238862e-15,0.026741904825925384,0.035546040640845926,0.005047932773427126,0.00230107147588224,0.00234188556681421,1,3.0198774876868207e-06,0.018347988357489627,6,40,6
refined_max_T6000,0.9285151620609833,0.29555555555555557,220,59,1.5539151305146532,7.438494264988549e-15,0.026708364325490397,0.03554206187728698,0.00517576894662523,0.0023008863175525917,0.0023198555572029244,1,0.0,0.006452405692492548,6,40,7
refined_max_T6000,0.9285151620609833,0.29555555555555557,220,20,-1.6123994611419268,7.771561172376096e-16,0.026746016110858063,0.03553329852143161,0.004978183614673639,0.002301204472438998,0.0023492851079414635,1,3.3756744677322024e-05,0.021673173446191102,6,40,8
refined_max_T6000,0.9285151620609833,0.29555555555555557,220,24,-1.5794264409903616,8.881784197001252e-16,0.02668225505626252,0.03552846713478258,0.005234816465359662,0.0023008566617517432,0.002305690663119869,1,1.021397980758101e-05,0.001665712839702624,6,40,9
refined_max_T6000,0.9285151620609833,0.29555555555555557,220,56,1.570420493105252,6.772360450213455e-15,0.026651812969696213,0.03550899683907215,0.005291197964383136,0.00230088284281174,0.002289729532926734,1,1.5446005567131043e-05,0.0007068662982105997,6,40,10
refined_max_T6000,0.9285151620609833,0.29555555555555557,220,62,1.5209669386342528,1.1102230246251565e-15,0.02673922296560338,0.03550850072137288,0.0049038828435557106,0.0023013492470206134,0.0023539645621538673,1,8.464358828296505e-05,0.02381938218715144,6,40,11
refined_max_T6000,0.9285151620609833,0.29555555555555557,220,25,-1.5629158863097758,1.1102230246251565e-15,0.026618170934326203,0.035484827899932146,0.005345278314635748,0.002300973831940797,0.0022721912821762466,1,9.234740086687547e-06,0.002537974882752712,6,40,12
refined_max_T6000,0.9285151620609833,0.29555555555555557,220,18,-1.6288428913157567,5.773159728050814e-15,0.026719540114618127,0.03546991100355694,0.004824539938312006,0.0023014951086317414,0.002355698985033909,1,0.00014951517315021467,0.027543399276215325,6,40,13
refined_max_T6000,0.9285151620609833,0.29555555555555557,220,82,1.586933855696306,9.547918011776346e-15,0.026582199190998964,0.035456923462406746,0.0053973452417838816,0.0023011370406178944,0.0022532867907779897,1,0.0,0.007594613246195864,6,40,14
refined_max_T6000,0.9285151620609833,0.29555555555555557,220,28,-1.546402034913765,1.9984014443252818e-15,0.026544481590221408,0.03542600368977685,0.0054475930728705374,0.002301378038208457,0.002233218886497745,1,0.0,0.013252305918618833,6,40,15
refined_max_T6000,0.9285151620609833,0.29555555555555557,220,66,1.5045426996809745,1.5543122344752192e-15,0.02668491248412078,0.03541578215808718,0.004739689057258723,0.0023016326035023545,0.002354275588816649,1,0.00020750740820993165,0.03348293122751123,6,40,16
refined_max_T6000,0.9285151620609833,0.29555555555555557,300,1,0.06624058943822336,8.881784197001252e-16,0.9902715969706462,0.9987865133978125,0.36597356901287226,0.27341222087226225,0.2925304580430642,1,1.163356744907138,0.09207495133182726,6,40,1
refined_max_T6000,0.9285151620609833,0.29555555555555557,300,0,-3.0753520641515673,2.4424906541753444e-15,0.9902715969706459,0.9987865133978122,0.365973569012873,0.27341222087226213,0.29253045804306493,1,1.1633567357224817,0.09207496103471027,6,40,2
refined_max_T6000,0.9285151620609833,0.29555555555555557,300,2,2.656496149073893,8.881784197001252e-16,0.9817170283212979,0.9945756709854459,0.21857591450533498,0.1854568106141009,0.0007863817003965429,1,0.9285787802005879,0.11437931118954267,6,40,3
refined_max_T6000,0.9285151620609833,0.29555555555555557,300,3,-0.4850965045159009,1.1324274851176597e-14,0.9817170283212978,0.9945756709854457,0.21857591450533623,0.18545681061410085,0.0007863817003965665,1,0.928578780502477,0.11437931072501786,6,40,4
refined_max_T6000,0.9285151620609833,0.29555555555555557,300,19,-1.5709360801584478,2.6645352591003757e-15,0.020253186707509273,0.026747387611437006,0.00407815182899483,0.0016849109721979942,0.0018228837304671657,1,2.0075355557579507e-05,0.0009546021117816624,6,40,5
refined_max_T6000,0.9285151620609833,0.29555555555555557,300,89,1.564585987360276,3.552713678800501e-15,0.020258760646312296,0.026746284949502923,0.004041323644562409,0.001684825563002877,0.0018294175347340806,1,1.787973506424882e-05,0.0013367738437133376,6,40,6
refined_max_T6000,0.9285151620609833,0.29555555555555557,300,51,1.5767286393549202,1.3322676295501878e-15,0.02024281349608709,0.026743126116371373,0.004112838019638368,0.0016850066288822173,0.0018156863160915925,1,1.5870736539387764e-05,0.00162169527041213,6,40,7
refined_max_T6000,0.9285151620609833,0.29555555555555557,300,74,-1.583075383228705,1.9984014443252818e-15,0.02025922662025233,0.026739500392337523,0.004002296597472192,0.0016847490041598182,0.0018352007215943714,1,1.0842075744964863e-05,0.003916254182477805,6,40,8
refined_max_T6000,0.9285151620609833,0.29555555555555557,300,26,-1.5587908500465644,1.7763568394002505e-15,0.020227832329550895,0.026733713391423823,0.004145402207600071,0.0016851134037717626,0.001807907731129185,1,7.5569939358751455e-06,0.0044576233947310525,6,40,9
refined_max_T6000,0.9285151620609833,0.29555555555555557,300,124,1.552450814687872,6.661338147750939e-16,0.020254165666596945,0.02672661956101262,0.0039609817474954645,0.001684679462440127,0.0018401421173697737,1,3.595501684788652e-06,0.00807682435915812,6,40,10
refined_max_T6000,0.9285151620609833,0.29555555555555557,300,54,1.5888756964697697,3.552713678800501e-15,0.020208310563022962,0.026719249787615806,0.0041758228225407526,0.0016852315588692301,0.00179962556634838,1,0.0,0.008489056870261337,6,40,11
refined_max_T6000,0.9285151620609833,0.29555555555555557,300,116,-1.5952056427179977,6.439293542825908e-15,0.020243055976625634,0.026707139802418803,0.003917262931086597,0.001684614766550356,0.001844146908280114,1,1.4530157985239418e-06,0.012714960639242757,6,40,12
refined_max_T6000,0.9285151620609833,0.29555555555555557,300,30,-1.5466426886722602,5.440092820663267e-15,0.020184185712670808,0.026699715924714325,0.004204032260062417,0.001685360673581091,0.0017909123891974047,1,0.0,0.012657044803942535,6,40,13
refined_max_T6000,0.9285151620609833,0.29555555555555557,300,92,1.54032624280385,7.549516567451064e-15,0.020225280428340778,0.026680478524614023,0.0038710015735609784,0.0016845525123253147,0.001847117285748717,1,8.227958062835796e-06,0.016850953892065663,6,40,14
refined_max_T6000,0.9285151620609833,0.29555555555555557,300,68,1.6010242760216755,2.220446049250313e-16,0.020155260504009773,0.026674966366113415,0.004229912722755035,0.0016854995799383122,0.001781835653441355,1,3.5799553286280243e-06,0.016102822573543757,6,40,15
refined_max_T6000,0.9285151620609833,0.29555555555555557,300,79,-1.607323770934812,6.439293542825908e-15,0.020200133997042673,0.02664598125468308,0.0038220413918193716,0.0016844901742050695,0.001848953194823403,1,2.5691889673924292e-05,0.01984055394547693,6,40,16
pp_primary_mid_T6000,1.7535935734890633,0.5581861707899305,120,0,-2.926581831060431,2.886579864025407e-15,0.9916795526890233,0.9977244896478741,0.22769409056244028,0.2205535142809454,0.032146709131614964,1,1.1310372765246495,0.19259671755231939,6,30,1
pp_primary_mid_T6000,1.7535935734890633,0.5581861707899305,120,1,0.21501082252936082,5.218048215738236e-15,0.9916795526890232,0.9977244896478741,0.22769409056244014,0.22055351428094547,0.032146709131614895,1,1.1310372768014576,0.192596717261402,6,30,2
pp_primary_mid_T6000,1.7535935734890633,0.5581861707899305,120,179,-0.7310042814478064,1.3322676295501878e-15,0.45529011423820204,0.5957256677019275,0.02617438235990098,0.05697004084924725,0.02419559329232995,1,0.15178271222675124,0.028587366512168637,6,30,3
pp_primary_mid_T6000,1.7535935734890633,0.5581861707899305,120,185,2.4105883724282644,3.219646771412954e-15,0.4552898841559922,0.5957253673606719,0.026174369589783003,0.056969983622626105,0.02419558144843851,1,0.1517826074007541,0.028587324157883388,6,30,4
pp_primary_mid_T6000,1.7535935734890633,0.5581861707899305,120,206,-2.4025214919644604,3.774758283725532e-15,0.05092774765051653,0.07884523504147636,0.013901215288579315,0.006066030368110777,0.005980708126008422,1,0.06403117555800278,0.11772116591604398,6,30,5
pp_primary_mid_T6000,1.7535935734890633,0.5581861707899305,120,295,-0.7895986154636956,3.552713678800501e-15,0.06401461157783034,0.07867882496219004,0.011042338319781514,0.005196645844511067,0.006855012714120416,1,0.0009992051108034905,0.4380280711555549,6,30,6
pp_primary_mid_T6000,1.7535935734890633,0.5581861707899305,120,222,0.7404756927021151,4.440892098500626e-16,0.05156155529855813,0.07847829938473577,0.014336879925358658,0.006181459557049263,0.006095515873879612,1,0.04847899946546649,0.12882227694681708,6,30,7
pp_primary_mid_T6000,1.7535935734890633,0.5581861707899305,120,319,-0.8017740983556634,9.103828801926284e-15,0.06718021710578154,0.07805290589591796,0.011956649398503107,0.005577600679122607,0.0073813616668655544,1,0.0,0.6486951703774422,6,30,8
pp_primary_mid_T6000,1.7535935734890633,0.5581861707899305,120,290,2.3473093837269,2.6645352591003757e-15,0.05465206745346567,0.07712957036696859,0.006716163420576006,0.005427148022850803,0.003963073078485131,1,0.0,0.5863267288768284,6,30,9
pp_primary_mid_T6000,1.7535935734890633,0.5581861707899305,120,272,-0.7784151836012222,4.218847493575595e-15,0.0552818029631666,0.07605889200454806,0.007541917363220629,0.005494837101485309,0.004221732318380958,1,0.0,0.3128172509779129,6,30,10
pp_primary_mid_T6000,1.7535935734890633,0.5581861707899305,120,220,0.7379191276007182,5.329070518200751e-15,0.04669669422173242,0.07328780047955864,0.012573341261656207,0.005817360191200285,0.005460103607060385,1,0.03669328925439997,0.13230162221793917,6,30,11
pp_primary_mid_T6000,1.7535935734890633,0.5581861707899305,120,210,-2.399418218659601,6.772360450213455e-15,0.048376580982549516,0.07242164737825266,0.013702228921801276,0.005781148321435911,0.005776181203899815,1,0.018273456142395488,0.14059469609386585,6,30,12
pp_primary_mid_T6000,1.7535935734890633,0.5581861707899305,120,323,-0.8142416300764651,3.1086244689504383e-15,0.058588563727575545,0.07079617152776385,0.009331198305314379,0.0056524764865986616,0.005687257223244678,1,0.0,0.7370355594720701,6,30,13
pp_primary_mid_T6000,1.7535935734890633,0.5581861707899305,120,276,2.3592545673299217,3.1086244689504383e-15,0.04365277362337342,0.06795102023622814,0.003980735828362005,0.004958164430927132,0.0023577331973703313,1,0.0,0.28633020174758245,6,30,14
pp_primary_mid_T6000,1.7535935734890633,0.5581861707899305,120,264,2.3679890881967407,6.217248937900877e-15,0.05208705041056383,0.0675744848596963,0.008946895224723202,0.004710901299785038,0.005888298029609733,1,0.0,0.1346907382578982,6,30,15
pp_primary_mid_T6000,1.7535935734890633,0.5581861707899305,120,326,2.33538140804657,4.773959005888173e-15,0.04930255394335577,0.0671850866423751,0.006499664046864861,0.005022827038084606,0.004111196847162039,1,0.0,0.48444390065764525,6,30,16
pp_primary_mid_T6000,1.7535935734890633,0.5581861707899305,160,1,0.21501082252936068,2.3314683517128287e-15,0.9916795526890231,0.9977244896478741,0.22769409056244017,0.2205535142809453,0.032146709131614784,1,1.128177170845964,0.16427959806080392,6,40,1
pp_primary_mid_T6000,1.7535935734890633,0.5581861707899305,160,0,-2.9265818310604352,2.220446049250313e-16,0.9916795526890231,0.9977244896478741,0.2276940905624401,0.22055351428094536,0.032146709131614846,1,1.1281771814277783,0.1642795832896516,6,40,2
pp_primary_mid_T6000,1.7535935734890633,0.5581861707899305,160,244,2.410588372284792,7.993605777301127e-15,0.4552899995704627,0.5957255180188707,0.026174375995817407,0.0569700123289272,0.024195587389802882,1,0.1520029886434498,0.02421967675093489,6,40,3
pp_primary_mid_T6000,1.7535935734890633,0.5581861707899305,160,245,-0.7310042813043355,5.995204332975845e-15,0.45528999882356064,0.5957255170434999,0.02617437595386385,0.056970012142888625,0.02419558735096223,1,0.15200298790274114,0.024219676389950814,6,40,4
pp_primary_mid_T6000,1.7535935734890633,0.5581861707899305,160,324,2.3530363355636243,7.105427357601002e-15,0.04861627965784533,0.06097686888766355,0.00808179845453379,0.003960016822918787,0.004919995087116166,1,0.0,0.4549628387492179,6,40,5
pp_primary_mid_T6000,1.7535935734890633,0.5581861707899305,160,391,2.3439786573029404,7.771561172376096e-16,0.051101409535221104,0.060888988742979294,0.008878372785756376,0.004130095642829717,0.005445578795726131,1,0.0,0.6032236564720979,6,40,6
pp_primary_mid_T6000,1.7535935734890633,0.5581861707899305,160,209,-2.4032398872941343,3.552713678800501e-15,0.03873399762475689,0.06019538239827722,0.010551177934304254,0.004621971325263969,0.004551569940443168,1,0.059111996488849586,0.1934855775653329,6,40,7
pp_primary_mid_T6000,1.7535935734890633,0.5581861707899305,160,294,0.7393062105696026,8.659739592076221e-15,0.03906799328483833,0.06001784019770845,0.010772247919418934,0.004522626372973097,0.004616453207265779,1,0.033268182155338534,0.2863289140384344,6,40,8
pp_primary_mid_T6000,1.7535935734890633,0.5581861707899305,160,419,2.334578511410959,2.9976021664879227e-15,0.04997806543199984,0.05994579262280797,0.008136090469894117,0.004424206082433617,0.004893079148930798,1,0.0,0.8469776910335974,6,40,9
pp_primary_mid_T6000,1.7535935734890633,0.5581861707899305,160,306,2.3615444240470262,9.769962616701378e-15,0.04237485842844643,0.05916146104941552,0.005506030295523754,0.004309179997841215,0.0029897042210428977,1,0.0,0.4083038827596562,6,40,10
pp_primary_mid_T6000,1.7535935734890633,0.5581861707899305,160,214,-2.401165750303555,0.0,0.037146796166620824,0.056451905788841274,0.010359453684080264,0.004204891415327535,0.004421146868351687,1,0.011636606365574086,0.2603246825404281,6,40,11
pp_primary_mid_T6000,1.7535935734890633,0.5581861707899305,160,283,0.7375502651554684,9.103828801926284e-15,0.03581689779270538,0.056234407887404365,0.009656019588264909,0.004537593338401598,0.004191992288979906,1,0.0547655546299969,0.24129893649369222,6,40,12
pp_primary_mid_T6000,1.7535935734890633,0.5581861707899305,160,327,-0.791917664007904,1.1102230246251565e-14,0.03854126607604569,0.05602113132906622,0.004424549788412189,0.003906353147594872,0.002640137270480876,1,0.0,0.49773065069969413,6,40,13
pp_primary_mid_T6000,1.7535935734890633,0.5581861707899305,160,395,-0.800952533964007,2.4424906541753444e-15,0.03795945919669274,0.05289028314175774,0.004787055283526158,0.003788191783281746,0.00299454192349292,1,0.0,0.4893457626324341,6,40,14
pp_primary_mid_T6000,1.7535935734890633,0.5581861707899305,160,331,-0.7763684643360423,6.328271240363392e-15,0.040931959699773576,0.05255800716405325,0.007054938116179312,0.003555341105294716,0.004595614449144179,1,0.0,0.18406170527248528,6,40,15
pp_primary_mid_T6000,1.7535935734890633,0.5581861707899305,160,292,0.7417250975953928,2.6645352591003757e-15,0.0346662057975386,0.052228525994190714,0.009747411420460702,0.0038782188200331726,0.0041605827019794,1,0.0018327834830090919,0.1772767153786571,6,40,16
pp_primary_mid_T6000,1.7535935734890633,0.5581861707899305,220,1,0.21501082252936243,2.6645352591003757e-15,0.9916795526890234,0.9977244896478742,0.22769409056244017,0.22055351428094552,0.03214670913161475,1,1.1281771952088289,0.16427956688792034,6,40,1
pp_primary_mid_T6000,1.7535935734890633,0.5581861707899305,220,0,-2.9265818310604335,4.9960036108132044e-15,0.991679552689023,0.9977244896478741,0.2276940905624394,0.22055351428094544,0.03214670913161466,1,1.1281771898922481,0.16427957366092613,6,40,2
pp_primary_mid_T6000,1.7535935734890633,0.5581861707899305,220,343,2.4105883722851242,1.1102230246251565e-16,0.45528999919705,0.5957255175312356,0.02617437597484235,0.056970012235916585,0.02419558737038429,1,0.1520029882731346,0.024219676570452132,6,40,3
pp_primary_mid_T6000,1.7535935734890633,0.5581861707899305,220,299,-0.7310042813046683,4.107825191113079e-15,0.45528999919698354,0.5957255175311518,0.026174375974836656,0.05697001223590453,0.024195587370379117,1,0.15200298827302056,0.024219676570399067,6,40,4
pp_primary_mid_T6000,1.7535935734890633,0.5581861707899305,220,534,2.346049109526343,6.661338147750939e-16,0.034048803233383364,0.045830517401089975,0.004637363772090724,0.0031793474559022976,0.0026856877164234834,1,0.0,0.7404976909077242,6,40,5
pp_primary_mid_T6000,1.7535935734890633,0.5581861707899305,220,505,2.352643229073035,1.5543122344752192e-15,0.031813955936492846,0.045156133478952545,0.0038889623189488974,0.00317856199337712,0.0021610182574773058,1,0.0,0.6193803470226457,6,40,6
pp_primary_mid_T6000,1.7535935734890633,0.5581861707899305,220,565,-0.806481105389532,1.1102230246251565e-16,0.03742835982676335,0.04370228379828012,0.0064194054842174105,0.0031744249642407093,0.0038966924621036494,1,0.0,0.7945159245429728,6,40,7
pp_primary_mid_T6000,1.7535935734890633,0.5581861707899305,220,452,-0.7801045737236868,6.217248937900877e-15,0.031913578244566004,0.04242647820980794,0.004825740080854912,0.0028395767584186906,0.0028496271992377604,1,0.0,0.31720603381799256,6,40,8
pp_primary_mid_T6000,1.7535935734890633,0.5581861707899305,220,459,-0.7862329877488192,8.215650382226158e-15,0.03384587508360482,0.04176017305325632,0.005936848229285494,0.002707035290711183,0.0037645733071603273,1,0.0,0.34455659127116783,6,40,9
pp_primary_mid_T6000,1.7535935734890633,0.5581861707899305,220,551,-0.7994985388321466,2.6645352591003757e-15,0.03571865374830603,0.04115053637537725,0.006577210149106001,0.002896275782644186,0.004156576103539045,1,0.0,0.5473111367205394,6,40,10
pp_primary_mid_T6000,1.7535935734890633,0.5581861707899305,220,569,2.339412268605301,4.440892098500626e-16,0.030573476961758852,0.04111915478860451,0.004107656756702807,0.0029262828894324622,0.00249690928654672,1,0.0,0.611424258227207,6,40,11
pp_primary_mid_T6000,1.7535935734890633,0.5581861707899305,220,524,-0.7927063608053901,1.1102230246251565e-15,0.03436805459458222,0.04049260387763721,0.006336454167346831,0.002767496168105969,0.004079251242710172,1,0.0024198523699800723,0.4262486758325187,6,40,12
pp_primary_mid_T6000,1.7535935734890633,0.5581861707899305,220,393,0.7420769734235432,1.5543122344752192e-15,0.026875848246000106,0.04048722229463291,0.0075507930907406495,0.0033723536723396256,0.0031772805395127025,1,0.0,0.23674719486065338,6,40,13
pp_primary_mid_T6000,1.7535935734890633,0.5581861707899305,220,327,-2.400434215444904,3.3306690738754696e-15,0.026075598706141262,0.03992666536616422,0.007179107925841673,0.003133470859623572,0.0030629595168854547,1,0.0014390333255669592,0.2606307517125889,6,40,14
pp_primary_mid_T6000,1.7535935734890633,0.5581861707899305,220,447,2.359167032204674,1.3766765505351941e-14,0.02513822022367839,0.03883816688575665,0.002332393899499731,0.002830252709594543,0.0013075740906593784,1,0.0,0.35112492729029576,6,40,15
pp_primary_mid_T6000,1.7535935734890633,0.5581861707899305,220,332,-2.3984854663973425,7.993605777301127e-15,0.026099199891048898,0.03880434774914729,0.007450623470774742,0.0032166022183598747,0.00311749786653528,1,0.0,0.15580402857464762,6,40,16
pp_primary_mid_T6000,1.7535935734890633,0.5581861707899305,300,0,0.21501082252936204,3.3306690738754696e-15,0.9916795526890232,0.9977244896478742,0.22769409056243992,0.2205535142809455,0.03214670913161473,1,1.128177178319961,0.1642795878114531,6,40,1
pp_primary_mid_T6000,1.7535935734890633,0.5581861707899305,300,1,-2.926581831060438,3.3306690738754696e-16,0.9916795526890232,0.997724489647874,0.22769409056243992,0.2205535142809455,0.032146709131614826,1,1.128177173080732,0.16427959372518475,6,40,2
pp_primary_mid_T6000,1.7535935734890633,0.5581861707899305,300,490,2.410588372285126,5.551115123125783e-16,0.45528999919705043,0.5957255175312338,0.026174375974842994,0.056970012235915635,0.02419558737038466,1,0.15200298827312508,0.02421967657043942,6,40,3
pp_primary_mid_T6000,1.7535935734890633,0.5581861707899305,300,428,-0.7310042813046681,5.329070518200751e-15,0.4552899991969893,0.5957255175311577,0.026174375974838314,0.05697001223590594,0.024195587370380144,1,0.15200298827304753,0.02421967657041924,6,40,4
pp_primary_mid_T6000,1.7535935734890633,0.5581861707899305,300,758,-0.8006879848777242,6.661338147750939e-16,0.027953817087951756,0.03313964243908885,0.004806416006339544,0.0022580971012077953,0.0029246632244251413,1,0.0,0.6966477093093892,6,40,5
pp_primary_mid_T6000,1.7535935734890633,0.5581861707899305,300,556,-2.4019671337577795,7.993605777301127e-15,0.021305793199297526,0.032748116616904965,0.005861142784048308,0.002477956327449637,0.0025088834627697847,1,0.025429383895014403,0.3330474081235621,6,40,6
pp_primary_mid_T6000,1.7535935734890633,0.5581861707899305,300,643,-0.7814498209293305,1.6653345369377348e-15,0.023588012351471534,0.032501086963717514,0.003192395559733816,0.0022791375491593747,0.0017666583059306167,1,0.0,0.4277709987507513,6,40,7
pp_primary_mid_T6000,1.7535935734890633,0.5581861707899305,300,636,-0.7860150824210311,3.3306690738754696e-15,0.025502988392173114,0.03234718053192232,0.004206127540659998,0.0020615649072886653,0.0025656754175764204,1,0.0,0.3859544483874294,6,40,8
pp_primary_mid_T6000,1.7535935734890633,0.5581861707899305,300,767,-0.8057347290265889,2.4424906541753444e-15,0.02589828226586361,0.032213583209508,0.003969837657226231,0.002326047598639247,0.002377844130105444,1,0.0,0.8110068617505363,6,40,9
pp_primary_mid_T6000,1.7535935734890633,0.5581861707899305,300,377,0.7402218567574115,4.218847493575595e-15,0.0211190259239948,0.03216846033032345,0.005871689885929551,0.002429205927315696,0.002501005973377863,1,0.01358573980718065,0.3227201871331461,6,40,10
pp_primary_mid_T6000,1.7535935734890633,0.5581861707899305,300,724,2.348902815554412,5.773159728050814e-15,0.022465722627524148,0.031858523937717806,0.002735020843686055,0.002199376115507386,0.0015892726625140834,1,0.0,0.5999994330481022,6,40,11
pp_primary_mid_T6000,1.7535935734890633,0.5581861707899305,300,746,-0.7956453013713338,1.7763568394002505e-15,0.02681502809479956,0.03178276550243979,0.004776961283168537,0.0021076768926486748,0.002981577361746706,1,0.0,0.515956778152258,6,40,12
pp_primary_mid_T6000,1.7535935734890633,0.5581861707899305,300,379,0.7390814900336826,4.773959005888173e-15,0.020421084686065058,0.03169495738179662,0.005554960314102904,0.002372475072477587,0.002394604657323468,1,0.03737117351781826,0.2549628258870351,6,40,13
pp_primary_mid_T6000,1.7535935734890633,0.5581861707899305,300,719,-0.7907423029538265,6.5503158452884236e-15,0.026097759065125466,0.03166932307018237,0.004587560787421406,0.0020459509668888007,0.0028734118907900843,1,0.0009865214467073568,0.43926932327071366,6,40,14
pp_primary_mid_T6000,1.7535935734890633,0.5581861707899305,300,760,2.3440310582367583,6.994405055138486e-15,0.02193399570078009,0.030529997185809427,0.0027688198603467323,0.00211888935513754,0.0016707515083528202,1,0.0,0.5648060410786082,6,40,15
pp_primary_mid_T6000,1.7535935734890633,0.5581861707899305,300,663,2.3537565643962517,3.552713678800501e-15,0.02039416086111684,0.030300083674362436,0.0021980389157608827,0.002117461229682086,0.001265811136318207,1,0.0,0.4550143173893111,6,40,16
pp_primary_left_T6000,1.733178845836952,0.5516879611545139,120,0,0.1992815304281313,1.3322676295501878e-15,0.991885007376209,0.9977972202204554,0.23064401525459755,0.21988076153688452,0.03072374208960271,1,1.1369056976315668,0.1937642711168128,6,30,1
pp_primary_left_T6000,1.733178845836952,0.5516879611545139,120,1,-2.9423111231616614,4.440892098500626e-16,0.9918850073762087,0.9977972202204551,0.23064401525459644,0.21988076153688454,0.030723742089602563,1,1.1369056975626814,0.19376427116689426,6,30,2
pp_primary_left_T6000,1.733178845836952,0.5516879611545139,120,181,-0.7327665220165841,7.66053886991358e-15,0.37527597096655946,0.5041862326522962,0.017705087910716726,0.04682833885550733,0.016243817006297092,1,0.11793705820532936,0.025848462881458475,6,30,3
pp_primary_left_T6000,1.733178845836952,0.5516879611545139,120,176,2.4088261398344746,3.552713678800501e-15,0.37526925073967693,0.5041772085024696,0.01770478805181644,0.0468266741189413,0.016243539869126078,1,0.11793534823794875,0.02584778823658112,6,30,4
pp_primary_left_T6000,1.733178845836952,0.5516879611545139,120,198,-2.4076887798548867,3.3306690738754696e-16,0.33382455202416417,0.46147754364614696,0.09702037074733053,0.034613639270932285,0.043648104377798556,1,0.0892601369012989,0.01199995043632065,6,30,5
pp_primary_left_T6000,1.733178845836952,0.5516879611545139,120,178,0.7339037561545088,4.440892098500626e-15,0.33370286085595585,0.4613101130240714,0.09698490051912487,0.034589202562152414,0.0436321348492142,1,0.08924021113616624,0.011987424485028871,6,30,6
pp_primary_left_T6000,1.733178845836952,0.5516879611545139,120,314,-0.8022856250341306,2.1094237467877974e-15,0.06363178723714548,0.07899782956824541,0.010164059715829855,0.005653427054697046,0.005978430775196684,1,0.0,0.5399707629602267,6,30,7
pp_primary_left_T6000,1.733178845836952,0.5516879611545139,120,290,-0.7900556717584313,3.4416913763379853e-15,0.057453708420678325,0.0748839373193372,0.008761779083081525,0.005320807331527413,0.005181274492071689,1,0.0,0.3316095417073452,6,30,8
pp_primary_left_T6000,1.733178845836952,0.5516879611545139,120,319,-0.8146332742882942,1.3322676295501878e-15,0.05335075021560538,0.0701178477108376,0.0073521560017069144,0.005448388194718287,0.004310475386674058,1,0.0,0.5686329072990632,6,30,9
pp_primary_left_T6000,1.733178845836952,0.5516879611545139,120,344,2.3192868654523897,1.9984014443252818e-15,0.056354868874553564,0.06829253239544558,0.008955632951784885,0.005654438173128475,0.0053127986035755356,1,0.018376789047199894,0.7102342860821365,6,30,10
pp_primary_left_T6000,1.733178845836952,0.5516879611545139,120,303,2.3470438779291687,1.5543122344752192e-15,0.04469261779454435,0.06828218453499206,0.004237600250648576,0.005192857694612668,0.0023316976110771895,1,0.0,0.3697516264803368,6,30,11
pp_primary_left_T6000,1.733178845836952,0.5516879611545139,120,268,-0.7787034962375338,1.9984014443252818e-15,0.04548427880882805,0.06580686352690585,0.0047024544327161286,0.005805888399575234,0.0022835904872583425,1,0.0,0.19331268152199205,6,30,12
pp_primary_left_T6000,1.733178845836952,0.5516879611545139,120,301,2.3568909963366336,7.771561172376096e-16,0.05246227499357546,0.06544835496266818,0.00967520095442981,0.0051695786396473275,0.006776417749014722,1,0.002861936193565055,0.23847313756937313,6,30,13
pp_primary_left_T6000,1.733178845836952,0.5516879611545139,120,335,2.332203925476966,5.773159728050814e-15,0.05705595628273093,0.06484978049148155,0.010995451655572594,0.005386501493971758,0.00720940459344538,1,0.0,0.49065756729171695,6,30,14
pp_primary_left_T6000,1.733178845836952,0.5516879611545139,120,333,2.3351040401823604,6.661338147750939e-16,0.04334643362971779,0.0638436961154126,0.004821449036460229,0.00483477765229773,0.0029979292934155235,1,0.0,0.3538468258980647,6,30,15
pp_primary_left_T6000,1.733178845836952,0.5516879611545139,120,274,2.3676132996785433,1.3322676295501878e-15,0.04705125539118964,0.06322661605435097,0.0071580624238834,0.0048976166574814725,0.004625108240463045,1,0.0,0.0805295819853035,6,30,16
pp_primary_left_T6000,1.733178845836952,0.5516879611545139,160,0,-2.9423111231616597,3.1086244689504383e-15,0.9918850073762091,0.9977972202204552,0.23064401525459666,0.2198807615368844,0.030723742089602536,1,1.1340259459016098,0.16527763867617515,6,40,1
pp_primary_left_T6000,1.733178845836952,0.5516879611545139,160,1,0.1992815304281344,7.771561172376096e-16,0.9918850073762089,0.9977972202204552,0.23064401525459666,0.21988076153688424,0.030723742089602768,1,1.1340259346411203,0.16527765184932627,6,40,2
pp_primary_left_T6000,1.733178845836952,0.5516879611545139,160,290,2.4088261356674487,2.4424906541753444e-15,0.3752726519490995,0.5041817757693458,0.017704939844743705,0.04682751668419941,0.016243680156198842,1,0.11814645038833686,0.021905032780959142,6,40,3
pp_primary_left_T6000,1.733178845836952,0.5516879611545139,160,208,-0.7327665178494775,2.220446049250313e-16,0.3752725696126327,0.504181665191306,0.01770493611130013,0.04682749624560121,0.016243676713229852,1,0.11814641538022332,0.021905016031327308,6,40,4
pp_primary_left_T6000,1.733178845836952,0.5516879611545139,160,231,0.7339038166711119,3.3306690738754696e-15,0.33376618146199644,0.46139723877274014,0.09700335631208276,0.0346019212271014,0.04364044403800667,1,0.08947688784410483,0.01028500191036829,6,40,5
pp_primary_left_T6000,1.733178845836952,0.5516879611545139,160,214,-2.407688840398639,1.9984014443252818e-15,0.3337611731101329,0.4613903375946858,0.09700189796966138,0.03460090597356687,0.0436397875430306,1,0.08947578131892597,0.010283984464296514,6,40,6
pp_primary_left_T6000,1.733178845836952,0.5516879611545139,160,394,2.343607982634795,3.219646771412954e-15,0.04676390005455119,0.05968875271211957,0.007181550995880777,0.0042104774392738905,0.004166127292033311,1,0.0,0.4808764760559298,6,40,7
pp_primary_left_T6000,1.733178845836952,0.5516879611545139,160,429,2.334244795060889,1.9984014443252818e-15,0.04474259563778261,0.05853978658561335,0.006225404820989379,0.004365626490985819,0.003521770718576251,1,0.0,0.6487015923206746,6,40,8
pp_primary_left_T6000,1.733178845836952,0.5516879611545139,160,338,2.3527098882365047,2.55351295663786e-15,0.04242475308542424,0.056614433672942596,0.006073417816409294,0.004097067716329372,0.003465809458881132,1,0.0,0.33193862749527975,6,40,9
pp_primary_left_T6000,1.733178845836952,0.5516879611545139,160,428,-0.8130260272006941,3.552713678800501e-15,0.04831040876210793,0.0562370289296967,0.00840571616029943,0.004253903053166969,0.005087694181142899,1,0.003962292127668081,0.6489748084905904,6,40,10
pp_primary_left_T6000,1.733178845836952,0.5516879611545139,160,247,-0.7848699575071593,3.9968028886505635e-15,0.04013992892375866,0.05031806570946985,0.007235565253016859,0.0037965514441873124,0.004958795407473067,1,0.0,0.2234646000371029,6,40,11
pp_primary_left_T6000,1.733178845836952,0.5516879611545139,160,341,2.361338659531008,2.4424906541753444e-15,0.033995016246783034,0.05021444019928041,0.003225467288574209,0.004465698374666634,0.0014660563845099272,1,0.0,0.24206583967254577,6,40,12
pp_primary_left_T6000,1.733178845836952,0.5516879611545139,160,243,-0.7920970216943926,1.2434497875801753e-14,0.03178709817583168,0.04960147614361731,0.002792648197262442,0.0037755401419109144,0.0015692430764764017,1,0.0,0.3125537151772359,6,40,13
pp_primary_left_T6000,1.733178845836952,0.5516879611545139,160,403,-0.8031931441279057,8.43769498715119e-15,0.042708826538287434,0.0493369065169113,0.008183809165685325,0.0039702551328021545,0.005465339832890567,1,0.0,0.43808409114064956,6,40,14
pp_primary_left_T6000,1.733178845836952,0.5516879611545139,160,263,-0.7766635450939637,9.103828801926284e-15,0.036785812257724024,0.049135084492123275,0.005622260904419285,0.0036945458354483212,0.003580047740478069,1,0.0,0.11620693375582437,6,40,15
pp_primary_left_T6000,1.733178845836952,0.5516879611545139,160,387,-0.8011534032718193,1.9984014443252818e-15,0.032576624568238115,0.04904544883867548,0.003370713459162837,0.003649089188032509,0.0020562629217137614,1,0.0,0.3407777410443524,6,40,16
pp_primary_left_T6000,1.733178845836952,0.5516879611545139,220,1,0.19928153042813185,2.220446049250313e-15,0.9918850073762091,0.9977972202204555,0.23064401525459724,0.21988076153688466,0.03072374208960271,1,1.134025902949942,0.16527769119046215,6,40,1
pp_primary_left_T6000,1.733178845836952,0.5516879611545139,220,0,-2.942311123161661,2.7755575615628914e-15,0.991885007376209,0.9977972202204552,0.23064401525459702,0.21988076153688452,0.03072374208960274,1,1.1340259369951515,0.1652776495721683,6,40,2
pp_primary_left_T6000,1.733178845836952,0.5516879611545139,220,281,2.4088261357038636,4.440892098500626e-16,0.3752726108236111,0.5041817205375678,0.01770493798004608,0.04682750647549553,0.01624367843655506,1,0.11814643289706842,0.021905024411979227,6,40,3
pp_primary_left_T6000,1.733178845836952,0.5516879611545139,220,343,-0.7327665178858839,8.881784197001252e-15,0.37527261073814033,0.5041817204231106,0.017704937975997818,0.046827506454308596,0.016243678432873478,1,0.1181464328715209,0.021905024399904705,6,40,4
pp_primary_left_T6000,1.733178845836952,0.5516879611545139,220,345,-2.4076888386497117,7.993605777301127e-15,0.3337636938592458,0.46139381108349475,0.0970026319531352,0.0346014169883833,0.04364011795862915,1,0.08947633714777785,0.010284495295457802,6,40,5
pp_primary_left_T6000,1.733178845836952,0.5516879611545139,220,347,0.7339038149221591,5.551115123125783e-15,0.33376366062253227,0.4613937651593724,0.09700262230230801,0.03460141018938273,0.043640113610568965,1,0.0894763320113351,0.010284490546645255,6,40,6
pp_primary_left_T6000,1.733178845836952,0.5516879611545139,220,569,-0.8067511597521317,6.217248937900877e-15,0.03482344044304213,0.04395891754327101,0.005232052887472138,0.0032047156526387485,0.0029976796007805903,1,0.0,0.6571825348173276,6,40,7
pp_primary_left_T6000,1.733178845836952,0.5516879611545139,220,562,-0.7997857537301611,3.552713678800501e-15,0.03449385913037976,0.04219662948804805,0.005804419615667262,0.002919972089530993,0.003540242546150731,1,0.0,0.4400655108834883,6,40,8
pp_primary_left_T6000,1.733178845836952,0.5516879611545139,220,508,-0.7929807978672712,3.3306690738754696e-15,0.03252261003673854,0.040550631129334366,0.005487972593854588,0.002795219425239413,0.0034358429797093385,1,0.000840643976125523,0.32346210249316376,6,40,9
pp_primary_left_T6000,1.733178845836952,0.5516879611545139,220,527,2.3458725190760776,1.3322676295501878e-15,0.02737099207704705,0.04029752122407021,0.0028874020206773677,0.0030523374478858088,0.0015165788860951107,1,0.0,0.46314834418795603,6,40,10
pp_primary_left_T6000,1.733178845836952,0.5516879611545139,220,463,-0.7864808796702897,0.0,0.03050905094365547,0.0397101961542981,0.004778268208995479,0.002783406164675209,0.002923292597506116,1,0.0,0.24493912812624702,6,40,11
pp_primary_left_T6000,1.733178845836952,0.5516879611545139,220,555,2.330785320020422,2.6645352591003757e-15,0.034486577349651694,0.039693435067807224,0.006262865782765706,0.0029868364795063614,0.0039008057493429733,1,0.001861643003640817,0.556172462762018,6,40,12
pp_primary_left_T6000,1.733178845836952,0.5516879611545139,220,434,2.352497655653953,9.325873406851315e-15,0.024996366993364546,0.03832333333224208,0.0022270445937314395,0.0030625259480175993,0.0010769646186596096,1,0.0,0.35615012334825147,6,40,13
pp_primary_left_T6000,1.733178845836952,0.5516879611545139,220,550,2.3392463164806165,3.1086244689504383e-15,0.025734759634421227,0.03776197823776558,0.002810372263718376,0.0027898551042374684,0.0016351182227503337,1,0.0,0.4178058445512537,6,40,14
pp_primary_left_T6000,1.733178845836952,0.5516879611545139,220,457,-0.7802933765694281,4.6629367034256575e-15,0.026814472509217653,0.037513614553010416,0.00328528878711634,0.00301463895308683,0.001770063298945291,1,0.0,0.20997709137372175,6,40,15
pp_primary_left_T6000,1.733178845836952,0.5516879611545139,220,618,2.323853744331402,8.881784197001252e-16,0.028668178255707517,0.03736244895583379,0.004031261039390518,0.0029404332100335224,0.0023896566722274894,1,0.005633973754705549,0.5856834782469176,6,40,16
pp_primary_left_T6000,1.733178845836952,0.5516879611545139,300,0,-2.94231112316166,4.107825191113079e-15,0.991885007376209,0.9977972202204555,0.23064401525459577,0.21988076153688454,0.03072374208960271,1,1.1340259391232406,0.16527764749023538,6,40,1
pp_primary_left_T6000,1.733178845836952,0.5516879611545139,300,1,0.1992815304281321,3.9968028886505635e-15,0.991885007376209,0.9977972202204554,0.23064401525459663,0.21988076153688446,0.03072374208960278,1,1.134025937330565,0.16527764915659846,6,40,2
pp_primary_left_T6000,1.733178845836952,0.5516879611545139,300,452,-0.7327665178859115,1.0880185641326534e-14,0.3752726107808992,0.5041817204803699,0.017704937978021962,0.046827506464909574,0.016243678434714234,1,0.11814643288432998,0.02190502440595617,6,40,3
pp_primary_left_T6000,1.733178845836952,0.5516879611545139,300,276,2.408826135703884,4.6629367034256575e-15,0.37527261078089713,0.5041817204803671,0.017704937978027104,0.04682750646489447,0.016243678434719407,1,0.11814643288435205,0.021905024405968764,6,40,4
pp_primary_left_T6000,1.733178845836952,0.5516879611545139,300,511,-2.4076888386586703,1.3322676295501878e-15,0.3337636772564269,0.46139378814291243,0.09700262713223361,0.034601413592076614,0.043640115786631184,1,0.08947633458121587,0.010284492922594122,6,40,5
pp_primary_left_T6000,1.733178845836952,0.5516879611545139,300,512,0.7339038149311089,3.774758283725532e-15,0.333763677225084,0.46139378809959225,0.09700262712313197,0.034601413585639736,0.04364011578253203,1,0.08947633457770647,0.010284492919336523,6,40,6
pp_primary_left_T6000,1.733178845836952,0.5516879611545139,300,759,-0.8008878844625072,7.105427357601002e-15,0.025540998918200615,0.03263708706442106,0.003845256497483118,0.002304490521692208,0.00220075092245524,1,0.0,0.560577521310411,6,40,7
pp_primary_left_T6000,1.733178845836952,0.5516879611545139,300,797,2.332589143068576,1.1435297153639112e-14,0.026392041973490255,0.03168814751687524,0.004368984610907636,0.0022838096543555605,0.002594610853905748,1,0.0,0.6145388051850115,6,40,8
pp_primary_left_T6000,1.733178845836952,0.5516879611545139,300,724,-0.7958475090803144,1.0658141036401503e-14,0.02483308742606105,0.031362218255209025,0.003970345912643933,0.00214753153033395,0.0023713191248365684,1,0.0,0.4048181676525156,6,40,9
pp_primary_left_T6000,1.733178845836952,0.5516879611545139,300,721,-0.7909339529273044,8.881784197001252e-16,0.02364840329773768,0.03046225444748439,0.003707707431392911,0.002097887977279888,0.00222489803094266,1,0.0,0.33149728253381344,6,40,10
pp_primary_left_T6000,1.733178845836952,0.5516879611545139,300,766,-0.8058938816552824,3.1086244689504383e-15,0.0222855082615931,0.03043123347281206,0.0028445401276599547,0.0022474739354725127,0.0016019900712575508,1,0.0,0.5813251398335065,6,40,11
pp_primary_left_T6000,1.733178845836952,0.5516879611545139,300,653,-0.7861841769063577,4.440892098500626e-16,0.02206495636836104,0.029673830110754924,0.0031174185254280343,0.002152750633695508,0.0017842881317231857,1,0.0,0.2746313033833569,6,40,12
pp_primary_left_T6000,1.733178845836952,0.5516879611545139,300,828,2.3213192088998102,3.774758283725532e-15,0.023844255806256126,0.02876400885574314,0.0038059623174777845,0.0022991034486153313,0.0022501011107785526,1,0.006680344600272138,0.7224037953340997,6,40,13
pp_primary_left_T6000,1.733178845836952,0.5516879611545139,300,823,-0.8171633594864636,6.661338147750939e-15,0.02249101667964583,0.028626343290761632,0.0032771019043520747,0.0022308124789089077,0.0019243364533898333,1,0.005852889713732783,0.6522264655465535,6,40,14
pp_primary_left_T6000,1.733178845836952,0.5516879611545139,300,762,2.3378470773969435,3.9968028886505635e-15,0.024048628891751318,0.02794253154016571,0.004490328194079777,0.0021018138709838503,0.002920009709341726,1,0.0,0.43696254528523576,6,40,15
pp_primary_left_T6000,1.733178845836952,0.5516879611545139,300,870,-0.8233361371812369,3.219646771412954e-15,0.023693576310483442,0.0278641868229637,0.003968857834933888,0.002304525063876262,0.002368694607937216,1,0.00402498228491736,0.7531643923359831,6,40,16
pp_primary_right_T6000,1.7740083011411747,0.5646843804253472,120,0,0.23051252498066147,2.220446049250313e-16,0.9914545742414492,0.9976452982714324,0.224696790781262,0.2212878524070039,0.033590274883446666,1,1.1247592925854766,0.19129643834699378,6,30,1
pp_primary_right_T6000,1.7740083011411747,0.5646843804253472,120,1,-2.911080128609133,8.881784197001252e-16,0.9914545742414492,0.9976452982714322,0.2246967907812621,0.22128785240700372,0.03359027488344658,1,1.1247592926025907,0.191296438349034,6,30,2
pp_primary_right_T6000,1.7740083011411747,0.5646843804253472,120,179,-0.728640472246553,1.1102230246251565e-16,0.5300353005777432,0.6752534133724436,0.03775387005824567,0.06494840018172872,0.034969805302636145,1,0.18753246612788219,0.03170182694094418,6,30,3
pp_primary_right_T6000,1.7740083011411747,0.5646843804253472,120,172,2.412952181349822,1.9984014443252818e-15,0.5300352953717429,0.67525340676906,0.03775386969349606,0.06494839891464038,0.03496980496484116,1,0.1875324614365827,0.03170182503391246,6,30,4
pp_primary_right_T6000,1.7740083011411747,0.5646843804253472,120,265,-0.7779872185024244,1.3322676295501878e-15,0.06600015526218073,0.08535827208031145,0.01087358220196456,0.00527001470566755,0.006621141349544087,1,0.0,0.44095190958338276,6,30,5
pp_primary_right_T6000,1.7740083011411747,0.5646843804253472,120,304,2.3477003192676733,1.7763568394002505e-15,0.06442903183851986,0.08299492103243904,0.009607156392339338,0.005751382915064692,0.0059366664169451895,1,0.0,0.8636614261327374,6,30,6
pp_primary_right_T6000,1.7740083011411747,0.5646843804253472,120,284,2.3595203819924624,5.10702591327572e-15,0.05437000710024846,0.07875753793393539,0.006629380638363787,0.005190086636309385,0.004125340899511734,1,0.0,0.486996736364387,6,30,7
pp_primary_right_T6000,1.7740083011411747,0.5646843804253472,120,295,-0.789055758871765,2.220446049250313e-15,0.06572636329739333,0.07632121904832402,0.012196413869477467,0.00521456289055647,0.007772507762937442,1,0.005486919787555566,0.5366912915320625,6,30,8
pp_primary_right_T6000,1.7740083011411747,0.5646843804253472,120,242,-2.381236275999848,2.886579864025407e-15,0.05009011128283827,0.07544276693202957,0.014254570476571122,0.0059583147910430645,0.005670112938156206,1,0.0040519365039734,0.2875513444227147,6,30,9
pp_primary_right_T6000,1.7740083011411747,0.5646843804253472,120,239,0.7572205283083718,3.552713678800501e-15,0.046874456251769024,0.07336546325073506,0.012728937547321817,0.005778008375383528,0.005148782642690821,1,0.0,0.33770203989239816,6,30,10
pp_primary_right_T6000,1.7740083011411747,0.5646843804253472,120,309,-0.8012108827166516,2.886579864025407e-15,0.06350810683938994,0.07022163867755506,0.012010009439111522,0.005568616703567477,0.007602299388789483,1,0.0,0.7064725542854455,6,30,11
pp_primary_right_T6000,1.7740083011411747,0.5646843804253472,120,275,2.3684424425805615,5.329070518200751e-15,0.05647114964722389,0.07010061405435371,0.010482521870832151,0.004618837066235398,0.006952318669871135,1,0.0,0.21806170501442793,6,30,12
pp_primary_right_T6000,1.7740083011411747,0.5646843804253472,120,270,0.7641173882768045,3.1086244689504383e-15,0.04562172607128845,0.06903394837190313,0.012991966967216944,0.00515621351714046,0.005297715871788675,1,0.003256701157928486,0.14003651982485768,6,30,13
pp_primary_right_T6000,1.7740083011411747,0.5646843804253472,120,346,-2.238925252266185,4.440892098500626e-15,0.040703112199569264,0.06762955286049743,0.009422758767290993,0.005048265205773248,0.003160204045566357,1,0.0,0.5103109450971758,6,30,14
pp_primary_right_T6000,1.7740083011411747,0.5646843804253472,120,325,2.335735389343532,1.1102230246251565e-15,0.05337047075616836,0.06743935021771194,0.007986550088688104,0.005277871799908225,0.005106906353495807,1,0.0,0.6147185801865886,6,30,15
pp_primary_right_T6000,1.7740083011411747,0.5646843804253472,120,303,0.9322632562833102,2.6645352591003757e-15,0.0400590919097175,0.06672167230810153,0.009089595911602535,0.0050029111099577665,0.0033882450379257487,1,0.0007165750636004107,0.48574197284380743,6,30,16
pp_primary_right_T6000,1.7740083011411747,0.5646843804253472,160,1,0.2305125249806595,4.440892098500626e-16,0.9914545742414493,0.9976452982714323,0.22469679078126192,0.22128785240700374,0.03359027488344645,1,1.1219197799840752,0.16316940753764353,6,40,1
pp_primary_right_T6000,1.7740083011411747,0.5646843804253472,160,0,-2.9110801286091323,5.88418203051333e-15,0.9914545742414493,0.9976452982714323,0.2246967907812616,0.22128785240700388,0.03359027488344638,1,1.1219197793337323,0.1631694076087073,6,40,2
pp_primary_right_T6000,1.7740083011411747,0.5646843804253472,160,234,2.4129521813465296,4.218847493575595e-15,0.5300352979766391,0.6752534100731601,0.03775386987600341,0.06494839954864931,0.03496980513386127,1,0.18776185262145464,0.026850557743378065,6,40,3
pp_primary_right_T6000,1.7740083011411747,0.5646843804253472,160,288,-0.7286404722432607,1.5543122344752192e-15,0.5300352979728165,0.6752534100683045,0.037753869875735264,0.06494839954771421,0.03496980513361311,1,0.18776185261122122,0.02685055773842783,6,40,4
pp_primary_right_T6000,1.7740083011411747,0.5646843804253472,160,332,2.3618661673194317,1.7763568394002505e-15,0.05162602733446465,0.0671149109478052,0.008324743058024175,0.004139915648981885,0.005011873565820155,1,0.0,0.5838712379021098,6,40,5
pp_primary_right_T6000,1.7740083011411747,0.5646843804253472,160,372,-0.7916514795687671,1.0436096431476471e-14,0.04634672781607485,0.061621133648679986,0.006575769601062699,0.004157338405172888,0.004089625331801156,1,0.0,0.7549011393301607,6,40,6
pp_primary_right_T6000,1.7740083011411747,0.5646843804253472,160,329,2.3534420005434757,6.661338147750939e-15,0.05127454155421183,0.0604998309090063,0.009317559754803752,0.00394297661858731,0.00587470339929217,1,0.0,0.5699210034248455,6,40,7
pp_primary_right_T6000,1.7740083011411747,0.5646843804253472,160,267,0.7541087377577235,6.5503158452884236e-15,0.038331709105767484,0.060419859409687846,0.01047781156210261,0.004465045811968431,0.004256109831479014,1,0.005081723171562263,0.4299433832361596,6,40,8
pp_primary_right_T6000,1.7740083011411747,0.5646843804253472,160,272,-2.3896053595428413,1.0436096431476471e-14,0.03713258909537974,0.059929495941227776,0.00986220903750279,0.004527955410000218,0.004039893764557899,1,0.011737808038486406,0.5079075031726369,6,40,9
pp_primary_right_T6000,1.7740083011411747,0.5646843804253472,160,334,-0.7826884908166117,3.3306690738754696e-16,0.039168769504539305,0.056954605753964216,0.004708536719305932,0.0037345256679986493,0.0030046383753078144,1,0.0,0.4419394378724983,6,40,10
pp_primary_right_T6000,1.7740083011411747,0.5646843804253472,160,367,-0.768657021529525,4.440892098500626e-15,0.041132093726762985,0.0563366044813817,0.006000811347169354,0.0038095284667698324,0.0035141305227070077,1,0.0001542316076020014,0.2770765074333103,6,40,11
pp_primary_right_T6000,1.7740083011411747,0.5646843804253472,160,395,2.3444052442829597,3.3306690738754696e-15,0.05002050915144089,0.05629443664338756,0.009322822868335376,0.004125181860446331,0.00588575624049575,1,0.0,0.6834228233317327,6,40,12
pp_primary_right_T6000,1.7740083011411747,0.5646843804253472,160,421,2.334976580643219,3.774758283725532e-15,0.04894309576800065,0.05511989399393208,0.008731346624405788,0.004401018738044703,0.005424713706379347,1,0.0,0.8835063539294402,6,40,13
pp_primary_right_T6000,1.7740083011411747,0.5646843804253472,160,265,-2.385055098879223,1.5543122344752192e-15,0.034620125203500045,0.054606363257585944,0.009505484626161045,0.003970467707342934,0.003906413757130173,1,0.0013543577060515855,0.28438668583485,6,40,14
pp_primary_right_T6000,1.7740083011411747,0.5646843804253472,160,400,-0.8006835906327701,1.3322676295501878e-15,0.0425361180374725,0.054595856586341,0.006234287038798598,0.00400282702944668,0.003965165926897278,1,0.0,0.6546234641256673,6,40,15
pp_primary_right_T6000,1.7740083011411747,0.5646843804253472,160,335,-0.7760123616438996,7.549516567451064e-15,0.04410414032816286,0.05399102997621675,0.008199852122937466,0.0035050024202293696,0.005399678980045139,1,0.0,0.2812054614061203,6,40,16
pp_primary_right_T6000,1.7740083011411747,0.5646843804253472,220,0,-2.911080128609132,5.995204332975845e-15,0.9914545742414493,0.9976452982714323,0.22469679078126148,0.22128785240700374,0.03359027488344648,1,1.121919775822057,0.16316941255722625,6,40,1
pp_primary_right_T6000,1.7740083011411747,0.5646843804253472,220,1,0.2305125249806594,8.881784197001252e-16,0.9914545742414492,0.9976452982714322,0.22469679078126145,0.22128785240700377,0.03359027488344661,1,1.1219197770685834,0.16316941107236066,6,40,2
pp_primary_right_T6000,1.7740083011411747,0.5646843804253472,220,323,2.4129521813465304,2.7755575615628914e-15,0.5300352979747468,0.6752534100707558,0.037753869875871704,0.06494839954818381,0.034969805133739575,1,0.18776185261638773,0.026850557740923313,6,40,3
pp_primary_right_T6000,1.7740083011411747,0.5646843804253472,220,358,-0.7286404722432596,5.10702591327572e-15,0.5300352979747316,0.6752534100707357,0.037753869875870844,0.0649483995481807,0.03496980513373859,1,0.18776185261629919,0.026850557740884143,6,40,4
pp_primary_right_T6000,1.7740083011411747,0.5646843804253472,220,451,2.3528753421249915,1.9095836023552692e-14,0.038791514716284434,0.05009756840901653,0.005948102135434983,0.0032747786154972737,0.0035968900915812865,1,0.0,0.9841261543334361,6,40,5
pp_primary_right_T6000,1.7740083011411747,0.5646843804253472,220,523,2.346306034184677,1.176836406102666e-14,0.03863463809288853,0.047476315763242856,0.006227615479357042,0.003255005423361641,0.003818821908833715,1,0.0,1.0064931333798057,6,40,6
pp_primary_right_T6000,1.7740083011411747,0.5646843804253472,220,529,-0.7739907544014942,7.771561172376096e-15,0.03184175318846797,0.04683115525102424,0.0037668572239291293,0.003272317093994512,0.002058560334901247,1,0.0,0.6245793482447088,6,40,7
pp_primary_right_T6000,1.7740083011411747,0.5646843804253472,220,453,2.359324506264328,8.881784197001252e-15,0.032310954841305674,0.04609756410778286,0.004107383392812417,0.0029895299126213673,0.0024902166563137394,1,0.0,0.6168188042113295,6,40,8
pp_primary_right_T6000,1.7740083011411747,0.5646843804253472,220,475,-0.7798453966152044,4.551914400963142e-15,0.03656476914127981,0.04583129465486982,0.006330044125316534,0.0027540900610826657,0.003942054985730846,1,0.0,0.4323046348514818,6,40,9
pp_primary_right_T6000,1.7740083011411747,0.5646843804253472,220,273,-2.3892791842481413,3.774758283725532e-15,0.027791182947690462,0.04457810213294316,0.007434361095192054,0.003338788994528512,0.0030361366260826866,1,0.010943075846115704,0.5112412519662233,6,40,10
pp_primary_right_T6000,1.7740083011411747,0.5646843804253472,220,436,0.7538991431975038,2.220446049250313e-15,0.027540096429004342,0.04357844846720618,0.0075152641772850085,0.00316961128493364,0.0030612948557736937,1,0.006437970835101617,0.41233728020718513,6,40,11
pp_primary_right_T6000,1.7740083011411747,0.5646843804253472,220,556,2.339637600414633,7.549516567451064e-15,0.03387460492801319,0.04180688719175518,0.005272025583459249,0.003077640516589981,0.003295966704732388,1,0.0,0.8005274024994997,6,40,12
pp_primary_right_T6000,1.7740083011411747,0.5646843804253472,220,487,2.370033088637722,4.3298697960381105e-15,0.031847262931965735,0.04129004035189019,0.005423228688422942,0.002544119202217864,0.0034235643024861533,1,0.0,0.23491101950854107,6,40,13
pp_primary_right_T6000,1.7740083011411747,0.5646843804253472,220,472,-0.785940885571474,1.1324274851176597e-14,0.03487730588816707,0.04071613510431145,0.006545608736177234,0.0027205273141298354,0.004230442825730154,1,0.0,0.4626756151022741,6,40,14
pp_primary_right_T6000,1.7740083011411747,0.5646843804253472,220,413,0.7509068663912735,4.440892098500626e-16,0.024187772017305424,0.040067599500910815,0.006241500482842497,0.0030418269892156817,0.002594126709733432,1,0.011862249490340983,0.4561309104197776,6,40,15
pp_primary_right_T6000,1.7740083011411747,0.5646843804253472,220,485,0.7621584182509415,1.7763568394002505e-15,0.026765424572603884,0.039923423123583233,0.007669626253554189,0.0033291262983616145,0.0030164823620775273,1,0.0,0.24236279963334528,6,40,16
pp_primary_right_T6000,1.7740083011411747,0.5646843804253472,300,1,0.2305125249806639,2.886579864025407e-15,0.9914545742414494,0.9976452982714326,0.22469679078126167,0.2212878524070038,0.03359027488344663,1,1.1219197808478942,0.1631694065796142,6,40,1
pp_primary_right_T6000,1.7740083011411747,0.5646843804253472,300,0,-2.911080128609133,3.552713678800501e-15,0.9914545742414491,0.9976452982714321,0.22469679078126106,0.22128785240700383,0.03359027488344661,1,1.1219197644201977,0.16316942543006027,6,40,2
pp_primary_right_T6000,1.7740083011411747,0.5646843804253472,300,476,-0.7286404722432631,1.1102230246251565e-15,0.5300352979747515,0.6752534100707609,0.037753869875871114,0.06494839954818635,0.03496980513373882,1,0.1877618526163681,0.026850557740909345,6,40,3
pp_primary_right_T6000,1.7740083011411747,0.5646843804253472,300,267,2.4129521813465296,1.7763568394002505e-15,0.5300352979747313,0.6752534100707376,0.037753869875867395,0.06494839954818564,0.03496980513373529,1,0.18776185261632924,0.02685055774089508,6,40,4
pp_primary_right_T6000,1.7740083011411747,0.5646843804253472,300,649,-0.781267278507528,2.4424906541753444e-15,0.028304190048601994,0.03626253228046265,0.0046535717261677375,0.0021877132737060543,0.0028221404957480987,1,0.0,0.589808891811093,6,40,5
pp_primary_right_T6000,1.7740083011411747,0.5646843804253472,300,718,2.3490643293663296,3.774758283725532e-15,0.026923314393266114,0.0347415258915056,0.004032080812335822,0.0023195436570572457,0.002476889448887263,1,0.0,0.9042797680485901,6,40,6
pp_primary_right_T6000,1.7740083011411747,0.5646843804253472,300,636,2.3538948862092965,6.5503158452884236e-15,0.02549564055761798,0.034608772724487064,0.003542530636384018,0.0022501824324223495,0.002170658232945935,1,0.0,0.7520208654936417,6,40,7
pp_primary_right_T6000,1.7740083011411747,0.5646843804253472,300,689,-0.7767722345266357,3.1086244689504383e-15,0.022991914602987017,0.03394624351083828,0.0026977329667178924,0.0022625201533184973,0.0015536590792461628,1,0.0,0.6022553150863936,6,40,8
pp_primary_right_T6000,1.7740083011411747,0.5646843804253472,300,604,0.7548066671346594,4.218847493575595e-15,0.020863780582399023,0.032725399135877596,0.005695593502892462,0.0024571477466005156,0.0023043698573179763,1,0.0010295517844889595,0.44468669540467964,6,40,9
pp_primary_right_T6000,1.7740083011411747,0.5646843804253472,300,650,-0.7858015457540446,4.218847493575595e-15,0.027375924270240715,0.0326764205204936,0.004957438374957544,0.0020437572879334898,0.0031315610737731162,1,0.0,0.5066134066958374,6,40,10
pp_primary_right_T6000,1.7740083011411747,0.5646843804253472,300,638,2.3665860011855893,1.2212453270876722e-15,0.025158635569550412,0.03233092328516548,0.004277460553040091,0.0019325492932929442,0.0026673337546811353,1,0.0,0.3292864152405265,6,40,11
pp_primary_right_T6000,1.7740083011411747,0.5646843804253472,300,745,2.3441891129498695,5.662137425588298e-15,0.025285475237027226,0.032161470766281786,0.003796510236089692,0.0022432223400356307,0.002369015036676571,1,0.0,0.7901963566361252,6,40,12
pp_primary_right_T6000,1.7740083011411747,0.5646843804253472,300,575,0.7474652489710171,1.1102230246251565e-14,0.01887189014383139,0.03154363141955366,0.004894760409588521,0.002460197971829288,0.0020259913904658523,1,0.0,0.6439738097187058,6,40,13
pp_primary_right_T6000,1.7740083011411747,0.5646843804253472,300,626,-2.385520753281669,6.439293542825908e-15,0.01992590629652392,0.031146706327481014,0.005502222829465283,0.00223584753477043,0.0022379292979486038,1,0.00014499893150765196,0.3371887686389478,6,40,14
pp_primary_right_T6000,1.7740083011411747,0.5646843804253472,300,600,-2.393138967434473,2.220446049250313e-16,0.01878690354522444,0.031094422089122165,0.004942601143517788,0.002378068347401126,0.002039601233639892,1,0.003170163678608619,0.5804288679101364,6,40,15
pp_primary_right_T6000,1.7740083011411747,0.5646843804253472,300,499,2.358704241578389,7.993605777301127e-15,0.02120964893771961,0.030778146098394833,0.0025618881945399367,0.0019928798762599105,0.0016318308809594453,1,0.0,0.44952662753780576,6,40,16
