label,phi,phi_over_pi,L,k_localized_modes,subspace_weight,absolute_contribution_w_loc3,absolute_contribution_w_loc5,absolute_contribution_P0,conditional_w_loc3,conditional_w_loc5,conditional_P0,weighted_tail_kappa,full_diag_w_loc3,full_diag_w_loc5,full_diag_P0
paper_max_T300,1.0471975511965976,0.3333333333333333,120,2,0.5572539336042731,0.5512255077123136,0.5564885727817384,0.20170950570832868,0.9891819051810579,0.9986265492688684,0.3619705372085721,1.1412150341942329,0.5691439227783013,0.5830695432058005,0.17610937655280834
paper_max_T300,1.0471975511965976,0.3333333333333333,120,4,0.561586993338261,0.5555055720807375,0.560806892816427,0.20276029128567022,0.989171007645007,0.99861089994767,0.36104876660407537,1.1403285358160782,0.5691439227783013,0.5830695432058005,0.17610937655280834
paper_max_T300,1.0471975511965976,0.3333333333333333,120,8,0.5803291077930012,0.5564050489927354,0.5620078718601098,0.20294273571536012,0.958775014937215,0.9684295761028302,0.34970283756255804,1.1035130317832191,0.5691439227783013,0.5830695432058005,0.17610937655280834
paper_max_T300,1.0471975511965976,0.3333333333333333,120,16,0.6168198696108351,0.5581291228399149,0.5643186042187363,0.2032768804200608,0.9048494549827821,0.9148839588691865,0.3295563104157338,1.0382321921011144,0.5691439227783013,0.5830695432058005,0.17610937655280834
paper_max_T300,1.0471975511965976,0.3333333333333333,160,2,0.5572539336042729,0.5512255077123134,0.5564885727817381,0.20170950570832846,0.9891819051810579,0.9986265492688684,0.3619705372085718,1.139691950661179,0.5652340847072822,0.5773486871197572,0.17559346571726064
paper_max_T300,1.0471975511965976,0.3333333333333333,160,4,0.561586993338261,0.5555055720807374,0.5608068928164269,0.20276029128567002,0.9891710076450068,0.9986108999476699,0.36104876660407503,1.138796431533181,0.5652340847072822,0.5773486871197572,0.17559346571726064
paper_max_T300,1.0471975511965976,0.3333333333333333,160,8,0.5674028638015042,0.5556917263946698,0.5610718128618242,0.20279756545797262,0.9793601016949902,0.9888420532507308,0.35741371500887903,1.1271283324681327,0.5652340847072822,0.5773486871197572,0.17559346571726064
paper_max_T300,1.0471975511965976,0.3333333333333333,160,16,0.5835531618289412,0.5562134380557753,0.561800713122608,0.20290623759172194,0.9531495576384519,0.9627241352987312,0.3477082309960999,1.0959387990409943,0.5652340847072822,0.5773486871197572,0.17559346571726064
paper_max_T300,1.0471975511965976,0.3333333333333333,220,2,0.5572539336042707,0.5512255077123112,0.5564885727817358,0.20170950570832685,0.9891819051810579,0.9986265492688682,0.36197053720857036,1.1396919463127009,0.562263635101851,0.572883626289357,0.17523842727894687
paper_max_T300,1.0471975511965976,0.3333333333333333,220,4,0.5615869933382588,0.5555055720807351,0.5608068928164246,0.20276029128566841,0.9891710076450068,0.9986108999476697,0.3610487666040736,1.138796427219874,0.562263635101851,0.572883626289357,0.17523842727894687
paper_max_T300,1.0471975511965976,0.3333333333333333,220,8,0.5718163681184443,0.5557755931440795,0.5611677198632908,0.20281594771920808,0.9719476813384221,0.9813775036027865,0.3546872020935179,1.118424400670472,0.562263635101851,0.572883626289357,0.17523842727894687
paper_max_T300,1.0471975511965976,0.3333333333333333,220,16,0.5920825901165234,0.5563062838525565,0.5618783479545827,0.2029229584530208,0.9395754800746193,0.9489864375914238,0.3427274536362993,1.0801483931238116,0.562263635101851,0.572883626289357,0.17523842727894687
paper_max_T300,1.0471975511965976,0.3333333333333333,300,2,0.5572539336042714,0.5512255077123118,0.5564885727817366,0.2017095057083273,0.9891819051810576,0.9986265492688682,0.36197053720857064,1.1396919384959683,0.5600768790647607,0.5696314092136526,0.1749653604578215
paper_max_T300,1.0471975511965976,0.3333333333333333,300,4,0.5615869933382593,0.5555055720807358,0.5608068928164254,0.20276029128566886,0.989171007645007,0.99861089994767,0.361048766604074,1.1387964194703304,0.5600768790647607,0.5696314092136526,0.1749653604578215
paper_max_T300,1.0471975511965976,0.3333333333333333,300,8,0.569508828918703,0.5556604251211698,0.5610133509670259,0.20279067324792868,0.9756836012115448,0.9850827985093628,0.3560799463512389,1.1229580976964413,0.5600768790647607,0.5696314092136526,0.1749653604578215
paper_max_T300,1.0471975511965976,0.3333333333333333,300,16,0.5851844764400534,0.5559652666991399,0.5614202487510164,0.20284950705789967,0.9500683785758169,0.959390194638098,0.3466419825281877,1.0928778698575825,0.5600768790647607,0.5696314092136526,0.1749653604578215
refined_max_T6000,0.9285151620609833,0.29555555555555557,120,2,0.5850609160861313,0.5793692076977224,0.5843509525029971,0.21411683154998284,0.990271596970646,0.9987865133978122,0.36597356901287365,1.1648411930405247,0.5940450376585046,0.607149271264575,0.18899851756062694
refined_max_T6000,0.9285151620609833,0.29555555555555557,120,4,0.5866336794869245,0.5809132163098014,0.5859151847176423,0.2144605997486117,0.9902486621938819,0.9987752241400278,0.36557839627649924,1.1642143211875,0.5940450376585046,0.607149271264575,0.18899851756062694
refined_max_T6000,0.9285151620609833,0.29555555555555557,120,8,0.6041902215457307,0.581781713576994,0.5870643270919655,0.21463281297150205,0.9629115017594827,0.9716547970439656,0.35524046122824693,1.1303850685524028,0.5940450376585046,0.607149271264575,0.18899851756062694
refined_max_T6000,0.9285151620609833,0.29555555555555557,120,16,0.637700377397322,0.5834158771849115,0.5892345586016194,0.21496208354594845,0.9148745992060339,0.9239990746226174,0.3370894720547035,1.0709961246041049,0.5940450376585046,0.607149271264575,0.18899851756062694
refined_max_T6000,0.9285151620609833,0.29555555555555557,160,2,0.58506091608613,0.579369207697721,0.5843509525029957,0.21411683154998196,0.990271596970646,0.9987865133978122,0.3659735690128729,1.1633567367587114,0.5902835122915757,0.6016849214462099,0.1884898297609994
refined_max_T6000,0.9285151620609833,0.29555555555555557,160,4,0.5866336794869231,0.5809132163098003,0.5859151847176409,0.21446059974861087,0.9902486621938822,0.9987752241400278,0.36557839627649863,1.1627272976550256,0.5902835122915757,0.6016849214462099,0.1884898297609994
refined_max_T6000,0.9285151620609833,0.29555555555555557,160,8,0.5910254450320189,0.5810440273570839,0.5861087420514967,0.21448030293021492,0.983111695513559,0.9916810637818547,0.36289520989844254,1.1540891178874966,0.5902835122915757,0.6016849214462099,0.1884898297609994
refined_max_T6000,0.9285151620609833,0.29555555555555557,160,16,0.6137968719276116,0.5817697035693132,0.5871094275961339,0.2145896167242996,0.9478212258434653,0.95652072281231,0.3496101504238479,1.111280110116656,0.5902835122915757,0.6016849214462099,0.1884898297609994
refined_max_T6000,0.9285151620609833,0.29555555555555557,220,2,0.5850609160861302,0.5793692076977214,0.5843509525029961,0.2141168315499824,0.9902715969706462,0.9987865133978124,0.3659735690128736,1.1633567336597737,0.5874375149996832,0.5974355120081662,0.18815192436260728
refined_max_T6000,0.9285151620609833,0.29555555555555557,220,4,0.5866336794869234,0.5809132163098004,0.5859151847176413,0.21446059974861129,0.990248662193882,0.9987752241400281,0.3655783962764992,1.1627272945644225,0.5874375149996832,0.5974355120081662,0.18815192436260728
refined_max_T6000,0.9285151620609833,0.29555555555555557,220,8,0.5959767034866947,0.5811629677926493,0.5862472586168596,0.21450804861298275,0.9751437671852283,0.983674789949147,0.35992690210544726,1.1444995642213986,0.5874375149996832,0.5974355120081662,0.18815192436260728
refined_max_T6000,0.9285151620609833,0.29555555555555557,220,16,0.6143947597781978,0.5816538828089975,0.5869006399220478,0.21460277408644857,0.9467103577168855,0.955250074290875,0.34929134838962844,1.110192081657393,0.5874375149996832,0.5974355120081662,0.18815192436260728
refined_max_T6000,0.9285151620609833,0.29555555555555557,300,2,0.5850609160861291,0.5793692076977203,0.5843509525029951,0.21411683154998146,0.9902715969706462,0.9987865133978125,0.36597356901287265,1.16335674031481,0.585358811550429,0.5943556952389177,0.18789412821468057
refined_max_T6000,0.9285151620609833,0.29555555555555557,300,4,0.5866336794869222,0.5809132163097993,0.5859151847176403,0.21446059974861031,0.990248662193882,0.9987752241400283,0.36557839627649824,1.1627273012020298,0.585358811550429,0.5943556952389177,0.18789412821468057
refined_max_T6000,0.9285151620609833,0.29555555555555557,300,8,0.5939368677898095,0.5810611315930734,0.5861105016965793,0.21449023965488495,0.9783213723629416,0.9868228990021211,0.3611330619246753,1.1484303298101357,0.585358811550429,0.5943556952389177,0.18789412821468057
refined_max_T6000,0.9285151620609833,0.29555555555555557,300,16,0.6084975086361478,0.5813554397896638,0.5864992474997457,0.21454904488708101,0.9553949384159045,0.9638482313827254,0.35258820593688084,1.1209498729571028,0.585358811550429,0.5943556952389177,0.18789412821468057
pp_primary_mid_T6000,1.7535935734890633,0.5581861707899305,120,2,0.06429341826322986,0.06375846826412807,0.06414711792439831,0.014639231400596708,0.9916795526890233,0.997724489647874,0.22769409056244022,1.1310372766630536,0.10930465647216987,0.13314149338161696,0.02197587446317846
pp_primary_mid_T6000,1.7535935734890633,0.5581861707899305,120,4,0.11268459300399833,0.08579048617300049,0.09297497554079194,0.015905840202125935,0.7613328839902401,0.825090396674663,0.14115363758345878,0.7105070159025896,0.10930465647216987,0.13314149338161696,0.02197587446317846
pp_primary_mid_T6000,1.7535935734890633,0.5581861707899305,120,8,0.13899719138487235,0.08734406690158936,0.09504037267137173,0.01624032171564065,0.6283872791338673,0.6837575041945443,0.1168392077122801,0.5809361970227883,0.10930465647216987,0.13314149338161696,0.02197587446317846
pp_primary_mid_T6000,1.7535935734890633,0.5581861707899305,120,16,0.17646276689008544,0.0892739691057419,0.09772257885635491,0.016588434443319384,0.505908247269797,0.5537858245032734,0.0940052949167001,0.45932862293480964,0.10930465647216987,0.13314149338161696,0.02197587446317846
pp_primary_mid_T6000,1.7535935734890633,0.5581861707899305,160,2,0.06429341826322962,0.06375846826412782,0.06414711792439809,0.01463923140059665,0.991679552689023,0.9977244896478742,0.22769409056244017,1.1281771761368713,0.10289218640504898,0.12312604108064262,0.02100453981270913
pp_primary_mid_T6000,1.7535935734890633,0.5581861707899305,160,4,0.11268459300399472,0.08579048617299322,0.0929749755407824,0.015905840202125647,0.7613328839902,0.8250903966746048,0.14115363758346075,0.7089697721516094,0.10289218640504898,0.12312604108064262,0.02100453981270913
pp_primary_mid_T6000,1.7535935734890633,0.5581861707899305,160,8,0.13221819003454596,0.08666461084442367,0.09415761026608079,0.016091704492178793,0.6554666254452579,0.7121380971973621,0.12170567822758996,0.6074247696069962,0.10289218640504898,0.12312604108064262,0.02100453981270913
pp_primary_mid_T6000,1.7535935734890633,0.5581861707899305,160,16,0.1631049889069486,0.08789798591489516,0.09587824450049467,0.016333248198123675,0.5389043370404872,0.5878314645249337,0.1001394764659332,0.4941679192984654,0.10289218640504898,0.12312604108064262,0.02100453981270913
pp_primary_mid_T6000,1.7535935734890633,0.5581861707899305,220,2,0.0642934182632294,0.06375846826412762,0.06414711792439787,0.014639231400596576,0.9916795526890234,0.9977244896478742,0.2276940905624398,1.1281771925505386,0.09739788665736338,0.11462317389433752,0.020159452288286552
pp_primary_mid_T6000,1.7535935734890633,0.5581861707899305,220,4,0.11268459300399282,0.0857904861729925,0.09297497554078157,0.015905840202125474,0.7613328839902065,0.8250903966746114,0.14115363758346158,0.7089697815166053,0.09739788665736338,0.11462317389433752,0.020159452288286552
pp_primary_mid_T6000,1.7535935734890633,0.5581861707899305,220,8,0.12427761863923502,0.08618746977341321,0.09348683923341612,0.01596546484077105,0.6935075737458927,0.7522419584237342,0.12846613103456006,0.6428347449611231,0.09739788665736338,0.11462317389433752,0.020159452288286552
pp_primary_mid_T6000,1.7535935734890633,0.5581861707899305,220,16,0.14944024059278407,0.08695938238015233,0.09450563338170077,0.016123515036011688,0.5819007118511778,0.6323974921803232,0.10789272669834174,0.5346903207059862,0.09739788665736338,0.11462317389433752,0.020159452288286552
pp_primary_mid_T6000,1.7535935734890633,0.5581861707899305,300,2,0.06429341826322955,0.06375846826412776,0.064147117924398,0.014639231400596617,0.9916795526890232,0.997724489647874,0.2276940905624399,1.1281771757003467,0.09367606629479723,0.10883141462053038,0.019594622193539732
pp_primary_mid_T6000,1.7535935734890633,0.5581861707899305,300,4,0.11268459300399436,0.08579048617299341,0.09297497554078264,0.015905840202125605,0.7613328839902042,0.8250903966746096,0.14115363758346083,0.7089697719025427,0.09367606629479723,0.10883141462053038,0.019594622193539732
pp_primary_mid_T6000,1.7535935734890633,0.5581861707899305,300,8,0.12245047341469632,0.08603279977436543,0.09329446972366674,0.015951033704630153,0.7025926268410808,0.7618955412913061,0.13026518607739196,0.6529478190657565,0.09367606629479723,0.10883141462053038,0.019594622193539732
pp_primary_mid_T6000,1.7535935734890633,0.5581861707899305,300,16,0.140104752735225,0.08644920735040926,0.09385317489436751,0.016027640262408865,0.617032653515931,0.6698785948520577,0.11439754861634478,0.5715728401880483,0.09367606629479723,0.10883141462053038,0.019594622193539732
pp_primary_left_T6000,1.733178845836952,0.5516879611545139,120,2,0.06144748417920527,0.060948838298340496,0.06131212890355142,0.014172494478385228,0.9918850073762088,0.9977972202204552,0.230644015254597,1.1369056975971241,0.12398099994324308,0.15291370736946094,0.026809568299093103
pp_primary_left_T6000,1.733178845836952,0.5516879611545139,120,4,0.09393484105462845,0.07314045353362876,0.07769166039126421,0.014747681117081421,0.778629661928032,0.8270803412131404,0.15699905329594166,0.7844951837021007,0.12398099994324308,0.15291370736946094,0.026809568299093103
pp_primary_left_T6000,1.733178845836952,0.5516879611545139,120,8,0.19237478554890958,0.10294953231770126,0.11882250273287696,0.023320256953896095,0.5351508620215057,0.6176615214610202,0.12122304327646477,0.42355450510416576,0.12398099994324308,0.15291370736946094,0.026809568299093103
pp_primary_left_T6000,1.733178845836952,0.5516879611545139,120,16,0.22822220751383338,0.10480139107548544,0.1211919203237379,0.02361254203816241,0.4592076827980601,0.5310259752718939,0.10346294646515138,0.3575385315521901,0.12398099994324308,0.15291370736946094,0.026809568299093103
pp_primary_left_T6000,1.733178845836952,0.5516879611545139,160,2,0.0614474841792053,0.06094883829834054,0.06131212890355145,0.014172494478385214,0.9918850073762091,0.9977972202204552,0.23064401525459666,1.134025940271365,0.11846885884234513,0.1442246701267652,0.02601732011074412
pp_primary_left_T6000,1.733178845836952,0.5516879611545139,160,4,0.09393484104863399,0.07314045352810089,0.07769166038383853,0.01474768111682832,0.7786296619188723,0.8270803411868692,0.15699905330326613,0.7826840981561861,0.11846885884234513,0.1442246701267652,0.02601732011074412
pp_primary_left_T6000,1.733178845836952,0.5516879611545139,160,8,0.18890297064028083,0.10262382210010061,0.11841705171680064,0.023265936582144254,0.5432620871564926,0.6268670699853458,0.12316342354641155,0.4305428404835917,0.11846885884234513,0.1442246701267652,0.02601732011074412
pp_primary_left_T6000,1.733178845836952,0.5516879611545139,160,16,0.2165522196438467,0.10374751210589452,0.11984675357476555,0.0234465286865354,0.47908773355693696,0.5534311944337117,0.10827193886581633,0.37566449616471775,0.11846885884234513,0.1442246701267652,0.02601732011074412
pp_primary_left_T6000,1.733178845836952,0.5516879611545139,220,2,0.06144748417920545,0.060948838298340684,0.0613121289035516,0.014172494478385277,0.991885007376209,0.9977972202204552,0.2306440152545971,1.1340259199725469,0.11383348103403124,0.1369985084959403,0.02535221090880652
pp_primary_left_T6000,1.733178845836952,0.5516879611545139,220,4,0.09393484104863398,0.07314045352810114,0.07769166038383885,0.014747681116828375,0.7786296619188751,0.8270803411868727,0.15699905330326674,0.7826840848777187,0.11383348103403124,0.1369985084959403,0.02535221090880652
pp_primary_left_T6000,1.733178845836952,0.5516879611545139,220,8,0.18775299476476343,0.10249793071179253,0.11824337810907681,0.023250325946846596,0.5459190189760363,0.6297815822177669,0.12383464762294223,0.4331798830066629,0.11383348103403124,0.1369985084959403,0.02535221090880652
pp_primary_left_T6000,1.733178845836952,0.5516879611545139,220,16,0.2064013177899997,0.10305986587822753,0.11897344205298349,0.023334401468914818,0.4993178676460023,0.57641803515049,0.11305354887635018,0.3941565619291904,0.11383348103403124,0.1369985084959403,0.02535221090880652
pp_primary_left_T6000,1.733178845836952,0.5516879611545139,300,2,0.06144748417920549,0.06094883829834072,0.061312128903551644,0.014172494478385228,0.991885007376209,0.9977972202204554,0.23064401525459619,1.1340259382269027,0.11061520023400277,0.13195733512128563,0.024891735797113665
pp_primary_left_T6000,1.733178845836952,0.5516879611545139,300,4,0.09393484104863914,0.07314045352810383,0.07769166038384241,0.014747681116828499,0.778629661918861,0.8270803411868652,0.15699905330325944,0.782684096818787,0.11061520023400277,0.13195733512128563,0.024891735797113665
pp_primary_left_T6000,1.733178845836952,0.5516879611545139,300,8,0.18601043439416334,0.10239611102254323,0.11811626156658948,0.023233891142025766,0.550485844280982,0.6349980416490858,0.12490638612666345,0.437237952230586,0.11061520023400277,0.13195733512128563,0.024891735797113665
pp_primary_left_T6000,1.733178845836952,0.5516879611545139,300,16,0.20345607163437063,0.10280596223241596,0.11862750685792399,0.02329905752887467,0.5052980793670674,0.5830620138538238,0.11451640318085582,0.3999224457057429,0.11061520023400277,0.13195733512128563,0.024891735797113665
pp_primary_right_T6000,1.7740083011411747,0.5646843804253472,120,2,0.06718054976689325,0.06660646336644163,0.06702235961023101,0.015095253935541775,0.9914545742414491,0.9976452982714321,0.22469679078126206,1.1247592925940335,0.1255317949460073,0.15358809122720626,0.023731757974901176
pp_primary_right_T6000,1.7740083011411747,0.5646843804253472,120,4,0.13712016003437055,0.10367692553480136,0.11424931994236442,0.017735744880749235,0.756102716834736,0.8332058532729737,0.12934454624545064,0.646716682937726,0.1255317949460073,0.15358809122720626,0.023731757974901176
pp_primary_right_T6000,1.7740083011411747,0.5646843804253472,120,8,0.161575816463309,0.10523156904443219,0.11622531124754495,0.017986920064767455,0.6512829168858225,0.7193236821671123,0.11132185780321874,0.5490954285730533,0.1255317949460073,0.15358809122720626,0.023731757974901176
pp_primary_right_T6000,1.7740083011411747,0.5646843804253472,120,16,0.20390240141159324,0.10741095418676226,0.11920195206058677,0.018467655073505736,0.5267763078961718,0.5846029827768832,0.09057105235473564,0.43532198502998215,0.1255317949460073,0.15358809122720626,0.023731757974901176
pp_primary_right_T6000,1.7740083011411747,0.5646843804253472,160,2,0.06718054976689283,0.06660646336644123,0.0670223596102306,0.015095253935541661,0.9914545742414493,0.9976452982714323,0.22469679078126173,1.1219197796589038,0.11926715459537758,0.14370918481730052,0.022808717006736725
pp_primary_right_T6000,1.7740083011411747,0.5646843804253472,160,4,0.13712016003436722,0.10367692553479835,0.11424931994236069,0.017735744880748906,0.7561027168347324,0.8332058532729667,0.1293445462454514,0.6454424963093683,0.11926715459537758,0.14370918481730052,0.022808717006736725
pp_primary_right_T6000,1.7740083011411747,0.5646843804253472,160,8,0.15635247216275971,0.1045895760961751,0.11545027085950423,0.01790369249112676,0.6689345851039662,0.738397476308036,0.11450853474506871,0.5661874451637765,0.11926715459537758,0.14370918481730052,0.022808717006736725
pp_primary_right_T6000,1.7740083011411747,0.5646843804253472,160,16,0.19149286343628014,0.10610378165039072,0.11741315771676072,0.01818713567854578,0.5540873938923426,0.6131463889035756,0.09497552729737944,0.4625658488700135,0.11926715459537758,0.14370918481730052,0.022808717006736725
pp_primary_right_T6000,1.7740083011411747,0.5646843804253472,220,2,0.06718054976689308,0.06660646336644148,0.06702235961023086,0.015095253935541699,0.9914545742414493,0.9976452982714323,0.22469679078126148,1.1219197764453204,0.11412123049258882,0.13562580897328966,0.022047926186917605
pp_primary_right_T6000,1.7740083011411747,0.5646843804253472,220,4,0.13712016003437125,0.10367692553480139,0.11424931994236442,0.01773574488074922,0.7561027168347324,0.8332058532729695,0.1293445462454499,0.6454424947348987,0.11412123049258882,0.13562580897328966,0.022047926186917605
pp_primary_right_T6000,1.7740083011411747,0.5646843804253472,220,8,0.14908464902600124,0.10411000260014554,0.11482201666516856,0.017798904282223305,0.6983281194966501,0.7701800112575167,0.11938790746402785,0.5936438040351,0.11412123049258882,0.13562580897328966,0.022047926186917605
pp_primary_right_T6000,1.7740083011411747,0.5646843804253472,220,16,0.17568471839834815,0.10493453986213196,0.11594720706728687,0.017972396391684152,0.5972889436188924,0.659973207256352,0.10229914448753293,0.504237843548742,0.11412123049258882,0.13562580897328966,0.022047926186917605
pp_primary_right_T6000,1.7740083011411747,0.5646843804253472,300,2,0.06718054976689325,0.06660646336644163,0.06702235961023101,0.015095253935541727,0.9914545742414491,0.9976452982714321,0.22469679078126134,1.1219197726340457,0.1104102040678722,0.12980857259156944,0.02149155603934098
pp_primary_right_T6000,1.7740083011411747,0.5646843804253472,300,4,0.13712016003436736,0.10367692553479955,0.1142493199423621,0.017735744880748954,0.7561027168347404,0.8332058532729761,0.1293445462454516,0.6454424928676225,0.1104102040678722,0.12980857259156944,0.02149155603934098
pp_primary_right_T6000,1.7740083011411747,0.5646843804253472,300,8,0.14614350729119482,0.10391455392803763,0.11456557352899155,0.017770745912996832,0.711044615351848,0.783925168161707,0.12159791592785678,0.6055908986681459,0.1104102040678722,0.12980857259156944,0.02149155603934098
pp_primary_right_T6000,1.7740083011411747,0.5646843804253472,300,16,0.16455113981665742,0.10433112473104744,0.11515299773292591,0.017856290424559964,0.6340346523718583,0.6998006690274474,0.1085151427359021,0.5379017176594166,0.1104102040678722,0.12980857259156944,0.02149155603934098
